16,37864215
14,80031548
17,99441219
17,17736957
19,29893031
15,75469588
17,30279148
15,18265516
16,08799250
19,73784649
18,05084781
12,88641900
18,90101391
18,82114480
17,88316293
15,58094300
17,11839309
17,73823882
16,49994389
18,80790411
17,15539436
15,33587338
17,55070469
14,74006599
15,90561381
13,22632579
18,59188134
14,24752594
15,41685017
17,44817965
14,33283240
15,98334769
18,02821976
14,53883323
15,51312083
17,13186744
18,01645889
18,80472268
17,51824019
18,34386199
18,19460341
14,16177563
16,02251762
13,48366055
15,64485204
17,77850265
17,90505466
15,43271643
17,03556795
13,02747194
12,64983334
15,65862782
18,70159516
18,31682837
15,98358925
13,38640292
19,59184677
16,74579859
15,47805361
19,43472894
18,14783857
13,52225913
16,11763045
16,85298583
17,59102825
18,06903820
17,35277504
17,72900976
14,26815546
17,66320635
14,61637433
16,11569605
18,05261143
14,52472421
13,33394607
18,06654236
14,50191379
14,26772017
15,78146742
18,49496672
18,52634513
16,12606314
19,40655660
17,20581784
14,84170366
15,46684504
15,25802562
14,25955413
17,85863630
15,74442563
16,94606653
15,88401826
17,30448361
17,03446360
17,24121790
17,58199317
16,74861563
16,35851026
14,32612730
14,20819227
16,47531346
16,50601897
17,30230010
15,44544055
14,71217889
16,74842768
17,69124342
17,39951305
16,00977080
18,22851808
14,81132923
16,82632060
13,58156422
14,09022581
19,40060450
18,26022169
13,53136714
13,16226803
14,35307686
17,42376299
13,31596808
15,16834112
18,01307161
16,78363667
14,89966190
17,73782478
18,06635673
17,63238113
16,08086494
18,70072392
16,10641365
16,83200802
13,92853393
17,88715357
13,19466070
15,33984279
15,82866270
13,42482786
16,28577651
16,65909644
18,75228644
18,02566254
14,33684254
15,59469390
17,93663686
17,86761424
17,63668360
15,57766054
16,21364031
15,00918082
15,14291618
19,19183967
17,01333822
16,97159365
15,58676408
15,03482891
15,68632399
18,39149116
17,35449808
17,54656492
17,27787229
18,46154595
14,22707851
16,36169466
17,94196395
17,09799603
14,09823893
16,76604439
18,08158869
19,81562303
19,28783659
14,75147788
12,46665941
18,53463911
18,02692260
17,95244144
16,36120844
17,46432850
15,91924214
15,10006665
18,48645013
18,12277236
16,35258000
15,38781438
17,02277329
17,86855841
19,56256804
17,98688901
14,84111286
17,73354396
17,02665915
17,32369128
17,67573822
14,86825534
18,90584943
18,41654102
17,79997313
16,23154083
18,54702157
16,02273209
14,52641880
17,37491109
15,57784069
18,49210697
18,06271275
17,11267356
18,62124971
15,27069763
17,72415306
18,60030461
13,80052458
18,53648083
14,99749637
14,92251072
17,51042025
16,51646975
16,66019134
17,91086931
12,01822892
18,44282784
17,47350822
14,07178310
14,32143560
16,90040288
18,36618080
12,29457149
19,41997991
17,78044715
15,16414060
17,37216229
15,50837451
17,20848707
13,07787768
14,08909749
18,31128086
17,04930137
18,04217531
13,82274890
16,31877411
15,33976837
16,47791770
17,54725575
15,55751088
14,91802790
11,85350580
19,17758583
17,74088715
19,38227589
16,63912629
13,89446320
17,53469381
17,79165801
15,46336497
17,90268130
19,21796639
15,42405609
16,20138096
15,03082284
16,63234106
19,06184634
17,09557372
19,01253186
14,94340431
16,47340681
16,85825969
13,55337288
17,88422650
19,55528752
17,51495884
18,79246917
15,28281178
18,67609760
16,64231052
17,52218149
16,92400333
15,15622706
17,84684231
11,83223644
16,75524012
15,93963947
18,38574633
16,34471782
14,66510786
18,63592808
16,76511167
15,92967026
16,94225583
16,22430096
14,30314107
15,54457990
16,15864806
16,64607527
15,39001764
18,21613182
17,89218564
15,10259477
17,53544874
19,14557191
18,62395886
17,52887971
14,32072097
15,12818526
18,96192131
17,93524889
18,06225816
16,49347305
15,41419658
17,79848892
17,93642343
14,68117535
17,39884851
17,10699531
17,88030091
16,26423248
17,01887976
16,96493019
16,94285419
15,99064110
19,44661895
17,65355240
16,90803573
16,90755383
15,06307985
17,39083334
18,06248154
17,86844564
16,35674299
15,20029597
17,55004277
17,77634876
17,25393526
17,55698847
18,82660777
14,91527345
18,28172661
17,92754437
17,30499902
16,37048893
17,51481448
16,81497211
16,34868784
18,64701524
16,76676017
12,76227227
19,04794245
19,31336463
15,03883737
14,83730780
19,01694636
18,12794558
15,57801107
17,98717701
13,07920573
15,47144365
16,57503108
18,72072442
15,56698473
17,01608938
17,99230722
14,83758773
13,00054193
12,95756547
19,03862136
16,92612039
17,99185068
15,16085144
15,12462057
18,15181570
17,08184211
17,26102927
16,37042188
15,04470318
17,17963328
17,08182271
12,31506542
13,78795306
16,68847585
16,04632907
14,98243300
16,86310620
14,91413814
15,19666595
17,27646489
17,56320808
17,09826189
15,16465148
15,31075300
12,58435959
19,50639903
16,88150552
14,97060115
18,42269623
16,26704461
14,36438234
16,16714040
16,89124047
17,37466230
16,23818652
17,11991472
16,33533873
14,29272549
16,18678356
17,95623892
17,35337351
17,00983759
15,27529181
16,91043073
17,45951073
15,13644666
16,31683213
16,73488194
17,35384337
15,38371718
18,57224442
17,07645687
14,93980727
17,56997359
15,92721601
17,81889598
14,11330695
16,55018054
14,63226557
15,67223410
17,61836924
17,41858340
15,89417942
15,05660262
18,02230719
16,30380170
15,48117125
15,25180166
16,76911413
15,47346361
18,02510845
18,22126444
17,23626069
16,79479045
18,28543402
15,80543580
18,66984230
17,76472059
18,76418456
16,52772508
14,73244738
17,54354507
14,24584343
14,00213261
18,00654811
16,64583109
15,68863391
15,57095029
16,67887203
17,97541885
14,85232861
14,95695229
15,38712860
17,17838732
16,93458758
16,63280891
15,85872642
18,48444984
16,92960725
14,18608998
19,91360017
14,46067395
14,27478718
15,65004473
17,07011553
15,66429894
16,82192919
13,88171915
17,64525794
18,09660088
16,26201706
16,46459052
13,79728126
17,14394714
15,11591232
16,51105210
14,34390932
15,90635166
19,40336748
14,23655071
19,29093506
17,01212246
13,90561293
14,26620139
13,18141916
16,21277796
16,74000260
17,53537019
17,55945268
17,59007421
15,08106570
16,67819049
13,91195882
15,91440745
15,04451531
18,38945452
16,28795040
16,10642047
16,71302673
15,97070210
15,29071972
16,60583997
18,00920098
15,91417137
14,73758240
15,28733311
13,58247315
13,05902931
15,30196807
19,29869247
18,07733742
16,49923749
16,59870202
15,50207006
16,08559017
18,01373391
17,70826133
16,19044783
16,06936632
18,41554337
13,49143087
15,70160038
16,11952538
13,72102871
19,52718427
15,90601740
16,42435133
14,85784041
17,55473441
12,97395863
13,21830046
17,30402562
13,55985105
18,15821125
16,63801839
16,52993567
17,00042550
14,92050513
15,89107331
13,66043129
17,65325871
15,49769846
18,19055186
16,14958661
15,65261812
18,61211923
15,54010467
17,57611486
16,59162078
18,63622734
14,17970735
14,44609337
15,32827816
17,00033885
16,37000161
15,44846364
17,13698784
18,79778016
16,17583646
17,09038688
17,26462063
17,52115923
19,39687554
15,73404043
18,08148140
18,18164230
17,44688104
15,49510117
15,28252344
15,06944465
16,35164934
15,56578165
14,53133338
16,39104119
15,49116611
16,44511174
15,67818318
16,08728258
19,01661162
19,03127182
16,93743974
18,69739034
13,26880905
16,06297698
16,52743706
14,69119782
19,33357705
15,21415478
15,70034481
16,20380189
16,06007270
18,14639442
16,23616474
15,28298686
18,91446362
17,51579030
15,89447624
18,06937243
15,13703992
17,85805810
12,73741784
18,84991252
17,78329494
18,52465997
15,18105977
14,33495229
18,10706346
15,23094985
15,70986561
18,10386750
17,55506017
14,51303529
16,36491049
16,81181672
16,68346603
19,29946897
16,80355985
18,50429573
16,03422897
17,81301084
16,03137081
14,44027682
13,45754977
16,90895727
15,34163817
15,51258056
17,32192887
17,01521734
17,29539263
19,14137964
17,11307083
13,99384787
17,88914490
18,21115106
17,00613326
18,00090484
12,57499834
17,43351550
16,85095441
15,95779244
16,13358612
17,86040170
14,74539185
15,12046982
17,20733851
18,40401405
18,45115700
17,63610100
18,06925927
17,56707894
19,15851825
15,20698031
17,92331331
13,75399298
16,21115901
17,46986914
12,89094460
16,23780673
13,86339439
15,93275233
18,25528005
15,31299824
16,64106927
15,31601631
16,07505820
14,93789671
18,68053871
17,89242492
15,98842796
17,40977936
18,71949255
18,30739891
15,46390278
18,44529819
18,02525516
18,81499469
13,14067128
16,17123595
19,85373910
17,21784155
17,00389546
15,13458805
15,71971534
18,10996969
18,01588318
16,56167923
18,45187065
14,76074550
17,72483835
15,35127215
17,32788684
14,98135158
15,72683848
17,05448876
19,24946981
16,95104011
17,53427071
15,28649088
17,24451084
17,31871657
17,28248355
17,87221940
15,04165134
13,66050415
13,82132283
17,32077950
18,13878524
15,16298662
16,57834763
14,92357332
16,16399993
17,60488003
16,87686229
18,89611815
14,80213192
17,50153127
16,81045276
18,78550455
19,57948407
12,91098421
15,99370159
16,76601423
18,68919251
15,77098261
15,41260185
14,24137847
14,70295923
16,59821005
18,19387226
16,95600874
19,05813792
18,20680568
15,25319445
13,16112398
14,13427854
15,65952438
17,20055514
16,11897931
16,61444075
17,52809175
18,99748331
18,25231437
18,69846384
15,65564178
14,51445300
16,36632293
16,96207547
15,15395239
13,18391206
16,75147641
17,19248709
16,69820034
18,34844588
18,10180954
17,07945978
14,21084216
15,99391640
18,47152494
18,90115672
16,05513747
17,74040425
15,71252932
14,85559080
16,82440318
14,78550099
17,17769401
15,88788437
14,69516536
16,74163914
17,83186942
15,98248534
13,57834913
17,95640599
18,07668046
18,93153059
14,99599926
14,94951617
15,39642258
17,14955226
15,23459371
16,78466006
17,75919147
17,23360449
19,10215277
16,49747349
17,06810360
16,91673735
14,65066033
15,45751411
17,50110607
18,66991063
16,62686682
15,28517619
16,30098465
16,45288800
13,80029288
13,30018411
18,64206254
18,35863686
15,17316165
17,94084640
16,34005769
17,87771594
15,83764549
16,57775882
17,55865727
16,54175296
13,69657957
16,73791607
15,65007861
13,09181250
17,77144092
16,04763392
18,33477069
17,54682447
19,29594852
14,74282883
14,69458967
18,83120699
15,26204135
19,06438969
17,47278877
18,19762070
16,06892467
18,20778141
17,28196287
18,75512044
13,49795222
16,34924893
14,67905458
19,17345862
19,06704535
19,50263679
15,87747666
15,60420751
17,92080435
16,93539391
15,43483947
15,62095101
14,88032220
14,91748858
16,42815623
11,99749942
18,57262733
17,22535870
14,60580749
15,82822505
17,55878899
18,16167409
18,37506025
19,03568255
15,86400055
14,48215048
17,89554712
19,39077944
15,92800705
17,44021068
16,49148855
17,11412282
18,47278505
15,31838161
18,50856028
17,68558923
16,74502384
17,91245982
17,86554240
17,63759026
16,56147131
16,00351615
13,76821417
16,94716265
17,59912515
14,15785176
18,54395040
19,24462108
15,50762064
16,71336487
17,14006260
17,54217608
18,85223811
15,75935969
13,27387236
19,68253211
19,12418688
16,02445600
18,47590721
16,59779512
15,09510891
14,60895018
17,28392492
13,61260163
12,98199756
18,60784183
15,73104918
15,77804936
15,44008467
14,25486609
18,39265821
13,56649438
15,43650745
15,76990449
13,11843357
18,44655351
15,31232001
18,18262787
16,49549916
16,82503200
18,02465936
17,31943542
17,11688472
16,58624661
16,77352465
17,62871029
17,57497591
13,60367999
17,87351923
16,09396850
15,60154685
17,15202161
17,01332575
18,21009130
16,23103947
16,73253696
15,84236946
14,68717479
18,55213183
16,14061553
17,43532295
17,80120683
15,98191243
14,94663142
18,30582003
17,58493127
17,48844526
13,28823336
18,97085355
19,06986867
18,65933191
14,40086967
15,59577895
15,57108903
13,93200894
14,08723853
16,11035222
16,28408526
19,67537763
18,39391728
17,73330545
17,09961183
13,87650113
18,85602538
15,17630628
16,49800536
17,16510000
19,82551185
18,78958608
16,60898464
15,46914669
15,43642710
16,59676699
14,37592701
17,76186617
17,23197868
17,66688694
15,45963235
16,31049609
19,03216849
14,34475406
17,54268509
17,79046148
17,20593802
14,72980666
15,70427371
16,42301967
18,36604877
15,08288498
13,98086444
17,93973577
16,91373240
16,89072564
15,68104137
19,17587088
15,70648011
18,28900403
16,45004341
15,43479547
16,93971807
17,25475561
17,90342205
14,98241732
15,37048392
14,72245093
18,49344993
17,56286017
17,36886981
14,48859351
14,58627365
15,81685545
14,99737507
16,32403052
18,52408668
15,77109717
17,35946764
17,47251300
15,93716906
12,92397915
13,91579715
17,48391645
19,21813800
14,93143041
18,75428852
16,53734166
15,46303415
14,28671937
13,29469582
16,74677549
17,80966535
16,09801419
16,10457963
14,17916599
18,81027250
16,81091185
14,21205746
19,23662345
16,02804232
16,54979306
18,39691691
18,43165779
18,79050921
16,45205075
16,61495885
16,70926268
15,53870446
14,01286953
17,99291158
14,35477911
14,81571186
14,45492325
16,83687486
18,43483074
13,49148457
18,18574807
17,00808742
18,70014769
13,95864963
15,86814170
15,11269070
17,60484905
16,20371252
17,21116973
15,83037368
16,76921869
15,60879003
15,93242303
15,59749621
14,40157218
16,65993484
15,70474569
15,44205558
16,12195010
15,36744061
17,01404093
13,89085016
18,20233172
18,61177986
18,07443441
15,75104219
14,98131715
18,37675685
18,83456128
19,38245960
17,01858593
17,30464071
16,99801710
13,30888277
15,67408401
19,01747173
13,38126254
17,69364412
18,64109751
17,16832066
18,76045840
17,85058587
16,48000669
17,50928777
18,71876434
15,18879855
17,86107871
18,22592063
16,60405699
14,85442127
15,79054632
16,87298131
15,42950052
15,81601397
15,74310492
17,89266150
16,32605347
17,01639495
14,17632894
14,87005057
17,12914125
16,71248164
18,21185651
17,09313712
17,66098623
16,91644149
16,67205676
15,64613788
18,84538379
18,93494016
15,14830063
16,42912303
16,14964304
15,54434403
16,51480685
16,13976739
16,29279674
14,86482550
17,49617767
16,60346762
14,66271020
18,34973184
19,48876395
16,01603269
16,18450012
16,26700163
16,81913025
17,61138772
15,99192355
18,93959997
16,42780250
17,60654116
17,80472687
18,90386183
15,54538936
16,78330468
14,80027239
13,12972881
16,53490746
17,65772230
18,06267044
17,87593716
17,45081324
18,59926776
15,72679863
18,36656519
19,46051637
17,04799188
17,01418941
16,18544722
14,65308715
18,24782867
15,33287807
16,20629380
13,61314020
18,20806521
16,60688826
14,45193090
18,32043922
14,93832101
16,85674561
15,85858790
16,59794252
16,85080567
17,04861400
18,40691632
14,81227443
15,08385167
16,54431359
18,96451262
15,00781761
15,90345313
19,27129002
14,00291502
19,92948303
17,07386179
18,68544241
14,33106918
17,77278232
16,88825177
19,26205042
17,77702551
15,22491505
17,15665878
16,67029058
17,85498234
17,70656865
16,09829326
14,61253284
18,71221754
19,50876282
16,70373427
13,97103816
14,64092474
17,76595423
19,29829907
14,36435533
16,39028567
16,99762906
16,37430602
17,74016380
12,97981316
16,88167348
16,89367116
12,55182580
15,53592282
18,95936789
17,43784149
15,81455176
13,97751635
17,37464572
16,88161747
16,27233392
17,43632347
15,79864780
17,45159058
17,14136910
17,38588346
13,99698669
18,31547295
15,81957701
15,07925291
14,30684586
17,16015352
12,04375287
15,18933947
17,78750278
18,56799193
14,14317579
17,46683712
17,59301580
12,55945108
15,75251768
18,74735071
17,44586206
17,15889229
15,58470166
16,35175650
17,44686807
16,34997568
12,15030323
18,69694566
15,24165756
17,24027753
17,78668906
18,88958226
14,36850191
17,99780791
17,83439600
19,05372179
16,71962335
14,77159065
15,68043711
16,05566276
16,29559338
16,71296073
16,51405093
18,47679617
16,34506525
16,32381709
18,55364266
18,54114024
16,70935229
14,70002795
17,21855984
15,82842432
14,52481289
17,84547252
17,59301048
19,61874786
19,43790286
15,48080835
15,57686533
15,66638029
17,73295613
17,60234394
12,71465045
17,05995493
17,08624044
17,61842101
17,00316963
18,69899874
13,95830806
14,76376187
17,03818902
14,37476672
17,03198188
17,49249126
15,65834850
16,24362467
13,92575356
17,45008173
17,16272907
16,22613864
18,56055565
18,36759413
18,10102421
17,48382756
16,53271195
17,66781777
17,43192988
15,46973173
19,40097184
17,76794439
14,67783282
13,45076519
18,42278135
16,35668996
14,40414052
13,55654505
13,12879801
18,80463615
13,63004208
19,31541783
16,06119995
18,57030306
13,75560062
18,52916681
18,71770081
17,27624230
18,91141410
16,31232354
16,44744108
18,65237003
15,78359142
18,61003053
15,20856951
16,07161836
15,00581620
19,70334191
15,63399587
16,22547772
14,80730684
17,21491262
15,97559235
15,47000647
17,98621915
18,53280195
17,47707069
17,81205770
16,55144988
13,86948308
18,09959820
15,91562752
14,80151184
16,18100426
17,68514863
14,86495808
16,11674303
14,68549868
14,47690541
16,21006662
15,84410266
17,95719907
19,45757515
18,02574013
18,38291235
15,99854661
18,85860871
18,60305639
14,22481080
13,68200186
17,46967119
14,09482351
18,97402033
15,74362619
14,03635759
18,57863592
19,61351987
19,02213766
15,85159572
16,37981773
15,19109725
18,60772348
17,58894722
17,44631510
15,89681876
15,90247720
14,27865048
16,33747667
17,06804533
16,61234381
17,80351619
15,94577549
16,75540509
15,27984408
19,70720952
15,47390778
14,90224126
18,14176245
15,26989963
18,34586515
17,96538643
16,10809159
16,78068897
16,22298877
19,01570614
18,40108112
16,35118458
13,58697061
17,12778876
14,45618569
18,64256524
16,18903924
17,78919729
14,90242974
16,00579492
18,32426278
17,04121549
16,87039799
17,09232411
17,24367949
13,47032375
18,42632351
13,97469397
16,25771640
15,27440370
15,55336492
16,93560141
18,41633819
17,39056226
17,04616214
17,46543929
15,87697645
16,80888014
17,50740491
15,26387563
16,40782644
16,06715547
18,44320622
15,94889871
15,64191526
17,44735602
15,53462168
18,17550343
16,85256932
18,12297426
14,14311149
18,36409998
17,18882731
17,85661021
15,60864779
15,89969190
16,25030212
19,26298487
16,06281002
15,18256494
16,12724122
16,06329811
14,63748118
16,55582592
18,72468718
16,41385757
15,38823803
16,27020337
16,18268605
13,72176067
17,95690964
14,59182660
16,24300895
18,93539934
17,94493317
17,59687967
18,04393418
18,10592543
16,54298424
16,10798205
14,74341685
14,59683267
17,10652623
18,53987143
17,39496407
19,39996841
18,47631148
19,37153196
17,14848231
17,20093194
16,84213289
18,22022304
16,47061267
18,37523776
17,29171259
15,37059377
16,61872936
16,77566642
14,10020340
19,33512662
15,36490383
16,06732438
17,94456477
11,83862427
13,70869534
16,13587204
17,38064687
18,81731214
18,98002190
18,31416238
17,89183274
15,99878758
17,77433657
13,92327219
17,59888706
17,00540712
16,41559281
13,56965294
17,34425609
18,81324866
15,13220608
19,08179572
11,45310673
12,93685973
16,47680494
18,30093440
17,97333049
14,95265764
14,86479038
14,38941124
18,82199625
16,55551212
13,64962964
16,74695078
16,22485749
16,10758821
17,69297430
17,48814498
18,08005988
17,82061499
14,18464116
14,13669108
17,32544707
19,50794738
17,90199564
15,49754146
16,58784087
12,67260145
14,63205622
13,61507788
18,43208783
16,00743843
17,39390587
14,61202172
17,25616524
17,69541043
16,12524328
16,91105003
18,04063936
17,64281324
17,29663312
13,99769253
17,65902630
14,79698531
16,87383379
18,73385035
17,96599656
13,81817677
12,37773676
16,54978974
18,38899064
17,85246429
17,50129942
18,97864891
16,66684219
16,49258472
16,62307555
16,39271867
19,75110538
16,66997197
19,75240768
16,23016636
13,61866722
15,69290823
16,79003253
18,23335010
16,40744621
17,65810061
18,42780549
17,85742170
15,58547470
16,01322948
18,87780763
16,88621834
16,69889428
17,76819448
14,91736206
16,31425986
15,71628433
17,93603117
17,77040399
18,33501203
17,74781180
18,20618665
17,12180787
19,66384379
18,79936594
17,86423104
17,98297061
17,82329258
16,68268259
16,90550361
14,19088063
19,00743308
18,39342386
12,99595067
18,89875544
18,70039273
14,59901508
17,85854548
15,51422822
18,52833547
16,69173918
19,09421735
17,41078107
19,80492851
16,81186024
15,77075227
17,75271317
15,55702503
16,70099339
14,09626241
17,20531827
17,41983448
15,06517231
19,24031671
18,39828590
16,19934902
13,68907721
16,42216628
16,59544433
15,32370619
15,11584740
19,65696243
18,72683630
17,05868344
19,54923890
15,67151169
16,24497427
16,59706832
16,35133072
17,89557439
16,45510343
14,28908448
15,66590259
17,26274972
15,54591176
16,92792700
16,67666859
17,04557291
17,85286049
17,13003098
17,08247168
18,98638347
17,85246702
15,15325595
13,06802671
18,23449979
16,69129280
16,94809993
18,34332605
17,23436003
13,79700846
13,70702901
17,04071361
19,53190149
17,56167894
14,82061199
15,58875486
14,84927886
17,61498735
16,65610285
16,72017979
17,71955258
19,02489705
16,19484637
18,95958694
15,23931940
15,47159296
16,18453592
16,11422720
16,50659158
19,88879998
18,75661283
15,05327406
19,22596863
17,47052435
16,08287249
16,51069553
16,84549123
19,07479119
16,81423593
15,64033754
13,59303514
16,38225977
13,60779161
16,10330821
16,18268945
15,31336420
16,17602647
16,62901989
18,63646702
19,88389686
17,34841777
17,84146585
18,67811707
15,94185419
16,13945035
16,74281733
17,61479910
13,75678132
14,73565891
13,42062894
16,58664067
19,27294341
17,64225558
17,65591561
14,21637912
17,32472621
18,71361833
16,86962828
18,82892498
17,63255546
18,56114235
17,23829654
15,43827818
14,43481813
15,75399191
14,64481532
17,41890092
17,81369694
17,73028738
15,47068764
14,47263127
19,06977006
15,52927409
18,52386990
16,76442161
14,29259562
16,24696967
17,77364756
15,26629716
17,83114695
15,09875507
17,44548268
17,53126889
14,32752172
15,54050799
17,41339487
19,76058582
14,08278462
16,36556642
16,64957011
16,35737250
18,44894452
15,96365990
15,08450120
18,34515067
16,59850769
17,77533525
19,27316014
18,18336540
17,26822334
15,75644204
16,47013992
17,05937689
17,14967147
13,72629368
15,02658242
17,01835970
16,91575023
14,90593239
14,49377440
18,10251036
15,79161083
12,92815902
17,23973400
14,97251650
17,59707291
17,04666197
16,41185497
18,22654896
14,81811882
15,65550373
17,53922770
16,70190692
16,23117072
17,80201594
14,80348446
17,45593293
17,33178460
17,40937215
14,05207831
15,04626202
14,84244654
19,27877802
14,20980145
16,33369510
18,29064010
15,29875218
17,19935995
17,10881355
16,38254756
14,15970834
16,65642240
15,84558421
18,25472132
16,98749188
19,31638447
17,35270152
17,50824662
14,91822450
16,05726418
17,62652174
15,90333290
11,56520667
16,20160524
14,45963910
18,09279986
17,58106821
15,83359948
15,60528457
14,58020138
16,03795054
17,99224901
16,49071873
18,53037854
17,81924720
16,01931840
14,17771201
16,36266546
14,49053376
14,20670799
15,51501815
17,34166101
17,07248603
14,64609907
16,50825932
16,21043850
18,76121031
18,12497579
18,08215088
16,89918639
17,69639857
15,04474537
15,70912828
18,05753416
15,25425064
15,28129250
16,05345435
14,48273112
15,84866080
15,85598237
15,80147028
16,11837337
16,36797192
15,45027871
18,24112856
19,08639836
18,40666166
12,63903875
17,48193700
13,90149992
16,03149876
16,43218718
16,18712777
15,21809272
18,29375180
18,73857912
16,11500122
13,95114436
18,33252272
18,19102853
17,84253971
13,67778568
16,29174465
17,88083907
17,01258926
17,96004165
14,96952194
14,61621434
17,24441086
19,68551676
16,82241071
17,17874829
16,15157674
15,69697714
14,32345420
13,31650215
15,87228565
14,84052870
14,60485075
19,19537491
14,82662685
17,65715649
15,69605518
16,78128424
17,01676077
17,25113754
19,02013932
16,94685294
15,92685922
18,32598551
18,10975061
15,50883174
16,80482267
17,21131061
17,66241712
17,38988302
16,50827382
18,67430972
14,42275253
16,46028321
15,17199652
13,74349517
15,56752370
18,52997778
16,03363156
16,27947233
19,42933868
14,86919973
13,96504247
14,47478892
18,62827175
19,22093384
14,84118180
13,94287431
14,39136761
18,21204567
19,48202788
17,56804953
18,38940202
19,13394224
17,02623893
15,92651403
16,60630556
17,21536718
17,38613072
17,95894474
18,92242997
17,06238710
19,07579108
16,10805520
15,99502769
16,29412240
17,75825650
19,18287256
18,59428281
14,32587416
17,98940702
18,40356989
18,83979233
17,59916546
17,71411034
15,71014267
17,97887720
18,82075592
18,20646830
17,76684485
14,35097002
17,54687082
15,42647937
18,58658479
14,58570212
19,41466724
17,54195860
16,06430262
15,36037302
18,06847007
18,12290760
13,77357672
18,37264748
14,73817787
16,71843515
13,52057242
19,12122875
18,28892334
14,49134574
16,21058685
17,74078856
19,32874604
15,15061739
15,15502940
16,93056675
19,13952689
14,50297630
13,95471796
13,40345270
14,47117776
16,36947284
16,64489670
14,46765902
19,32418893
15,93859191
18,43711987
16,38030415
17,52725021
13,49390366
16,08723225
17,04471788
18,49607867
15,25921729
17,88346869
15,09427026
14,70677847
14,35211225
17,47267996
16,32931849
14,38305324
19,02009296
16,79861307
13,12039084
14,45455841
14,26840803
16,18566709
16,98338766
16,28593922
18,12154513
16,40784301
15,26927085
15,57135540
15,60598350
17,00455691
12,41510784
16,53922745
15,46074286
16,82950844
18,72045455
17,04779580
16,17808004
17,66201216
15,15034624
15,58125280
19,44663501
15,90406509
17,79148812
15,87516417
15,97802274
16,19554847
18,56246214
18,48944703
15,75961329
17,99835534
18,50049494
16,43069211
16,32764491
17,97286433
16,14184343
18,05072330
16,46531696
15,99440449
16,11054587
16,36204254
16,71956880
17,51267214
18,61510085
18,25448542
19,32090960
15,57590826
15,23116207
15,12898898
17,11937038
16,03456036
17,63662698
16,14738618
17,22991892
18,41332965
19,17987232
19,70603744
16,08144451
17,85061564
17,06297272
14,10925237
16,03511081
18,17438970
16,91716220
15,95387039
18,74802234
18,32278840
16,37368100
17,66907514
16,17812046
16,86516593
18,48456321
16,27434146
16,99726770
18,19262648
18,23497786
15,99626175
15,90137820
18,56238137
17,79119511
17,97582502
16,19735210
16,36699090
16,04972752
17,05970077
15,67963949
17,32382298
14,10999045
16,32002150
16,83567781
18,11401207
19,52043326
16,04004820
18,63792674
16,16450821
17,48179497
16,94476729
14,56779433
12,49055231
15,04155887
14,28160586
18,48133108
19,29125273
16,07482431
16,15182080
15,10819449
16,80261524
14,47161836
16,45834933
12,63252207
17,36802727
17,50883218
18,14064950
18,15715019
16,76294916
16,98215640
14,20479824
17,57974982
17,22876446
13,92457637
17,76040050
17,23544746
12,62639189
15,74578731
19,14675703
15,57994875
16,20778311
14,98550657
17,06997577
16,14040151
17,10912175
16,87598990
16,87394372
16,63454693
18,60740246
13,74689224
19,22685389
14,99550811
14,46127311
11,67892024
15,76592673
17,91652996
17,32905483
18,76970861
18,39918381
19,10036357
16,92120759
17,82971001
15,15155247
17,79373849
17,99961195
14,51753492
18,74512328
17,47615373
15,96823740
18,47423932
19,18129905
15,07401423
16,62532052
17,49220999
16,74228040
18,51694909
17,16880985
14,21933105
16,81178290
17,55313637
16,84097989
14,48665158
12,86616274
17,46621639
16,43948037
16,83010656
19,00599050
17,40994731
14,21703917
18,26224989
17,54205689
15,39830914
14,02086780
16,11922053
15,38578026
17,44399314
14,73182504
16,98341940
16,24511202
16,80253880
15,17620046
18,93324834
15,26542510
17,87671300
17,06184766
16,57569836
15,02458550
14,48580223
12,84932673
16,59717906
14,79153394
16,55115934
15,11453856
17,47187306
17,06784238
16,94522069
15,42603046
16,61943992
17,08105311
13,43292718
19,05624427
14,53291746
16,26322361
15,86338765
17,98399354
18,35327600
15,37570653
16,89887713
14,34513436
14,38404011
16,52180141
19,21387235
16,27116657
15,17080135
13,77699178
14,96227166
14,66609822
17,89957592
17,32677851
19,17138409
16,35068624
16,61793001
16,83977703
19,64904536
16,04824433
16,23838230
15,33707911
14,16277090
16,30587155
15,82063962
16,12538231
15,52064074
18,76917638
16,65305485
17,24522012
16,29563244
15,39613444
13,39474659
16,30181957
16,64590580
14,46872659
17,05304896
16,32620474
14,13345444
16,85579995
16,71849262
16,01404181
15,65449032
18,10393962
17,92297066
15,00201079
13,45503535
16,01464332
14,00738906
16,77835845
14,59885174
16,43077471
17,51646643
19,30465848
18,34118263
14,36040538
14,98177094
16,53078099
15,64440207
17,98684533
16,73088050
17,69019461
13,56803438
13,30539536
18,91693929
17,85096462
17,73706796
17,63861053
15,30296267
15,36952731
18,97996515
16,72088663
19,85983361
16,99763096
16,80096610
14,53700242
12,98350361
17,09349667
14,74167458
17,88389242
16,15874232
14,37662989
14,75414481
15,10612114
14,52882452
16,87466813
15,74355765
13,81236396
15,32309681
19,05173613
18,34806225
15,32407413
15,27982914
16,89295943
19,10779299
14,36295005
16,52972470
14,28456577
16,45098478
13,32771191
17,09649858
15,32923197
15,99152397
17,07759694
14,09664796
16,92768701
16,52350341
15,51467392
14,64918744
16,59676856
19,56247882
17,87513416
14,80803843
16,08504360
13,85046602
19,52677663
13,37706813
15,42830211
16,16010437
16,54497470
18,84800136
16,42844935
19,44310240
15,35005027
17,20403542
18,37667846
14,37915563
17,96828536
14,74448060
18,53432324
17,44277920
16,22220826
17,79553962
18,80158463
18,94701754
15,12915293
15,37670851
12,96313141
15,35643029
19,37398610
13,35976039
19,54109714
19,04328064
16,87230460
15,69243180
14,06352007
16,34540554
14,20721439
17,48278396
17,58596047
17,53195617
16,89712286
16,47132270
16,90715644
17,10100149
14,69998693
13,63468007
15,70891287
17,70862458
17,10030514
16,21884992
16,66289960
16,56411276
13,39377488
14,60939705
12,81237841
16,91919160
17,01248961
16,52660937
15,72888640
17,48660140
18,93984442
14,61018728
15,07261221
14,37281475
17,37490453
15,63941274
19,21981504
15,89327549
16,85702907
15,52684843
18,41796971
16,40327842
15,04053591
16,06254111
15,44098837
17,48745464
15,88279256
17,93770643
17,54483396
16,30244614
16,46657674
17,55877217
19,52567032
18,49092472
19,01381856
13,30645191
18,50516246
14,04461467
17,71383341
17,09110674
18,22463760
18,19957219
15,66023150
19,39597091
17,80963673
17,17843947
15,94171247
15,56633901
18,55302726
15,57992946
16,18914453
17,32268676
16,30726365
14,84792192
18,59171486
14,91661890
19,59313759
18,04833969
17,42377837
18,10839325
17,91578827
13,02979873
17,64457848
15,88069422
15,56379659
16,98927494
17,76827775
19,11546791
13,58359403
17,87633078
18,45469906
17,65636502
17,98121913
17,88578628
17,24795934
15,99954215
17,46019152
17,14996210
14,26986954
16,12261376
18,86969169
17,83045347
18,35558714
17,69550415
16,10371985
16,11795640
16,33711224
18,85599271
17,23330358
18,35627665
17,86222364
15,78265168
16,31488394
17,58486978
14,54932433
16,87106082
17,93206198
18,63368799
19,39658990
16,42282107
15,46497929
19,70537049
17,74194728
16,78858359
18,02856225
15,76676061
15,47874581
14,02042382
15,88154688
15,11593842
18,26989533
15,38017545
19,73800452
16,08456034
14,73318236
16,68018062
14,79127440
18,10900632
15,24372268
16,21048121
19,43362480
16,67386691
15,40432389
17,73014818
15,96341815
17,63387256
14,83985791
18,47784410
14,93189788
15,28341588
17,58007708
14,51164091
14,66554499
16,61238242
17,52454371
19,76913408
14,85136681
15,10661229
16,33599958
15,21749508
16,44948623
16,59898212
12,90086292
14,51939397
15,80120251
16,23795712
14,56393842
14,36516835
13,78893412
16,88226191
17,83851350
16,88122713
18,82825884
15,64100959
14,48956640
17,70560264
14,90761957
15,14217890
14,88470772
17,96007564
13,54188047
15,75922743
19,26152173
16,51102239
18,04835996
15,63327220
16,61331466
17,45999914
14,85206587
17,33211154
17,62877111
15,70874484
14,29160148
18,31044550
15,57256288
18,34611914
16,38147754
18,68381967
13,47441087
17,87926214
16,03991675
14,82227888
18,62511704
18,68827020
17,93375263
13,62608731
15,44584419
18,98702467
19,22406709
16,65088114
16,56901196
14,96441485
15,59123978
17,91172182
16,16456339
14,98468207
17,28499783
17,84848709
17,50990019
16,59981788
15,74809014
17,97633124
15,55182733
13,87261619
17,10102713
16,66912976
18,89271022
13,69166701
16,85999295
14,74006419
18,00419876
19,58317194
17,23183119
16,36944013
18,61119569
18,03773440
18,61168877
18,42475972
17,26448443
13,76234984
18,20572533
17,19909194
17,62163040
16,39021586
16,62921645
18,48334456
15,13638852
13,84158541
15,36426811
16,75956378
14,61309523
18,47192455
18,37878170
16,31051130
16,75206782
14,46495904
15,45933405
19,14352562
16,18479448
18,46202397
18,16253198
18,10295628
16,89520792
18,21078335
17,94566104
18,42010392
18,04274945
17,47417812
14,02409893
13,29696972
17,44388176
17,56882608
15,85279979
16,09886436
16,63222198
18,25912025
16,78385283
17,40801131
18,68204460
15,74590183
13,74787320
15,00213167
17,95829855
15,76383175
16,42132110
18,73788832
18,34213222
17,68814651
16,27854717
15,27063592
16,86717641
19,42235327
18,04001331
16,85711122
15,95758447
19,36199294
15,88183104
18,06075655
15,10534783
14,76706803
15,77575858
17,25983766
15,08942016
14,98229396
16,85308879
16,79301091
15,18023630
17,05822235
18,84620600
14,74461089
17,80356330
17,26145314
15,55166354
19,51119214
14,01962335
18,23553473
15,97620177
19,14691338
16,44571534
14,75884084
17,41389176
15,25644963
16,29304987
17,57978895
12,33401315
14,79184204
14,81372244
17,91670623
16,43268961
15,43026929
16,99988187
16,97439954
16,91590779
15,86602315
14,88949373
12,78821629
16,79547479
14,46626334
16,88152337
18,17894625
14,21095183
18,10864015
14,55151404
16,98672047
17,30309706
13,73015947
18,44500083
17,90783107
17,03358740
16,66935318
17,44160839
17,45867693
16,86432176
17,13436616
14,07684537
17,86021533
18,51291794
16,43516096
16,44762864
15,63854739
15,75859947
17,90149603
17,75467262
17,86295573
14,90728396
17,80479060
15,35623055
16,81139604
17,85536154
15,03205930
15,47375929
15,96852885
15,34338539
19,19681763
15,31776912
18,12805286
14,77117212
18,78032584
15,86261894
14,56544458
15,94965433
17,91468364
15,76179573
18,94051732
15,41518857
18,82253207
17,22637881
16,05192087
17,69692528
18,00955261
17,48692890
18,89278281
17,11645560
19,72116726
13,68478684
18,09822520
17,02619153
16,39256823
15,61811334
17,54327360
15,09622590
18,91935438
14,51013903
11,67779984
15,66213844
16,63366014
19,07722754
13,57132494
16,31456983
12,61872624
13,76933164
18,97827730
18,75529631
18,96769619
18,71366728
18,93121733
17,85545132
16,04664954
17,33672975
13,14339879
14,93986172
16,48945137
18,98406774
17,51119321
17,82192188
19,07393290
13,79395581
15,28719488
14,19349036
17,78591443
15,68212395
17,63527220
16,12199244
17,22494744
18,04790590
18,10405289
15,94715757
13,62541451
16,87959442
16,21355129
15,81425266
15,72733297
16,84460384
16,67349032
17,60725792
15,43318175
14,73944741
18,63679787
16,27299307
19,48230336
16,33546613
17,43277808
13,72535220
19,60868319
16,94056236
14,00163423
14,35079866
15,65484488
16,73671438
13,15469811
17,14326011
16,64446523
17,15053546
14,31076330
19,22429868
17,87142758
14,26771453
15,83995325
13,73629900
18,56125000
18,77500653
15,91053874
18,85677694
17,90471294
12,05486779
17,79587036
18,79111781
17,73039899
18,27956480
12,68014076
16,44497548
17,42281098
19,33953054
16,85968217
15,39442865
15,65157833
16,96452601
16,83349569
15,73002360
15,73724723
14,73625125
15,17024095
18,35863434
16,98925228
16,43953757
14,83194448
14,37886130
16,04411428
16,92313856
15,82528743
18,15565981
15,82444755
17,46881033
17,37178415
16,40915411
13,54669033
16,96151687
19,36854779
16,57034224
17,50067310
17,73191628
17,35466281
19,02573003
17,29562280
17,17955835
14,68756193
15,28959651
17,14156033
18,75440658
17,76788841
15,80557587
15,77069479
15,77079942
18,00758277
14,07374538
18,56366968
15,58631403
18,78602028
19,13305174
18,80696112
19,21769868
15,50497010
17,18167079
18,86836898
14,11133628
15,72661429
16,84018424
16,26704329
15,90995248
16,57889725
17,43727841
18,06192901
12,20301714
12,97325314
17,84397637
17,11779234
14,36333900
14,13056390
18,21676903
14,79922967
16,97962111
17,81536483
15,96497651
14,84274962
16,75317396
15,02008884
13,15740076
15,49067277
17,36487002
18,70114938
15,93826757
13,41983004
18,72919558
15,55833532
18,09978901
16,20347897
14,11281067
14,79360937
19,78173142
18,27019014
14,00104962
15,74862607
17,24611604
15,87070618
15,07571478
17,18747511
14,43038947
15,97842026
16,34230893
17,15535449
14,16690039
18,15313955
19,02160605
14,65338216
18,01623940
14,50517020
19,43921438
17,06128808
17,60754621
17,19546747
15,54170784
16,81560888
14,03577743
18,26839487
14,56270351
18,49687023
16,45315461
16,80545627
18,75890242
18,65122212
14,65976261
14,74014926
15,10722043
17,43840934
16,75946249
16,30930818
16,90573854
15,70841880
14,57656731
17,72350853
16,11613137
17,32767383
18,91548275
19,16481444
19,84019450
15,45783061
16,38281867
16,02000551
16,70499976
15,33192710
16,39503263
17,25018840
19,25417984
15,22700054
17,95224829
16,19500235
15,15745126
15,47151986
15,93305480
17,84680928
17,26140920
14,26250226
14,61530863
14,62409745
17,20440616
18,36782640
15,76341674
17,34636168
18,53400741
14,47190400
14,88087979
18,58567558
19,27193534
17,48761157
17,42959730
15,33204244
16,04625725
16,40272798
18,19704007
15,58969668
12,32212191
16,26082773
15,48098150
17,09466883
14,02598900
16,29144925
16,78699292
17,06174696
16,26171359
17,62125493
12,35555332
14,95524318
14,35732111
14,47997683
16,49279820
17,01674230
16,94926633
17,14170072
15,83858950
17,29371488
18,88449287
17,88865564
16,97608329
17,13786436
12,97704143
16,26219458
16,46406714
15,54214326
17,79554152
18,14532683
18,63069630
15,17731517
18,36946718
15,19465644
16,39211479
16,99545876
18,13308247
16,45264934
16,53224649
18,70504175
18,50853883
17,72551921
16,22202081
17,11624699
18,00236691
14,42905265
18,79070095
16,31350521
14,80484433
16,84752826
15,26484844
15,21117700
17,85052817
15,19616503
17,38538200
18,27767915
17,05392923
16,08731239
18,15964449
14,19365187
17,01292492
15,88780238
16,13455172
16,87772596
15,67385154
17,21560899
18,33950325
15,28491812
19,37824294
14,10747949
17,86159294
17,49948844
14,97921825
18,11039315
16,24750845
17,64947759
18,92721619
17,34097811
18,17700339
18,97232489
15,19146648
15,32372926
17,89742318
18,55810939
17,78913798
15,46307257
17,35496442
17,30351353
15,98794820
17,69300923
16,38193283
16,03751080
18,22230626
15,24377650
17,61592645
15,25583511
17,68199785
15,76619084
14,21181115
18,94582568
18,32802016
15,42085088
15,42527163
17,46840038
17,47879782
16,30316222
12,53545341
15,61520474
16,35819294
17,43044767
16,53768698
15,99795494
15,29028605
15,95789625
18,46690564
16,60730726
16,41016065
17,49903578
17,10892717
15,90587251
14,16454408
19,61900189
17,49549233
17,05340065
14,37988215
15,18546314
14,56203166
15,92523278
19,07352513
17,78978983
14,69362542
15,79028104
17,21484813
18,05909139
19,40460648
17,71440334
18,83068655
14,76924524
19,08427678
14,90569528
15,44410049
14,63306218
18,26366310
16,06011713
17,59024323
18,51382957
17,65442398
16,11158134
17,69270773
18,12370459
17,19999818
17,96638327
17,03718756
17,91564529
15,76104712
14,83014178
16,91915099
14,15037947
19,04723759
16,33220126
16,09253433
17,09508248
14,89576418
15,42051554
16,57427506
16,13375567
14,36247031
14,72226225
18,95847265
14,50310478
17,33944893
13,58429890
15,95764317
16,80615735
16,66310744
17,94684284
18,36776808
14,85755699
13,34808287
17,60111247
14,35147481
17,78068852
16,70297777
18,32644232
18,56812127
18,40247653
17,58185927
17,03144900
14,58339252
15,75642663
15,34347135
18,05496762
16,63413777
17,43860981
18,60160485
15,64361004
17,89247627
16,87287195
16,86711788
14,67980304
17,88805296
16,27055644
14,26360524
18,81119035
15,77380547
16,10283023
18,73990814
16,47930424
14,59985255
14,44150568
15,75930960
15,78615242
14,92292874
14,47210305
15,65613669
16,26531455
19,38810875
14,04655037
16,91211294
15,91244480
16,27875087
17,21296578
17,93808540
16,37961280
13,50815992
16,83355528
17,22450761
15,63257224
15,57810061
18,95408941
18,75436913
18,73354925
13,63304784
17,20039699
19,33895779
16,14803228
16,12300986
16,90359069
16,81345899
17,57259685
13,66389919
18,82369142
18,39822048
18,80113661
16,85267061
16,92577091
17,16155708
17,47078700
17,17233692
17,94899438
18,35664496
17,36596143
15,33923525
18,55401170
18,00274369
14,50408240
15,12426856
14,36031822
16,02654789
17,81198607
16,06496294
17,63405141
18,59596897
13,95517932
16,04976962
17,83730498
13,64509216
13,67952773
18,36592672
16,89826764
19,14422446
14,57246906
15,40833435
18,91851318
16,48800482
16,57274208
13,86928553
17,86366969
19,23749577
17,21571816
16,99195153
16,10830829
16,17751416
16,95065915
14,37745797
17,16131803
17,16192747
16,51784959
14,68625292
16,19011547
15,63868466
16,05328991
14,38820002
14,83156683
18,26808010
16,14723141
18,12319284
18,29065607
14,94379127
13,01732570
18,49389974
17,78804508
14,14290397
15,50943511
17,50054435
14,52337229
16,07450073
17,38875960
18,12746544
18,49825980
16,39441578
15,21889111
14,95703040
15,76498794
17,62559295
12,93960578
14,67233818
16,26857929
18,02198880
17,44288899
15,28507104
18,66040888
16,07766329
17,96536849
14,70206086
15,55502380
16,74968566
17,49926791
17,03556444
13,57004837
19,12294081
12,23082025
15,92704747
16,16476593
16,96925820
14,33217484
18,11553667
17,86216729
15,11483334
14,70809671
15,28521645
16,31430166
14,49428806
18,83072471
17,65374551
16,27579744
18,01134636
18,85064229
17,82517374
16,57469223
14,98225718
15,06243334
19,05820093
18,65460627
15,66610736
13,54908276
18,93228524
19,54829439
17,87297581
14,14771477
18,88826339
18,18869298
16,06613470
18,02951391
17,26562757
18,76238177
16,07822902
16,60275875
17,11238938
17,80468628
15,67110094
16,73902185
15,53297296
14,81557154
17,37973406
17,63331201
16,84676155
18,31726837
17,94910676
16,43277747
16,68701821
18,58850696
15,22065072
15,80528110
16,97662234
15,37307235
17,78779566
14,95658712
16,57724783
18,36148934
15,93604254
15,69654123
13,73221161
14,88422801
18,35228156
16,33980580
16,72402225
13,10156099
17,66849034
17,86134735
17,47129059
18,80143760
17,49232556
15,28701842
17,07160648
17,72599587
19,42865803
18,25376163
14,92313563
15,47403216
19,10333835
16,85738454
19,40975944
13,92227020
12,34104955
15,95301790
17,39174206
17,74762272
15,15970960
17,50947245
16,73380011
17,09699799
17,20302447
17,82325602
16,22580641
18,50088836
15,09800034
16,63882631
18,83534443
17,51473192
16,98261632
13,23489868
19,74550289
14,05153638
16,56836488
18,54246606
13,64058547
16,09884231
18,55104532
17,38702756
13,34052261
16,92145881
17,64898469
15,81800482
12,96766541
17,35894227
17,73833943
17,12156560
16,85064336
13,11932362
18,81916191
15,58254158
18,59704097
14,56764284
16,45796558
15,46811424
17,71887700
12,97900371
17,17860774
14,21963175
16,01839228
18,00147849
15,77184485
17,54818242
16,51567467
15,92390534
17,61252950
14,34113260
17,27425301
14,68179726
17,62211377
17,54955259
14,56555877
17,62214541
16,21121817
16,19890517
13,02748682
16,43015261
16,22430534
14,54369106
18,50835182
17,82167733
16,23663566
17,50468046
15,59368518
15,67007293
14,86555342
18,07899583
18,55763033
18,42599335
17,20125108
18,68546849
16,67870916
17,83209678
17,11978216
18,78191274
18,13830454
16,85448647
15,79817995
13,41379346
13,38480607
19,17384553
15,46867215
17,15247870
16,09577472
13,57053525
19,78825805
16,28508072
17,97774882
14,42876123
16,60227288
17,96088832
16,46102722
13,52476028
19,17943608
14,45877686
17,90699340
16,56953032
16,70861686
17,24144047
16,53784285
14,52165418
14,46533163
18,77684279
14,63137552
17,06577817
17,97981564
18,94360475
16,35848640
16,10894790
18,67279981
13,98030539
16,41856172
14,93934021
15,94728594
17,34745612
16,68956217
16,73348436
14,68168484
18,64807197
15,52741023
17,36138012
15,14206207
15,75180518
18,55876971
15,90954352
16,42530680
12,66738255
18,05767874
17,03292453
18,66431334
13,88758141
15,37360393
18,21886480
17,38264911
18,99509598
17,72330164
16,11129662
19,14970270
16,58405103
17,73828660
17,78845418
17,24824721
15,69471607
17,41717643
17,45051091
16,62361559
15,36242430
17,01937568
16,84761079
19,30890688
14,25671745
13,10422847
15,05873640
16,93774106
17,49064237
17,70535225
18,46177974
18,19226964
17,88411696
18,01074100
16,91304567
16,63504761
18,18741103
12,24721150
18,25770597
18,21901532
14,94560545
17,64999956
16,70617957
15,52451060
19,25539861
16,35247962
17,43943679
18,36699494
15,39583883
17,39622083
17,63298822
16,51832315
17,79908520
17,12680275
15,00784979
16,24737532
18,98133639
16,01045892
15,99399052
14,42856326
14,93700347
16,36305973
18,06198461
16,79906862
18,99575359
16,99156673
16,84603152
15,42446046
16,46253899
15,92115102
16,97379062
16,13962408
16,43624067
19,70339316
16,95397023
11,95187118
18,81120701
16,26226456
17,95533408
16,43992018
18,78855952
17,44874148
16,65222307
17,29255454
16,71177886
15,36644489
13,99039631
14,62225299
18,34554558
14,55571117
18,21641220
16,52068830
16,25801277
13,92391438
16,21225617
16,93034584
17,20166984
14,49452193
16,51636596
17,03122557
16,80475685
16,30599733
16,25396691
17,85346116
16,73722302
13,12852750
15,28408617
14,01239193
15,37065540
13,06717438
19,23337146
13,25263395
13,10528978
17,39289610
16,12321608
14,44659127
16,93576244
18,28852092
15,39014419
13,91032944
17,63146625
15,56278161
17,11726250
14,63689482
17,72843956
16,69812038
16,71190767
16,39808894
13,99443243
18,42387728
19,34112279
15,32467424
16,34595218
17,94402541
16,66206971
18,03860173
18,43446407
16,68300123
15,01807918
18,81730582
15,76409492
16,20910584
13,95183118
16,50327327
15,96738848
14,39603905
16,53148409
16,96027968
17,50960192
15,88006340
17,16717749
14,16770196
14,78122227
15,01452665
16,13109531
13,44930214
18,26831661
16,97894219
16,06572247
15,43391467
16,84347811
16,54929732
16,82614558
18,91482705
18,21170546
15,24768145
16,53879801
18,44272803
18,01241489
13,51483356
14,44203177
18,01998269
19,48075405
19,37731373
17,47185481
18,52072188
15,13501769
17,24214458
19,30920959
15,59335322
15,65259979
13,97020136
17,06442854
19,23565775
16,23900738
14,36546275
17,11264132
12,86532881
17,58953306
12,71266287
12,93471840
16,09352632
13,81157940
16,42322958
16,75541047
15,11656828
16,06992600
17,05652346
16,29398993
17,60000625
16,40916207
14,65818070
16,45397521
14,48910939
16,62360509
14,95740794
15,83553342
19,70828089
18,08462266
18,98201774
17,31839136
14,92755374
14,98940670
19,71523358
15,17551323
14,91042742
16,34776466
15,09211340
17,02132930
18,73275107
19,46337817
14,29510260
18,02247016
17,45210072
17,54249318
18,03133015
17,12821762
16,94217064
16,68005744
18,72545588
18,90376374
17,21986371
19,69373250
16,96783269
17,95453444
19,85068202
14,38293818
18,93102214
15,22120620
15,65600418
16,60400990
19,07100557
15,17511773
18,33091603
15,79789161
17,15085918
18,21534113
15,42652176
17,24322165
15,35771328
19,32355854
16,03997137
16,30747774
17,42899390
13,57215274
18,83224486
16,77544894
17,88182306
13,04409799
15,11827989
15,94329567
15,84512647
12,83456342
18,81723187
17,03862539
14,85091782
18,40471839
18,26408997
19,45130990
17,48522094
18,12726982
16,93706525
17,63583483
17,76056788
17,53609894
15,00657568
15,75536630
15,99564163
18,36253661
15,08818336
16,97295655
19,00694367
16,13935054
18,97110231
17,99389917
13,72052920
14,80457537
17,22179224
14,42991857
17,33649699
15,17263854
18,26797243
13,47472069
15,95447076
14,74153101
14,46054041
17,99735781
17,77389225
18,72136015
16,56309521
15,94048251
14,80705152
16,47273610
15,10916734
15,93270202
16,13659666
14,18598799
17,57978280
17,78029224
17,12619218
19,33638784
15,61755011
17,75946192
15,90799869
16,66804839
19,23371824
15,76353372
18,43646177
14,63560821
16,31827228
14,88047042
18,93414161
18,36785728
15,07782039
17,28622008
15,48636620
16,95986418
15,50597556
15,59014412
15,62720667
17,86375131
15,49967857
15,12266918
12,72769566
13,72809593
17,09867881
16,26023999
17,21176329
17,24608831
14,06660084
16,96447725
17,95561178
14,20789462
19,61819540
15,78188820
16,79503349
15,97167082
17,44837045
17,34339909
16,27312193
17,06613528
18,54731561
14,47186014
17,01432584
16,78797124
15,74462793
14,84578825
16,43114281
17,56090984
19,90676718
15,44992391
16,15016647
17,18407046
16,96763270
18,90721325
15,52259950
15,69577743
17,25785591
14,89182459
15,16575769
16,24208992
16,67120485
16,07047566
17,91767571
18,97100274
12,82840524
16,16783071
17,67203975
14,68728048
17,85422811
16,23520003
14,05312789
16,15046409
16,59622349
17,51065357
19,31773313
18,66686535
17,38781397
13,41987636
16,81986028
16,62430333
18,71425250
17,37269693
14,68368123
17,14668416
18,89924428
17,80138085
19,43655510
14,71369127
18,91582651
16,03447387
19,21501226
16,55544585
17,77108599
17,22772513
14,55875832
18,57372905
14,34387910
17,75564803
15,52974315
16,89969974
14,73350074
18,43993404
18,52675792
16,99341240
16,53653017
19,10269913
17,70472518
16,86850728
17,18354971
16,41793753
18,58945745
16,40880473
18,04405825
16,47683999
17,63655482
15,20644556
15,01669389
18,42120099
16,44106725
16,07085629
16,63729744
14,39509727
13,99810380
14,19770231
15,40453900
15,61196048
18,07077223
18,95998150
15,27344703
15,78820949
18,90428384
15,42592130
18,33360607
17,50082734
18,05847922
15,83961859
15,86781795
18,59272805
16,19924998
18,06890134
13,09835325
17,75098753
19,97420540
15,59636993
16,26425304
14,58338539
19,11262453
16,85997987
17,41595153
18,49370942
14,67858884
17,51499000
18,07566176
17,91983282
16,94710790
16,81838701
15,81063112
14,40399408
16,26127425
18,35181624
15,26400049
18,09673710
15,12239570
17,25153004
16,65052181
18,25646925
13,70516246
17,78332402
17,94398216
18,94950165
15,97369757
15,96885954
19,31815305
17,84148852
19,48977863
19,16440264
17,87813606
15,62981360
13,70878523
14,66348481
19,06114869
17,06861308
16,54931353
18,64358383
15,85924408
17,36734794
18,63365522
16,69915418
16,42525804
16,93353943
18,08470049
15,00721816
18,53293630
15,90740275
17,87156733
15,64997103
14,77544300
17,77785432
15,11753283
19,45335684
14,52390826
17,49820098
16,39739915
16,64359709
18,28618465
17,36969899
19,61174742
16,69863854
15,75873874
18,94669222
14,24455333
18,42076303
17,32201969
17,52371992
18,32775622
17,93514149
15,00125718
15,44022643
12,50270159
17,63698872
17,85989606
15,45219495
14,58536911
17,81226832
15,40183570
15,18653885
14,70980308
16,76581310
18,70785293
18,25801976
17,65547404
13,63766743
16,65560515
16,52442992
15,22680020
18,74166225
16,69063003
14,50981401
15,23100434
17,87220551
18,06798615
13,83231479
19,08671517
15,91020788
14,88083626
16,29452370
16,97746524
17,66314373
14,10578297
16,96004301
18,16631097
13,11658553
16,55977342
16,91514392
12,55805582
16,60073111
17,62073576
14,90092253
18,23872818
18,65221357
15,52349939
15,64887790
15,59777681
16,86732880
16,11553744
19,29981676
17,65902546
17,45248970
14,66379543
17,13246023
17,27786511
18,57642240
15,47528770
17,40785385
17,34146093
14,96109583
14,11339247
17,97625738
14,61824824
16,85188694
17,16275383
14,84361233
17,08160413
18,31403442
15,47020415
17,61015861
18,98512913
15,89297663
17,88123654
16,46863935
16,19597658
16,88282941
19,29378994
19,07187445
18,73978454
15,70069097
18,16967395
16,83415878
18,40435458
13,98683143
16,72911319
16,65592021
13,32724288
16,46097710
17,53064999
12,86404892
19,19743883
14,95496778
13,03221442
15,08494923
18,99574881
18,89378839
17,16513187
13,70344317
15,20635665
15,22271108
19,20378649
18,61971235
17,16569672
19,62743069
14,51270284
15,60315214
18,94158380
17,47557261
18,44015781
16,12222187
17,04224166
18,69163391
17,59773940
15,05108813
17,22294787
17,79112265
17,87574172
16,08036879
17,78013083
17,26457671
18,86149407
14,96725254
13,15510207
18,55559256
17,08503612
18,70824043
16,81089608
18,33326554
16,19997487
18,31149412
17,03445769
17,26982207
14,64986728
12,20418804
17,25591485
17,69903908
19,26805106
17,94745615
15,24317935
12,77426670
17,56436348
15,94809969
17,14083639
17,79022666
15,46172996
15,13892960
16,68349327
15,32888369
17,38200986
16,96133794
16,66811759
18,60948367
18,00088843
16,59955354
16,05841867
16,23478070
15,78371972
18,68891880
17,62321435
17,04622282
15,84769748
15,34564033
16,96756503
14,96522011
16,08268018
16,48410064
16,39466581
15,64110286
15,52216213
13,26531462
17,20878364
14,97894763
16,32836027
18,70820418
17,42179920
18,22166862
16,74412055
13,05706975
18,43175713
13,83424435
15,22816054
15,61266751
16,00336346
15,05921748
17,62662122
16,25102742
18,21821519
15,44594136
18,96184854
16,99445766
16,41804314
13,25028704
16,98060194
16,21008940
18,57084691
14,32105064
18,33152202
15,97626659
15,52799412
16,61016907
16,30348571
13,53964843
14,35637561
16,98583045
17,66095583
17,54971661
14,95986639
17,12651360
14,32338112
19,42527450
15,87061480
14,07856416
17,97298725
13,22897269
17,58329450
18,93691501
15,27442307
16,79983980
15,95882346
17,96784905
16,75385439
17,02394443
15,98084251
15,15376499
16,71354273
18,08298857
16,74566760
17,40401686
14,82758265
18,33239386
18,19283642
15,53179722
14,80253373
17,59227336
18,76531370
14,07753703
16,81884991
13,76583294
13,81845582
18,24932693
16,74056321
13,51691493
18,61670731
17,51518804
15,09220697
12,94603339
14,67085380
19,48760843
17,68166761
16,26429313
15,35480019
15,28789774
19,48422269
16,57231733
18,36912795
14,79548546
14,94283469
14,80767035
13,74890163
14,85777347
13,71213404
16,73425878
17,60649065
19,49162501
16,82943547
18,07062978
15,71123412
16,75874112
15,94810639
15,39093237
17,40355945
14,43942755
18,32862790
17,60352846
15,70051709
16,84880354
18,14063986
15,93946884
17,02759676
16,48373675
15,58704676
14,64561721
16,67987231
16,32732982
12,97106034
17,10928050
15,41306344
18,08547452
17,57743583
15,82994762
17,81281215
16,80217414
14,40910943
17,81880264
16,66993922
13,60790118
17,28477499
14,33483769
16,19302157
17,15441923
17,43475439
16,27441681
12,69225754
18,52900818
18,49155234
13,17076291
12,80394379
17,54996703
15,87560409
18,76254105
18,91109764
15,57205968
18,13417829
15,78342205
16,38782002
15,78084302
15,79908607
15,68222417
15,73023454
17,81184433
17,94051830
13,16143591
17,05396431
17,49921855
17,63332236
18,42362840
17,33178408
19,28802536
18,09793742
17,96503967
15,85837984
18,94499156
15,95687343
16,47066024
18,20767951
13,53534728
15,68373864
17,65182994
15,43185152
15,83363910
16,47648511
18,53428294
17,30991302
17,18561000
15,05000193
16,19833465
19,02587496
14,30199302
17,30963584
14,71513422
17,30945061
18,40127522
18,07750925
14,19896312
14,89916842
15,89046317
16,55786732
17,56812957
15,71861657
15,57562043
16,28005258
17,45998070
15,83067814
16,62329376
17,21478498
15,70984162
15,12234242
15,49533029
15,76509095
17,67821024
18,16214875
17,35693749
16,38939355
18,29621546
17,50225778
15,96892754
17,13072820
14,39645884
17,24663687
18,72693086
13,51252661
18,08294346
13,58857938
17,16654073
15,77969499
15,16660494
16,53869049
16,10267598
15,28793455
15,50789145
15,94071387
17,34605455
12,80199424
19,76631958
14,53034304
15,16797983
14,31098390
17,13414923
18,45029391
16,94613248
16,22193627
14,30785146
13,17068243
13,53847320
15,65640215
15,47447562
18,56252872
14,79176309
18,87791841
15,64872500
15,47518696
14,34748113
15,84415146
17,55699039
14,92715580
15,99669281
16,46264602
15,77984469
14,03151055
16,82143103
16,26354351
19,47590448
14,75437134
15,93098576
16,37256137
15,57371868
17,26561419
15,33333356
15,50088395
16,46495635
16,23384469
17,83827625
14,96054633
16,67032151
17,45222227
12,97326028
17,32473932
17,22327877
14,03552294
16,88787464
17,52524679
12,82830803
15,52493472
17,04539127
15,44133598
17,61415549
17,07966945
13,22562392
16,60401611
15,17608409
18,52597267
16,83660795
17,23182140
14,41304230
18,15116122
17,60161592
15,36793912
16,87992568
14,91026946
14,77274678
19,04025394
17,20361645
17,16917016
13,08120475
19,49075594
12,19869910
18,81339243
11,68660573
15,44523205
17,90019988
16,36178778
18,10914746
15,09686246
18,18315826
18,17084240
16,51830745
16,36204501
16,47816541
14,90950957
16,68233236
19,01713630
17,27201335
18,88183261
19,34917624
16,93844252
15,91295595
15,17775504
16,31331872
13,62183969
16,31932473
17,71485022
17,47184188
18,96254932
18,41324640
14,56847766
14,22372481
17,81862977
18,22943962
13,49554996
17,35299854
16,66963996
18,82342273
15,52855156
15,62728830
17,83687681
16,67317063
15,05007072
17,37780769
12,20326093
16,11392515
19,43449241
16,85948983
17,32928706
17,60344522
16,37058074
18,08745348
16,52381247
17,56357920
14,24332179
16,87216476
18,48369411
18,83516550
16,54397181
14,46331922
16,71504877
15,85070857
15,35504692
18,56263701
16,40989863
17,94215781
16,06008659
17,31295229
17,40363903
15,86924076
18,38781497
17,23932502
18,69016478
17,51548923
16,67878543
16,53721903
16,74295712
16,97945132
17,86858407
16,93091907
19,28299161
18,04867816
18,09673439
17,37324275
16,77919888
14,24156444
17,81407265
13,41271613
12,10121700
15,83062361
18,48074291
17,35046456
17,12454684
16,72364941
16,79647336
16,91040503
17,04359386
14,42664554
17,63875688
17,94871796
16,24307647
14,60191996
14,32050825
15,20530423
15,38189093
16,14224983
14,78015230
14,61453666
15,19665231
16,78771918
19,23103614
17,05722154
15,71765642
16,20263149
17,56395224
13,97261579
16,97326820
14,62475828
16,37348736
17,06016670
17,93088231
17,45609011
17,97579133
16,19312150
17,77123769
18,83920716
18,89109795
17,11835947
18,50906523
18,92088031
14,68479425
18,19836677
15,77964137
15,59701154
15,04594809
16,87516939
19,06260389
12,54013562
14,80208201
19,23600713
18,53713949
15,68951219
17,22484170
13,12558810
15,05843217
16,95914270
14,14498173
13,99865270
14,70769008
17,60213758
17,53772920
15,08850381
16,58314295
15,77094592
14,62343685
14,57683796
14,17402238
19,10939015
13,18343953
15,62291807
13,71535036
13,01475105
15,19723457
11,90210467
17,02891498
18,50137555
16,82224378
16,47575995
14,92648217
16,60567490
15,59252268
14,82390399
18,23115048
17,35178256
17,38420584
14,66328237
16,96341042
15,49262173
17,88599892
17,50073502
13,80858273
14,49680499
15,15515032
16,81181534
18,66406444
18,47416974
18,62455171
18,49662560
14,76123362
18,83225321
18,08043333
17,95562042
19,11384472
16,43642004
16,08459309
17,34118982
16,99561162
16,64316990
16,65519109
16,65989423
18,05865220
16,65424618
14,52919129
18,71770519
15,44715132
16,80787734
17,43903872
16,50996595
15,66378779
17,93600269
13,21988545
14,94676636
18,96477913
15,82629027
16,67082554
18,44585834
12,33478883
18,74429341
19,09376328
17,62527578
17,09260326
13,52560651
16,20333170
17,02064282
19,34616801
16,07832458
13,62324565
19,18292670
13,59489300
15,68240378
17,20829174
16,40516894
16,20881346
18,64097377
19,11668709
18,34200406
16,13029036
15,83591017
15,93764810
16,43789444
17,28396438
17,05007041
16,92138699
13,33497637
17,71484959
18,17006885
16,01587643
16,53024763
17,51369851
13,79233186
16,28206796
12,72253558
17,96057670
14,11880783
15,89037527
17,48886248
15,98717891
16,23320991
17,16513542
14,75126667
16,10330040
16,30696820
13,31922580
15,10683452
18,02322314
17,55763507
15,90440323
18,43337964
15,12018273
16,57322424
16,66045225
18,62203227
18,26131496
16,54103710
18,30973081
18,76579262
15,75384167
14,85954958
17,36104868
15,35880906
16,29889290
15,31155669
15,15988981
14,44125854
18,21504069
17,62575450
15,29041110
17,35597613
17,40432506
14,47984780
16,74885276
18,14281768
16,88808861
17,05447763
17,42223652
16,56458813
18,95297606
18,98411090
18,31112323
18,52121943
17,35824619
16,18385452
19,20517181
19,06601941
16,29432746
16,81442860
17,61340490
13,72200272
15,00595926
19,50489520
17,05664829
16,89287423
15,19128911
17,10441230
16,23349215
16,65961801
13,69173597
16,57720831
17,92850023
15,87112542
19,09684185
18,05959149
15,28403079
14,52286387
17,15749140
17,45759922
14,81576812
17,88917153
19,28958290
15,86980099
13,89082727
14,17361978
18,11998077
14,52221569
17,10268675
16,73664210
15,98925846
15,47452444
16,98643785
15,29689564
18,44088712
19,38134627
17,01970919
14,17354512
16,93644843
18,63657289
16,43704559
17,19115721
19,48817280
16,74188719
18,93537566
18,68884579
17,40180635
15,54794635
15,20911119
17,55171852
16,42771907
18,26702936
16,70513574
16,54886431
14,33752371
14,49468952
16,45005002
17,07703166
16,21606084
18,00077609
16,78659897
17,07350885
19,59872092
14,64868681
16,77499108
13,05962435
17,11772363
15,85761220
19,23816777
19,35960346
15,41540637
15,11947745
18,69851033
14,58053311
15,57051214
16,20988092
15,34619346
17,95836153
13,62861001
14,61044768
18,81254540
18,89570960
16,07585424
17,61925015
15,99674842
18,22283211
13,96706183
16,22851147
17,63657176
15,51714794
18,01020731
14,68718769
17,64567825
15,05036390
17,33134455
16,43308809
14,78409367
17,56002000
16,95340151
19,55572956
15,59268131
14,92087130
15,12792708
14,97844790
16,92974820
18,20457902
14,61391477
14,29901085
14,96958715
14,01835550
19,34653456
18,22124869
18,94957012
15,37243355
16,20923051
18,60321431
17,06231345
16,84644277
16,19348644
17,50512093
18,03886688
18,28358910
17,17842274
17,02205159
19,33037693
18,48103791
14,47809499
16,21101331
18,70673601
13,34628402
17,54622496
19,02194225
17,12610095
16,81622097
13,73626924
13,26786126
17,33879208
19,71344049
16,50917125
18,44615267
16,26649378
17,91702194
15,12383766
16,96836750
11,66591811
17,18060804
13,88667265
17,76815559
17,43277908
17,17907793
14,20198291
15,98002975
17,72930353
17,40743632
16,41803088
13,94483324
16,96593571
17,09320215
18,97239676
16,73260060
18,01842022
16,51484999
17,05735208
18,39498706
19,10582415
16,76873454
18,13728634
17,09311978
16,47914516
17,23219676
14,22350287
15,10590871
16,07078659
14,00485860
15,87432507
13,75076753
16,48721476
18,97397102
18,31915606
15,85508167
16,47363566
14,51327072
19,36414542
13,21404694
16,21036815
15,55558829
15,96746195
18,65165681
17,97730492
15,11122719
16,41046711
17,89303645
15,62793526
19,18076278
16,79242271
16,58713437
15,91764044
17,50581098
16,87052214
18,00913023
17,99433504
16,53731896
15,44406458
17,09562258
15,39726790
17,64975111
17,37448535
17,54970723
18,74663143
19,33465667
18,40676536
18,14247736
17,76646854
17,10884509
19,18471775
18,89280365
17,74936075
14,05135176
17,99888273
17,04032535
18,21162615
15,38591926
15,67151926
14,08475486
17,33839738
16,21478431
18,13230328
16,81504802
18,82857789
15,48619390
19,33707260
17,67393351
17,92758289
15,07175121
19,40869915
17,01209544
17,26147420
17,51207852
18,99589174
18,17726031
17,68327678
19,34266745
18,06132250
15,07273935
13,28682620
12,97929599
17,50937937
17,23179388
19,90881328
16,75622760
18,84748712
14,18560932
13,58641529
16,54359781
19,46628429
15,62422118
17,80590254
17,27032150
12,81048987
18,20736332
16,65285520
15,88483085
15,76415409
17,77522160
16,07444250
16,00644778
15,62589315
17,75064245
17,89427972
16,90116605
14,08245670
16,15095903
15,09503904
15,06298874
18,33872277
15,74203541
16,80273196
16,45627457
17,09063751
17,09079687
17,27429512
15,48926694
16,92621194
16,63037290
15,83173622
14,62531710
15,69121180
17,38533716
16,36049814
17,51974165
16,15035493
18,25354753
14,85627292
17,68043720
16,33541374
16,35351234
17,51129174
15,43143779
17,31697989
17,22572516
17,58870639
15,05678457
15,91437394
16,85536740
15,31755430
17,27122020
17,14315840
15,73415927
17,21050376
17,19610875
18,02639223
14,38789673
17,35653333
17,56429723
18,37914789
14,16356714
15,14290632
17,79847796
18,24144278
11,28126367
13,60012642
12,69152490
17,69436677
14,31713697
18,14596931
17,09344132
17,11870254
19,40743186
17,92940561
18,93322829
15,28150316
18,81387969
14,96674082
15,52398319
18,76541287
15,69528458
18,75339137
16,49055153
15,52846603
15,72513603
18,02415533
15,64814334
15,80769746
14,50339269
18,02754233
19,74382436
17,36056186
16,37341249
16,39610084
17,68768213
18,61789194
15,35985086
16,86313754
18,53211772
16,63952258
19,60785048
13,21654962
14,35396854
17,33448396
16,41293823
15,42668873
16,33019200
13,11865772
17,56822534
15,30362941
17,32397460
17,13023618
18,24269582
15,67016616
16,47202156
17,95067462
19,32383138
17,15986049
16,38290659
18,31279259
14,95318297
16,27642382
16,94780688
17,74811881
16,41221617
18,87079304
15,88581236
13,69395475
16,47074826
15,44680951
16,24642248
12,72449692
14,39914033
15,90061779
15,61633352
17,44288450
14,61258245
15,77517256
14,36675071
14,75937186
12,65373857
13,54036669
17,10751796
17,06120320
16,32902727
17,19861845
16,77965162
16,00223670
16,56004931
16,00426206
14,91129746
15,59257690
14,94310194
17,85048268
16,59902299
15,85173399
17,19086851
16,87368555
19,43796843
16,04308110
18,84863549
17,81116991
19,06747272
17,57421302
18,99701696
16,88471169
16,70208825
15,99518491
16,44332229
17,52538884
17,02055991
13,19922285
16,99153600
17,04756239
16,42970020
12,72300305
16,29558202
16,87169249
17,08244598
13,81803953
15,92915160
14,39389295
13,87071722
15,90763492
17,18093355
15,98743202
15,68458059
17,64872995
16,26501114
14,94496057
17,25611369
17,22789666
13,46216283
18,33046803
16,89771585
16,59496048
17,90581844
15,83836187
14,25120309
13,27136577
17,34797512
19,68355986
18,13117561
16,95911074
19,14399947
17,22932501
14,85425380
17,97086564
16,60001173
18,74734804
15,07252451
15,64412084
18,68728166
18,33731061
18,62528868
17,87389243
19,38369326
17,04621037
15,68509591
16,81990036
18,82063410
18,62629406
17,74849361
18,78017954
16,81702431
15,04325909
16,96742259
14,66622496
16,36077841
17,35832211
18,69493969
16,10890378
19,13643816
18,82197566
17,75470546
15,05796105
17,89002377
16,25270407
17,21842229
15,56321801
13,91022665
17,50785190
16,20829033
17,02374512
18,31414219
17,43164620
15,73068700
16,96735916
17,84757603
16,67053878
16,42528289
18,36997140
17,84566500
18,70125211
14,15525272
17,21164346
18,93372998
17,18420593
17,80585545
18,29129149
17,80669499
16,16538266
15,78643445
14,71329302
13,75762983
14,36685826
15,83236203
13,23408429
16,29217123
15,23594873
18,20961522
17,77766722
16,44717806
15,26281740
18,18807089
17,48109451
16,99728377
14,63051503
16,99931217
18,61322714
13,59510564
16,21478013
18,77997291
17,96488262
16,05893938
16,78044678
19,28048914
18,55589387
16,80571206
16,54133570
19,09112735
16,83033309
16,48834328
19,64417998
17,91712499
13,85664031
17,26100323
15,11585087
18,32959080
17,88855582
14,46280666
17,93322228
17,85453977
16,85418838
18,53048036
18,53706241
14,84514204
16,31287881
17,66986825
18,09395413
19,90019984
12,63053597
18,79573865
17,42044781
17,21551379
18,65681928
15,74779016
17,04113370
19,31235032
17,03284924
15,06381887
15,26555152
18,10103363
15,59644912
17,10152224
17,64648539
15,33235735
16,13103864
12,27494805
16,84312808
16,69672426
18,69956135
16,89726680
18,54166036
16,81736699
18,99590779
18,27846395
18,65229349
14,35514458
17,67408514
17,90010675
15,38600402
16,31332782
16,05273358
17,47728413
17,58895425
16,87422605
17,69073521
18,46658764
15,14311918
14,81723947
14,21963533
17,16456274
16,31241638
19,15062894
15,03044398
19,07731139
17,75165781
19,13575012
17,24732028
15,94539304
16,97113245
15,62111484
15,16093136
17,64553005
16,32513453
17,92315167
18,81711099
17,08279761
18,44882743
16,44804387
14,67440245
17,74249975
17,95644281
16,49425977
15,65387323
13,67772347
13,95350830
13,61867047
18,41041078
17,52305419
18,38987595
18,33786578
14,49132974
17,92096059
15,06688323
16,25422637
17,28467542
15,67712579
18,04760972
17,13077030
18,02446134
13,44626126
18,24897484
17,61967581
17,89925625
19,10799526
17,64434330
16,09938562
16,88288091
14,64843312
13,94430690
17,49593849
16,03755300
13,24834411
14,90412338
15,27187835
16,68313666
15,33238693
15,66928761
18,09448244
16,69897913
16,16821079
18,64248354
15,69326660
17,30525083
18,38288123
16,75300568
18,22715471
17,52198311
15,12839718
16,16834177
13,33127769
17,94519783
19,43512457
18,75271556
15,44414815
17,36305828
18,32139244
17,27661033
16,41868658
16,96391270
17,92672755
15,09370851
16,01559499
17,79269652
16,63241368
15,37365208
15,09811561
17,10777443
15,57189525
15,59108941
16,26754240
16,04482890
16,57860644
18,21166045
15,09809062
15,74870347
15,65913009
17,21049425
16,25435169
14,69546467
16,34733296
18,72728268
14,34851246
17,49187206
12,86110631
17,98529572
18,57981744
19,28542242
14,95657258
17,17489348
13,75239654
15,94610107
14,74907943
17,84371983
14,94213414
18,52401200
16,63656159
17,64437486
16,48028629
18,36003582
14,57022025
14,42724096
17,85390004
17,03134162
14,94185145
17,23051023
15,30897982
18,06125269
17,25969448
15,01188164
17,33043159
15,62031037
16,30400243
18,65088956
14,96762670
17,88577697
15,22322398
15,92100761
18,80283894
18,70675504
15,95330568
17,26160273
15,30740332
19,37502659
15,36782902
18,38382316
13,37508444
15,63717374
17,09163931
16,15968539
17,48914814
18,04512680
18,16269574
16,60820300
13,62327610
15,70973902
18,74999211
18,27705848
15,36479040
16,90755043
18,71172190
14,65693032
15,21383000
15,78042383
17,02001284
17,79238806
17,57296129
15,91205952
15,51272349
15,96524174
17,08728068
19,18747822
17,73668058
13,43524638
17,11993841
15,01834721
15,56492738
17,61545261
18,18455647
16,59636418
17,00658447
17,40764563
17,35095035
19,84675625
17,92263403
14,51408949
18,79569096
15,19531497
16,82821991
13,02681944
17,23299692
14,31693171
17,02586357
17,87615127
14,54735943
18,60643373
15,53931083
13,52767477
19,02388164
15,23928407
17,00378270
13,68091794
18,00463010
13,34095683
16,81086145
17,33362000
13,57799429
18,42516827
15,10713359
18,55410243
15,61066567
13,95700714
19,58548309
14,09467965
16,98219779
17,76361460
18,11177096
19,27517018
15,43570223
18,98793648
17,26993667
17,51058825
18,91575670
13,96251959
19,26265058
17,13718029
15,79063532
16,21680384
13,23224965
17,48239463
17,69657058
18,79176639
14,77073233
17,66388099
18,60359396
17,74848706
15,17629486
17,62026767
17,19732814
13,74537124
12,76216589
16,10315953
18,27554272
17,82572947
18,70058706
16,55380238
16,02104637
16,94939647
16,31724603
17,02889995
15,39329314
17,44887551
17,75087234
16,26642432
16,14874956
16,05947865
18,97004516
13,64242382
14,92204446
15,64320233
16,62206064
12,68305483
18,73468014
17,02704956
17,27904106
18,00491740
18,55412562
17,22989019
16,72764681
18,84654486
17,85619711
17,35136772
14,49224414
14,45012525
16,30434618
17,31350222
18,04360670
16,44224268
15,08887708
14,59494187
18,98204990
16,97850825
15,32034491
16,13143723
18,06039006
18,85745197
18,97214689
15,88857501
16,41223175
14,68546966
18,79341414
14,48898429
17,35897771
15,98660917
18,98194112
16,60784294
17,98305343
16,46121879
14,90316648
14,15213000
17,28995067
18,19717515
17,31277807
17,88955872
18,06634008
19,67422994
14,60595255
17,41447612
15,39725960
15,50215945
16,93965608
15,29216246
18,31313508
17,23586372
18,53506427
18,89223389
15,84329204
18,86009329
15,00241794
16,60099563
12,73602972
13,68701432
16,18131827
16,47719675
13,64252058
14,80460353
13,87067828
17,92068977
16,52975242
17,72263385
14,31302190
16,88765698
13,63076775
17,27229741
17,93819557
17,93751128
17,00791121
17,93674576
15,26164653
18,75412547
17,70075446
18,55736769
18,65495541
16,78237194
15,64554223
18,38053344
14,80722863
17,50270958
16,36391794
16,91471051
17,08283712
18,35080947
19,43411580
16,39797763
16,44994380
16,20051461
15,97084176
16,51682646
17,35266588
16,75180897
15,22276306
17,11951016
15,55896395
16,40841703
15,53234213
13,54077855
17,08455163
17,70617127
14,96137026
18,57060776
15,50000390
18,95236948
17,12135652
18,10536679
17,84500531
14,78558515
15,68024176
16,85020179
15,56619270
17,11706863
18,53258171
16,28051581
17,80636933
16,16456873
18,60199558
15,60595083
18,22537264
16,61615182
15,45099443
16,35295986
13,73539650
15,77372879
17,16772974
15,36506177
15,86308877
13,46574438
17,48856047
16,26803598
18,39877353
19,43587982
15,62676806
19,18487798
16,42878638
19,11661534
15,56929211
13,63742233
14,40310179
17,57009347
15,77952672
18,41685082
17,88869741
15,13560163
19,15209649
19,49081378
17,82496217
16,83936925
19,30938941
16,78122242
17,37826003
14,74737772
17,56255263
17,25457715
17,27419895
16,78077153
17,62289145
15,41443653
18,24572999
14,66262091
16,76957731
16,18045162
14,54888219
17,28789350
15,84891408
16,56899025
15,65312626
16,79883768
17,22914210
17,60074613
15,59424683
13,33365181
17,49133983
18,12344589
16,90436948
14,98283194
19,86633969
18,57982796
19,42149222
15,54850118
17,72646622
16,81237709
15,43443444
17,58149625
17,01807144
16,72603211
12,69102577
15,84029574
18,13617534
17,13587752
14,88049678
18,65198398
14,31303807
19,12002264
15,14369941
16,21236606
16,39296113
15,79829367
15,95552109
18,50372164
19,07265783
17,58367849
16,96320452
14,85358741
15,45650147
14,49930857
19,06786115
18,00982704
13,95940283
17,33125055
18,44851682
16,29315741
17,69426108
19,07222232
16,03411619
15,67878838
14,38979552
16,88225406
15,71819331
16,87810721
17,62419916
13,91275355
15,85463393
15,05148282
16,12372755
16,67971779
15,02594521
15,28096949
15,21417739
17,04540077
17,23477862
18,28115236
17,42015135
17,75834672
16,15215806
19,16671669
16,75503714
15,14789569
18,78550210
15,85255359
19,11401410
16,16957776
14,66384313
18,95398928
18,73825108
18,02569904
16,41612769
18,13114415
18,26142442
18,58850447
19,53796144
17,39937999
16,93704950
15,65861492
14,29319356
15,61635160
17,20937851
14,66652665
17,45733736
17,74031961
18,64255742
16,80598749
15,46729789
17,58199628
18,85267926
17,70717956
16,66122638
16,59097863
16,23325707
17,59799976
19,21310524
15,91335897
16,12718773
16,33309312
16,51232947
15,94125885
19,38698832
13,90057902
17,41552707
18,78981069
17,03694737
14,27528945
15,63517599
15,04241820
16,78331184
16,45007405
16,24618705
16,50249050
18,20163878
15,36787066
15,16467801
15,56082703
12,75793951
18,00753989
16,92824378
17,12204493
18,37492260
17,42005109
15,76662267
14,85322217
19,05877874
17,06440086
17,74663087
17,48237536
16,61923376
13,78856752
19,66217129
17,10874195
18,56452854
16,26858362
18,16007601
15,89501227
14,27908840
13,74325471
16,21023678
17,65045981
14,53866602
15,59331664
17,52844401
15,64013269
17,97925314
14,80878419
16,39871088
15,99509439
16,47973310
17,92098518
17,93441670
16,47623422
15,13445548
13,74368087
15,75985075
18,50849695
16,47226453
17,06033256
17,37042702
15,77720327
18,15695551
18,62866842
15,28439767
14,05806036
13,94403348
16,34115755
18,78402950
17,78203279
15,65262218
18,43482275
17,37826461
13,92393235
15,93904180
17,93851930
15,86743898
14,35918943
15,52204049
13,79937946
15,64418123
14,03850693
14,30374378
18,01679268
15,53308263
19,16486729
14,55738086
15,40288683
14,41774874
14,95925267
18,36885765
15,49634060
16,69596634
15,12738052
19,14126189
17,71987803
17,33903807
15,07429101
17,25257971
18,90867883
14,50718537
18,56633542
19,49901564
14,62155729
16,88423503
18,06478151
19,60853321
16,40762675
18,87377375
17,27962926
16,34258545
14,89490416
16,48684714
17,97171335
17,47970647
16,24125108
17,71081551
18,20706114
13,73126264
18,23701210
15,14109506
18,99680692
18,45575790
18,52675315
13,73578548
17,49594616
15,44224790
17,55890222
17,30265050
15,77215679
15,09467023
17,78169483
18,45308940
15,90429627
14,92232482
18,93095272
19,03014529
16,84508700
15,61982327
15,74776026
16,53713765
14,51616840
19,18084517
19,49051291
18,60932979
16,69287798
13,93209251
16,87297002
16,64427172
15,98803597
15,05955765
18,57850036
15,79056272
17,75262592
15,67985624
16,45869764
14,37635717
19,11881862
13,83725572
17,54055943
18,27474023
18,90757353
18,51270163
18,36019473
17,51604166
18,20707417
18,39032305
15,56472987
16,09310628
17,51251726
18,56124953
15,42439215
19,54590753
18,61022154
17,83648915
16,30750723
15,27326459
16,42262386
14,79554497
18,66962694
15,26417160
14,71855373
15,05558842
18,07908614
16,84554269
15,98973414
18,71378036
18,74119274
16,77002948
14,52575859
19,19525496
17,78560099
17,98326007
16,25286606
17,18588952
14,25803000
17,05961470
16,08728927
16,18948809
17,56080396
17,23007965
19,18288599
16,05448801
17,18624857
15,30863056
15,35010160
17,36735898
18,56438659
19,64032563
19,15274226
16,13531715
16,58909547
17,26849349
13,14664229
17,83524284
17,98347878
18,42084399
16,94841369
14,56117035
17,91023042
16,76203667
17,45926626
18,53161245
16,97598370
13,32424733
17,26022617
17,61558794
17,20514600
13,62356611
18,18662217
18,64820114
17,49790118
18,40922254
17,27391426
15,77182301
14,99772683
16,03289910
18,45257045
16,01396670
16,70728391
18,47370488
18,57198164
14,56975661
18,25367676
15,05703416
17,61617223
18,37324521
18,47145786
17,48201760
18,01389428
19,34882428
16,27951163
16,94475095
18,22520202
15,15019813
18,27561541
18,27920196
16,93630215
14,28251409
17,04945014
17,57280169
17,04593993
18,68078917
16,87967156
18,70289340
16,01419583
16,30639400
18,84355283
18,66215958
16,01190587
18,24409759
17,55341307
16,08470251
18,15283901
17,87223343
14,40317254
16,37240892
12,74378085
10,83067666
17,77649289
17,46442264
17,39156207
15,08308499
16,82327650
16,45652281
17,02561557
16,32501419
15,45020643
16,37357834
17,30267606
18,19598785
17,48450775
13,19078424
15,81654134
17,66083041
18,50617429
15,75497465
16,08866811
17,58108412
16,24416828
13,57868075
17,47043087
18,24177541
18,57215823
14,51607241
16,43367570
17,64775198
16,41768208
17,59054419
17,58805735
16,76896281
18,99515399
18,49552104
18,42743374
17,28510070
17,36327681
13,75627671
16,71659317
12,41795900
18,16966197
16,05904805
17,98462761
18,61389618
16,76007302
15,26116729
15,73605832
18,91929206
16,53594439
13,73905254
15,96386881
18,05853609
17,52007686
18,44475697
18,98805325
18,92920406
15,12097176
15,56252783
17,90514813
17,72311955
17,36343063
18,19724860
16,28188943
16,06785722
17,82459219
15,78652548
18,38415152
18,95934882
18,14801792
16,96193874
17,36226534
15,24223291
16,08005405
15,07625734
14,69793085
15,58377147
18,21305506
15,34300653
17,72698289
18,58284601
16,79265877
19,32682577
16,64196742
15,35437440
16,22564330
14,16718350
13,83055336
18,18823355
18,41924144
15,42579078
15,76959195
15,23989155
17,46755650
17,38867124
16,95872547
18,18991749
15,17562794
17,64527390
14,92777002
18,04568875
17,51145185
17,36477857
16,80368713
16,44195331
18,47902451
17,01087886
15,59855684
16,26888973
14,83009484
14,63583025
18,66950457
16,13530969
17,54941378
17,19349537
18,42001425
18,72819335
16,55101852
17,98775305
17,39863537
16,17942421
14,12592296
16,56320161
16,13623357
13,70579411
14,76978259
17,32259604
13,61708319
17,93110630
16,24292014
18,54867661
18,40712687
16,63748845
14,29308169
17,11177874
18,98308322
13,57469022
18,57194534
15,52366227
15,58689747
13,83323103
19,00175008
16,55041489
17,15801571
19,49389861
15,76025374
17,48951625
18,66995043
16,26873211
16,84656590
16,41542477
16,17079766
18,53432620
16,37787750
16,49880182
18,23775364
16,66539893
16,77858487
15,98805490
13,00377364
14,45117484
17,18741263
16,99234201
19,42682988
16,82879004
16,59338352
15,53202257
17,93516431
15,97436012
17,50244892
16,55285583
15,32243469
17,98803771
15,75922572
17,59756550
17,90457531
12,35080999
14,38380353
17,74764469
18,29979791
15,93676442
17,79895948
16,56875324
14,03044140
16,42466801
17,76942322
15,85243477
17,72490467
15,07927956
18,81063360
19,13321151
19,17579473
15,46177261
17,81781423
14,92404377
12,44647468
17,51208562
14,97424714
16,37262307
17,24839396
14,50912798
16,88216397
13,50811399
15,77292638
14,61254258
14,19264590
16,68742689
16,97575649
15,19149887
16,58921488
17,80901883
17,01095340
16,30402098
18,72001237
17,64477038
18,80101011
16,59399271
14,83346622
14,42850827
16,59550038
13,78139321
17,98658268
19,00274417
17,50377541
17,89652516
17,04394798
17,18822832
16,69916246
16,89673295
14,96497339
14,64477330
18,88005544
16,87603433
12,96888226
14,38023751
17,14674721
15,73931807
15,68845669
18,90358461
18,50076285
19,17612317
18,61723347
16,06272054
19,41169049
17,80551421
16,99571122
17,68816623
17,19046736
19,06654607
17,28119536
14,71122159
16,01967436
18,78727426
16,82707395
18,72630320
13,96490866
17,54829434
16,12988629
19,45291649
18,29658548
16,72004179
17,28088374
17,62330501
15,69800058
18,99335777
18,70457786
17,85746489
17,26744529
18,98174733
19,05674703
15,69481201
16,54180959
15,33605333
15,82932821
16,80449053
18,98918209
16,93075364
18,23258044
15,68625810
16,50573989
16,82088425
15,06047851
11,23764567
16,08820730
19,26948204
17,56335449
17,49233423
15,84745950
18,03749727
17,85664678
16,62676727
17,01042710
18,23415254
17,38606136
12,67388672
16,22769563
15,77827342
16,15747954
15,54406229
15,14258760
17,62159930
16,58733599
18,06013509
14,35529279
14,28470378
17,19606075
18,04709839
18,02674795
13,07010171
17,11392663
17,95047393
17,96171533
18,79744470
17,49160612
16,46156725
18,51180788
18,83866734
19,61079668
15,29366107
15,75018496
17,41236128
18,33549186
18,45724021
17,19839820
14,67246205
13,66254647
17,38251472
13,49826846
13,63506517
17,01477751
17,53941010
16,95398289
14,72049367
14,07388174
16,05917546
14,76621937
16,16478818
14,91190292
14,48723561
19,41691143
14,94587830
14,86128606
18,30059303
15,43767984
15,76198924
19,56063987
18,38858159
13,66346222
16,03852646
17,48839877
19,12804560
18,47349519
15,42741501
16,71476926
16,86915332
17,37763707
17,62497933
17,07126353
15,48757382
16,72244810
16,17743771
15,25545171
17,24319079
16,15038304
17,46386922
17,36006948
14,91906553
16,67945705
16,59802973
17,89824461
18,43821222
16,40090152
15,54537117
14,74036822
16,17258879
16,13824330
17,20060368
16,26518308
14,94722094
17,49907675
15,80002246
17,50939169
16,40982945
17,05046351
18,33395769
15,28480024
18,22065877
14,68162372
18,05731321
17,05218743
17,30940302
15,83292197
17,84787235
16,94663861
15,34851239
14,63222551
16,15915680
15,91892763
16,72632909
18,65792130
17,26623719
17,52953704
17,92675636
19,22966489
17,28130870
17,56703683
14,73846059
18,03889134
17,37277578
13,44840384
16,96426381
14,07174944
16,30839508
14,73331717
16,76546817
13,46231494
17,59817372
17,01241628
16,81143055
14,07302362
15,84820793
19,11066313
14,94193258
17,56556385
16,44625539
12,87079141
14,55359734
15,27315093
16,77789968
16,20603996
18,70446065
17,96684730
14,12767785
16,89360161
18,40547190
15,79976278
17,04797769
17,79260879
15,93040747
17,41574330
19,67296359
17,14221028
17,21845736
17,80606937
16,61355294
16,50956362
15,87220957
18,45623117
15,25429095
13,36715608
17,85402749
17,45935240
13,60609282
15,12184148
14,51623661
14,20541898
17,83872866
13,89094147
16,08172251
17,86013838
17,57434837
18,35557778
18,43023617
15,64902604
18,00484405
15,76051433
14,85889624
16,78128041
15,49192287
16,26545766
13,58385695
14,61456657
19,49480741
16,96562791
19,11877315
15,97526408
17,22033415
16,66511888
13,95866380
15,05412329
18,82462434
17,19625122
15,40432723
15,03854170
16,96467952
17,83270881
17,50766710
17,56366352
14,57649628
18,61400084
14,57571904
14,09188692
14,20347910
14,41348739
18,12593100
14,82827573
16,16649233
14,01167544
14,70119251
19,41840015
17,32715001
17,42988343
14,85364013
16,38956827
17,31023766
18,34370118
16,87555744
17,41194112
18,96876168
19,77855775
19,10567144
17,97674817
16,33432797
14,72240490
19,08926181
15,38870999
18,06817962
16,11336137
16,81575058
17,77201393
18,86070333
17,47153871
18,44262366
12,66205973
16,84629748
16,87039154
17,39334584
16,10223955
16,26815556
18,54745815
17,86389668
17,17006884
15,18063013
16,31664429
13,74572660
18,41868179
15,60675724
16,62204260
17,28264174
19,37784606
16,71802863
15,23182914
15,64710768
14,75795955
13,90264466
17,26627480
13,55711726
18,46401410
15,85297566
17,51252772
18,30286047
14,84597608
16,71644634
17,09769573
19,84514246
18,45429649
16,62544362
17,54715063
17,64533336
17,52687458
16,36239308
17,48625298
17,82190013
19,14749315
16,05605832
18,33458372
19,54164210
15,44982509
18,90282112
16,06620950
18,58178669
17,68081151
19,39406245
18,13143957
17,99587592
16,01021160
16,61399227
18,93306680
18,25955754
17,09181785
15,44098681
13,72467595
18,22732442
14,09454769
17,54042447
14,44701396
17,03598047
16,95848641
13,46117283
15,26878216
14,96135329
18,23153436
16,12845923
17,80267743
17,68113303
16,17206183
15,75078635
18,10988915
15,55576371
15,41666281
14,78687780
16,92864008
17,53180358
11,96211048
14,87757210
17,80862858
13,86209333
15,67606239
19,12055642
19,87547811
16,96343130
15,95224804
18,44201520
14,22690386
17,94711478
13,56605018
14,03618959
16,57596425
14,86172016
17,70865598
19,05126702
16,55950041
15,31920777
17,14795541
16,79921778
18,56852480
15,45826832
15,89141816
16,95131047
16,78301606
15,52675685
17,95707407
18,28636770
16,61863968
16,39520335
16,44773803
15,54837427
19,24515558
13,75615593
15,11134887
18,06873363
14,69495107
18,13223637
15,73348357
18,81728820
17,03417412
17,68580026
18,88015634
16,33946652
16,08648590
16,30258504
16,59425633
15,96251117
18,32900777
15,32161048
16,22797922
15,84672396
18,11901193
14,65339660
15,24736705
17,40603634
17,53664858
16,65300703
13,99096633
12,70390935
17,40423898
16,66581873
16,12972814
15,13647820
17,87066859
16,77158898
16,64275019
15,58079381
16,02945601
18,81304478
17,66496682
14,40619417
16,86904643
15,59278837
17,72611910
16,58474538
15,53361456
15,85603276
16,16385802
16,74806653
11,90671436
15,55401948
16,62873405
18,18404779
17,06730801
17,56773312
18,07476720
18,07946225
14,04621607
17,33862055
16,08853406
17,41483958
14,64684314
17,75955574
17,36407417
17,97912484
19,55713719
17,20959726
19,29863119
18,38051801
17,58418470
18,13327495
18,85237475
15,06133665
15,64097249
15,57621683
14,94448152
14,88044603
18,19730759
16,28347765
18,81761674
17,63966009
14,88904539
17,20724494
16,87845914
14,22140873
14,31051675
18,16547903
18,33851353
13,14911473
15,46380621
18,20528786
15,72999330
18,25328720
17,47090468
16,68018949
16,81822293
16,51839346
16,28343729
16,89908527
17,67125049
19,59836614
16,53473531
14,90609444
15,85587280
17,32859356
12,93674511
17,14519568
16,72038463
16,93294273
17,82036388
15,46154227
15,96813997
15,82274875
16,69685491
17,98297661
13,10793590
17,73236107
14,11536475
14,65331720
19,01241420
19,26374973
17,54259902
16,13529927
17,18076884
16,77131684
17,29794597
18,41648876
17,59749635
15,61776298
17,11097634
16,66591293
18,06674430
18,98416171
14,65949114
16,71840962
11,11806065
15,03970524
17,02784493
17,89544949
14,86596956
17,58829744
19,74296558
14,95802550
17,28642244
16,76967642
12,92564562
13,88688987
16,10520595
18,41864023
18,54015036
16,22798072
18,17395162
14,53345711
16,03085858
17,94127890
17,38117880
15,93757611
13,64724915
17,05798329
17,17158349
16,18640469
19,28810864
15,06885832
17,14503214
17,65615885
17,51335956
18,41216799
17,38639584
17,15147545
18,11248893
15,48181722
15,81096981
16,35241574
16,47977410
15,70138255
14,17249966
18,42049646
15,97280931
15,56807523
14,77006363
16,20886172
15,68081887
18,95641504
13,63961032
16,37599855
14,56566908
16,42288591
15,92101920
14,16215341
15,50647743
18,87324738
17,62449888
17,48117231
15,98602937
18,79984145
16,36974797
15,72642154
18,25255907
17,64983437
16,72197805
18,24997553
16,32134236
18,44889346
15,80450284
14,22964626
18,21669282
14,66782380
15,61898016
17,31978495
16,65481969
15,01313883
17,78657397
17,37695884
15,92147842
18,76900914
16,65929522
18,94526713
16,40117589
16,44213307
17,32743958
17,82808977
13,23870020
15,30894728
13,98661590
19,30711966
18,42901755
13,90237777
19,39117556
16,02162609
17,33891036
18,68575359
16,39024782
13,24695082
14,25592209
18,50190740
18,82329330
18,00234032
17,00871025
18,85197251
17,75043211
17,84664152
17,59139701
16,79823647
16,10895329
17,68067673
15,49640322
18,67922544
15,40239193
15,15186333
17,05541983
13,99426411
18,15901507
17,96629097
17,29434421
17,81241239
17,04873116
17,44030432
18,81844801
14,93657714
13,34670634
18,31341590
16,49028575
17,29248720
15,73051665
19,52270399
15,20512807
14,42877206
11,69104367
14,40523466
16,24390878
16,27903057
18,27837550
14,84669085
16,93777774
17,22771555
14,77846826
15,19492209
16,76235725
18,16658153
19,13707337
18,55874085
14,24973652
14,39978093
16,10297132
13,89685242
16,56049602
18,25438130
16,80317037
16,00541266
17,75987776
17,84127118
19,04803387
12,84775508
14,69765181
18,53687849
16,19287368
18,03301489
13,97465700
16,85994550
17,12353543
17,42559232
16,13340121
15,96489676
18,16787801
16,02634950
14,03022287
18,57794461
14,12350802
16,85104250
14,29911547
18,05422222
14,44483826
15,87697143
16,23493748
17,61951782
18,82283369
16,67691948
14,27103829
16,20123050
16,38152012
13,55548636
17,74707390
17,29071755
17,42986401
16,86525105
15,69314609
14,15125684
19,22382761
18,88096865
19,16851644
16,03726455
15,26960336
19,37495195
17,23743104
15,60834062
16,71265657
14,35893938
14,76473208
16,93263500
14,10151167
13,76760544
16,21621140
17,33761663
18,18875670
14,20640340
17,95561056
16,13741088
17,49383610
19,55575177
14,01652228
16,65558277
13,07947652
15,68180063
18,62674337
15,70901542
15,41009321
15,79360765
17,09607563
14,58179903
15,13033704
17,31299443
18,08405123
13,78929021
18,46814179
16,52266929
17,51914154
16,62214242
14,93178829
13,47892882
17,53074599
13,72522722
16,21659866
17,24249530
16,42480961
18,33063598
18,34789007
16,98690850
17,26625777
16,32259263
18,91223408
18,55207191
17,34301266
14,03251727
16,92708367
16,25192540
16,70315799
16,76501108
16,81808595
17,76953828
18,69407893
16,70873716
15,21803639
15,60872618
15,37927824
16,22144532
16,41051872
14,05651443
13,81211449
13,68036513
12,92475317
14,92311908
17,45943081
18,52339399
16,25166766
16,66926854
17,04984444
16,38288563
17,11761296
17,68888160
13,38628743
17,05600324
18,36915674
17,82075575
14,99245707
13,98369117
15,92680139
19,42613428
15,68500104
16,71041780
13,83965653
18,45008904
15,55761990
18,03712266
15,93441436
15,26060883
18,04147226
16,43191191
16,36992438
18,99472533
14,21259381
12,98123410
14,42055330
15,71243019
15,35126800
15,76095394
16,78997134
16,54688864
15,53003174
18,29672923
14,72387198
17,83714855
16,71238435
17,43366405
15,70292798
18,36363248
17,04345065
12,84409357
16,07644648
16,07370115
15,28067632
15,53375078
16,85686720
15,05047102
16,83167240
16,98598831
15,41642284
15,77927351
18,10816445
13,91264952
17,65611801
16,27899577
16,72252507
13,66898956
17,19280164
15,80567061
18,28959063
15,41806720
19,04604834
15,80515492
16,20709040
14,33157395
17,11912627
15,07977180
17,45890727
15,44779037
16,23337776
14,63962070
17,77222392
17,88920808
19,12447636
15,16301766
18,96479452
18,88067543
15,42716498
15,33254509
17,83733388
17,74816203
19,32869792
15,91010133
16,52474561
15,93529187
19,35106218
17,52306099
17,19879772
14,83630269
14,87398361
16,40206925
18,97719002
16,19187710
16,37130284
18,50072681
13,87210354
17,29556119
18,84885240
17,25603095
18,98610366
18,05988868
17,35160620
15,42768007
16,56919887
17,40670796
17,42353436
17,10915645
18,16391206
17,23313781
13,99033946
18,36690533
14,68288784
19,59221396
12,19804376
18,89432307
17,69471724
17,50380597
16,55179134
16,67452581
16,58678946
18,24744416
18,45914482
18,73758020
16,02089394
18,30170882
15,59262458
12,42902686
17,99165465
17,57091846
19,04850533
17,23670381
19,79212020
16,50188992
17,22784744
17,80081614
16,93094829
13,87732381
18,42592349
17,87775028
18,07735601
15,18414377
18,25065929
16,12575823
16,35469785
18,69874056
18,10111984
15,15461746
13,32864273
18,14002592
18,11814239
16,92199633
17,06668405
13,82837727
17,67267237
17,63472991
16,20718132
14,19179866
18,31867584
18,44105135
16,26189933
15,13480466
15,38618341
14,96964329
14,70618562
17,11115268
19,38282957
18,31130369
19,27839604
17,15512645
17,13285600
17,75123484
18,44174698
17,39577501
16,75287445
15,82775305
17,92981457
17,88668162
15,43530636
17,16410339
16,86826404
18,24424349
17,99196596
14,01722692
15,20234783
15,42506312
17,13105499
16,54229987
18,50112112
16,66058909
14,29713443
15,43219202
14,86328315
17,70643646
18,11986002
14,56201450
14,28720232
17,12810932
16,99188321
15,99401967
17,28981307
17,23288577
17,19610218
15,46675295
17,90718244
15,12356797
16,62612951
15,69691317
15,70334645
15,10606428
16,08560420
16,32972885
13,52617154
15,94738628
16,31220161
17,29066503
17,75191011
16,77936745
15,98446929
15,78639860
15,94303577
16,85507761
17,26364499
13,37855794
14,81400659
18,89794884
18,42904809
17,35350321
13,71973475
16,28641894
19,11479345
13,94471472
15,26503109
17,19711285
17,76618081
18,48007860
16,84319486
16,66955664
15,27675294
17,57534483
18,14209125
11,58814681
15,53951619
18,08589519
18,29634861
17,53343184
17,89518232
17,13189374
16,20951307
15,29803060
16,48713445
17,05887379
17,30515010
16,50223442
19,10123967
15,78928647
14,57807750
13,62567747
15,17570969
13,68542527
17,86333149
16,09558308
16,97555337
17,28948863
18,17761309
18,26061219
16,08239346
16,53665400
19,34221044
15,89857846
16,93847918
15,47800219
16,26867239
16,15800021
17,41777793
16,22778286
14,15594768
14,71907820
15,77761591
15,74968237
16,60684201
13,90100665
18,13603902
14,60699715
17,87427308
16,69162743
16,54531257
16,95564695
17,21266513
16,85425015
18,03278352
16,30737227
14,46954489
16,70457385
13,64652471
17,14525303
17,07169193
15,71284790
13,15598850
16,75676400
18,53438863
15,50565896
18,47561062
15,89166884
18,07298430
16,46872606
15,96131335
17,03358382
16,32786600
14,30319079
18,05547546
17,51120364
15,16899380
14,31803591
16,81874035
18,44299525
16,97205364
15,39185401
19,27910022
16,52737747
17,94565844
13,78916193
15,72107172
17,18708144
14,05856112
19,06896619
18,36033379
18,26511007
13,68887180
17,00286315
18,11136786
13,84840535
19,45513212
17,57142580
15,59765584
14,97536902
12,57954618
16,75077721
18,41254614
18,21820183
16,38256969
17,56450301
14,44013844
16,88121853
19,68479308
17,53822826
16,72709001
14,61036330
15,79637936
19,75621688
17,67267414
16,19476132
14,13324144
16,44083609
16,63799153
18,90606190
16,28868434
18,57657858
14,78463051
17,17878375
15,88054943
15,73664058
17,75767140
17,41972480
17,70770801
13,67516857
18,37897103
17,51986445
16,69633595
17,89325568
13,89341769
14,14159232
19,15607937
18,25934546
17,63882965
18,17557359
19,21235446
14,59116266
15,29282354
19,68545461
15,21636431
17,22931219
16,55682616
17,04650674
15,80332341
15,48666524
14,10678651
17,26845092
11,88990529
15,67496552
17,09468324
18,21203808
14,88529241
18,11915553
16,84116749
17,61005216
18,48104507
16,29536581
16,47932332
15,72118635
18,95426752
17,20550995
16,50035644
17,74540982
14,48068620
18,88703639
15,54612790
17,00128783
18,40764897
17,02333374
15,11409009
15,06758773
14,61301561
17,19179704
14,96467905
17,08047416
17,32413318
18,39505246
16,76462728
17,49458528
13,80191937
18,27203611
17,09669876
17,30280555
16,55128481
18,85608254
16,79496854
16,95311533
13,59290088
17,23942905
16,70170345
13,61779516
14,44232724
12,54134318
17,60032934
16,24599099
14,38888984
18,72358122
18,26358388
14,96438560
17,64296140
18,12946631
17,54998691
15,36460652
15,08417248
15,43095411
15,32431189
17,41061644
16,58097642
18,37046691
17,05846364
15,50709559
15,00624954
16,70785667
17,57915951
16,24930959
17,60331440
14,74290716
13,71541511
14,92918748
14,18298189
16,53807565
19,25104529
17,27775242
18,89173033
16,51069604
13,53044009
16,55758936
14,88354083
17,22763389
13,54063079
16,75655595
17,72167193
18,36678092
16,35407078
14,38796306
17,54419994
17,93047446
15,59869923
12,72296060
14,76436083
18,19459970
15,43992273
15,97399299
16,28339281
17,77809966
16,18225544
17,33981939
17,81845235
14,50306999
18,69158400
17,33995387
14,48409446
14,55544811
14,86295840
17,14357872
18,88742814
15,84747590
15,08115060
15,43853014
17,55469823
18,28583648
17,91766427
16,57157861
15,04623568
16,99428183
17,69202751
19,36381470
17,76355197
14,84426544
16,19826164
13,35646966
17,82184493
16,12613540
16,33455257
16,59292497
17,41792544
17,13470897
18,32080756
17,00978021
14,24102860
17,72172884
16,84661096
17,26635904
16,81576469
17,75044321
17,20067870
16,87778263
16,09428115
17,83242537
17,27337944
14,75557143
17,54080192
14,01346337
15,98021365
17,20367559
17,39642883
16,19195815
12,51609041
18,75585753
18,60325469
17,42290749
16,96565118
17,58037457
15,19883380
14,51498525
17,14793602
18,51131392
16,14862537
18,41015455
15,11157608
14,55508924
15,33643411
18,10366829
19,18236480
17,71337705
17,30341339
18,06657593
17,02656679
16,85356574
15,69152042
16,15019588
18,23207141
19,11091928
15,10091431
14,42034022
14,48105000
14,42641985
13,59051435
17,36505806
18,18099903
13,94587933
17,17246747
17,82365801
14,28725120
16,95229236
18,00518048
17,39178008
19,78748108
14,62557793
17,05296628
17,30005125
16,56076622
15,65793065
14,05018915
18,49160338
16,53843592
16,44668790
17,31387421
18,52880495
15,88731339
17,62181382
17,24198569
14,44482842
18,66844288
13,38257449
16,64955503
16,36409934
17,49766715
19,07590205
17,99195542
19,69844849
16,91347160
17,00152444
15,16853154
15,17754606
16,81332730
13,26239606
15,12158041
15,74166530
18,81827565
14,37817502
16,22916631
16,93339537
17,32170963
18,07149443
13,32379587
15,46806396
15,31307592
18,96262648
16,67671575
19,05618946
15,45897601
15,90518946
16,32741748
19,46811786
17,31912911
15,31456001
17,08708582
18,20892664
14,96846395
17,24364793
13,95652355
16,11431731
15,11686158
19,30023359
15,49178219
15,00334796
16,52293467
15,61708127
16,66320568
15,69634729
13,82461647
17,41972922
16,45741005
15,35665825
15,39238707
13,98755166
15,50595410
17,39524589
14,46716569
16,71608827
17,40704057
14,95934385
17,59891475
18,41459492
16,61903195
16,47761358
17,68065908
16,91482813
19,74591011
18,93728648
18,27922590
15,63521440
17,10534174
17,81616223
15,52766594
15,30773896
15,71341750
16,09590295
19,29334292
16,95355679
17,73497691
18,80355027
16,91382597
17,53372740
16,45816417
16,85209999
14,40419478
18,60094475
17,81237337
18,71073286
17,28758657
19,03596257
15,49135624
14,83889856
16,73869989
16,38426650
15,64961121
17,01009134
16,48798289
17,67506798
14,42500827
16,25753962
13,18127273
15,66183124
16,63067970
16,97787112
17,11696970
17,71141903
17,41994878
13,31438426
14,99016659
17,98850225
16,09386928
16,13626166
17,46805668
16,75105903
19,71715137
14,73662426
19,08714003
16,88704367
14,67304252
18,81364838
18,18055699
19,02597193
18,80531334
18,98378489
14,69648765
13,09397420
17,54084334
17,79222650
16,70728903
18,38037890
18,32622886
15,70378445
18,39278485
16,46684775
18,19821266
13,78659453
18,30674671
18,94620837
14,35471226
15,03740166
18,76791648
16,67451139
16,01574024
17,93281096
18,98749037
18,64277503
16,10926211
17,62586861
14,25872286
17,48965334
17,62219427
15,08220864
16,79648240
14,80275934
15,79188747
16,96480544
17,36306818
15,37255040
17,55245974
15,16168686
13,54715791
18,92489863
17,22551214
11,33919281
13,99261336
14,74284656
15,50171904
15,43151383
16,74425046
17,42883856
17,63821067
14,79723872
18,75740162
18,05511582
17,98155295
13,64116086
17,95270724
13,86385696
17,83646743
14,76987922
13,77136389
15,85805179
15,69740226
14,53750142
15,77608262
15,50482061
19,69670669
17,24779799
16,04461280
14,00130800
17,06030542
16,15694574
19,84954577
16,02301215
17,32917755
16,60228999
18,87806358
16,71277340
15,77958740
16,83722738
16,53844737
15,40398344
16,97676231
15,79864897
15,55295743
15,56640408
14,81608165
18,30657683
16,02856951
16,09081695
18,39857576
17,27484483
15,87010877
18,31673489
19,35602070
15,08068051
16,58553604
18,09055328
14,68592750
18,50594277
17,46685901
17,60558841
16,50352401
14,47549792
16,95136713
16,50348640
17,70941801
16,49123776
14,56656370
14,96782368
15,47700964
14,58726065
17,09221970
17,67603918
18,63727073
18,63013291
17,13424330
16,33595266
18,08003973
19,14467415
18,76162094
18,24989129
14,77563851
14,42451799
17,86927582
17,39079222
17,76418624
15,74928095
16,16704386
18,83486536
16,74472506
19,05882547
17,31940810
18,62973208
13,78215533
16,81586620
17,44861920
17,78661714
16,64074068
16,92372239
16,09927007
15,90721611
15,43925992
17,69782349
17,44456868
15,40871168
17,53398584
12,65586322
16,35101504
18,71177472
15,75573594
13,25706851
17,18801513
16,02257587
17,31973994
15,15785132
18,81393266
18,42979620
13,12051462
18,37270245
15,96955719
17,85549832
17,62806714
14,61586673
16,01968973
16,29705647
17,41819865
17,58444205
17,63148370
13,85672783
16,74819377
17,27919706
14,97514981
16,19551778
17,77882889
16,38224793
18,02794979
15,19382536
14,72261744
18,88380534
15,66997908
17,62617669
18,89377654
17,46218460
16,19910851
17,23272239
19,63709372
16,73253557
16,42691370
15,05435082
18,24121912
16,71151874
17,20623989
16,52518239
14,40230662
12,25072418
17,50077160
15,45182719
16,40927767
17,80972870
16,15662312
18,93469458
16,29745790
16,10783741
18,36464561
17,56411622
12,05815192
18,52546161
16,11687666
16,86302448
16,53061001
18,52954010
17,22154560
16,90046640
18,07911086
14,18961523
18,47508998
16,06324346
14,77059993
16,14211840
16,77180041
15,17420864
18,16170037
12,36292457
19,59724886
16,86050123
16,78533651
15,05288656
15,21741248
15,15759699
17,48551976
16,10780038
19,77722971
16,94852567
15,97659210
16,70624127
17,80832266
17,36813974
15,88664406
18,64507416
12,80227978
17,41499480
17,20336495
13,84892044
16,16335658
16,01220605
17,68975764
16,96243466
16,88087209
16,25031488
18,37812229
18,20451988
16,64007553
17,38813032
16,30011466
14,77903886
17,51196511
14,03356994
18,83341214
18,49621829
16,51332045
15,80851167
16,59355971
15,63037486
15,23354993
15,29592286
18,13187505
16,55886375
16,50993678
13,05629652
15,70561714
18,80627888
15,38253711
17,34114704
16,46786921
16,78814852
15,81805348
14,04674858
16,73562269
18,41036775
15,70997640
17,36875723
16,35958544
16,03306752
19,13830318
16,30430172
16,58135418
14,71779787
15,54852814
18,39220529
18,50638213
15,83538645
12,91022457
17,32825920
17,92097880
12,69378804
16,70602532
15,56029484
15,76142176
16,50761959
18,47349088
19,14345387
16,05954097
18,17194721
16,07868576
17,33630441
16,28495363
17,29013475
17,69296881
16,57737354
16,29044173
16,04758489
18,75564950
16,38475530
12,69563172
17,68223807
16,10985462
18,76335454
13,95668416
18,88593408
12,10287656
17,14442880
17,86949436
17,33535141
18,73463705
14,25410350
17,60441978
15,68168991
17,77133970
16,29425974
16,85969670
14,11839072
15,02468682
17,12481661
18,25029635
14,07247588
18,96525126
13,37600791
17,89297079
15,68089652
18,91433880
18,23019748
15,64699841
18,43684570
14,01584583
17,48927596
17,22046477
18,03875704
18,56716696
19,22825612
12,43115785
12,70636942
16,81464417
12,67093186
14,83122408
12,72876112
18,39338807
15,13689890
18,79275643
16,18483008
16,22188720
16,62584331
16,96239474
16,35197820
15,64286317
15,68510800
16,97657293
19,54011292
17,99876368
19,11630999
17,38589089
14,32063751
19,04227089
17,73238152
16,79501471
14,50866935
15,03433038
14,67511098
16,70111133
16,77262389
17,50011651
16,87715730
16,23214997
16,75992057
17,92984244
15,23234703
16,71866375
15,72990598
15,90773919
15,44775196
14,31149776
15,78227814
16,97013819
15,10057259
14,36697285
16,77517698
15,16791938
17,73013596
14,00822668
18,02460991
17,99279553
18,41412557
18,65927342
15,40585279
17,80347966
16,15516035
18,02718311
14,17743328
16,26398952
18,24444884
14,31890478
17,93250868
19,22432079
17,99610296
16,91266828
15,09866037
16,17466625
17,91335804
19,08853968
15,65777949
16,67253751
16,57472440
14,75737140
18,00417069
16,76169354
15,64210601
18,10872015
14,97446509
15,59335081
15,52603130
18,12911414
14,00080121
17,37046043
19,16624265
14,84357185
17,12564645
15,78033111
18,82319933
15,40604820
17,63960999
19,02339385
16,87594221
16,70451763
17,35665298
18,68868582
16,69932314
18,65541180
14,73261797
15,83131286
16,53919974
16,91613417
17,57377149
13,35674674
15,24726693
17,66007347
17,34841361
16,50443209
16,28046719
16,76232756
16,52489780
18,23227223
17,73828867
12,70351021
17,60082780
18,38538099
14,54518586
15,73258552
15,55461583
15,58037820
16,78650255
16,52537573
14,88056225
13,77824829
16,68572859
12,59001958
18,35515036
19,34533220
18,61017030
18,72612474
15,39245328
17,45580251
16,68849924
15,16504064
16,81660035
14,96506913
15,79088093
15,95969346
19,72049758
13,11649128
12,89325621
17,92338587
15,94806596
18,25462960
14,70468450
16,26227758
16,20142950
18,94225694
15,49137114
17,59563688
17,16024609
15,36504284
13,68389157
16,60350370
15,03526939
17,35382566
19,30405222
17,87183781
15,83505367
18,51050204
17,96876225
19,60996581
13,31382852
15,44692346
14,81644368
15,47697609
13,74113814
15,29392065
17,50211850
18,53973656
18,79843479
16,51056046
16,81586801
14,45392202
17,26304737
17,75772028
17,90512386
17,80297344
15,26366466
15,70933273
15,06530534
17,25364970
16,62804528
15,04592041
14,93940429
18,66374996
19,79659170
16,55551151
15,66741718
16,82268858
17,66471913
14,84305916
15,55350870
17,33733642
14,90365355
17,21136265
16,53805425
15,33692647
15,68482938
15,77987420
15,17173988
18,33748206
16,50088031
16,43091634
16,00462496
17,57529955
15,44851390
18,53988380
15,97899302
17,21734015
16,26550998
16,09849057
18,80326139
14,21641773
16,93403260
15,68731978
15,36497754
19,58031613
18,53055664
16,82359674
17,07300169
16,87718404
18,40001194
15,82570983
15,91633026
14,91512725
15,69352447
17,16599338
18,31815899
16,73848755
16,95731821
15,57164536
17,19503471
15,46049191
17,41115390
17,14782099
16,11125758
16,64581842
15,70462202
16,06944582
18,71907168
18,18442232
15,81970225
12,16136604
17,26486340
18,18892435
19,44667931
16,88447304
15,10248508
15,31287956
16,62674969
13,08891145
18,44646565
19,03523171
18,83485896
17,77458889
18,36931915
19,92640055
14,19726163
16,65254922
15,38661827
19,87583786
17,12763776
14,53490227
13,47504402
17,64289079
14,97239393
17,21523490
16,74768214
17,98668145
13,72005655
13,18807312
18,10695091
14,54558152
15,60174885
18,43301081
18,51350260
16,33547882
15,18799389
14,50441420
16,27641762
15,92725250
15,91049877
15,32435308
14,70082719
16,71513348
16,62729255
17,64900569
17,16708748
15,76925155
16,48111577
17,33465334
14,56477428
17,74533083
15,89963506
17,47328285
18,75787091
16,06306652
18,59455967
17,24866360
17,41600119
14,15316697
17,23291583
15,68727395
16,11197102
18,31318902
17,64110583
18,92649604
14,68794748
17,00611633
17,38969261
18,38531475
15,43617588
14,76954202
16,32801140
19,41286093
15,67467985
17,92259075
18,11385288
17,34673268
17,13082921
17,03688342
19,19658506
14,92452659
19,36741091
18,95220272
19,83416771
19,61369820
16,17266717
17,64890694
18,01400410
15,81384736
16,79205651
17,37288331
16,13855278
18,47476732
14,89009515
14,41447405
19,30761980
14,15104803
15,02480315
16,50356252
19,00787505
17,15018553
16,16237998
16,78676246
16,45273250
17,37599849
16,62379369
17,74984546
15,41197239
16,84867335
18,13219682
17,09302029
15,13820536
17,36537800
19,26987991
12,17574413
15,48316985
17,99433297
14,21699914
16,68257264
17,93386749
16,49848536
16,72275927
15,71497629
17,87377079
17,81386849
17,94195072
17,39693141
17,68175227
19,09835268
15,80390215
17,80049169
16,34868113
16,69770333
16,62685503
16,38247344
18,08481364
17,88588944
15,31427518
14,52415294
16,19932651
16,70783387
16,08035940
16,44416420
18,19251773
13,50209574
18,34469432
15,05147250
19,85524718
16,45274637
12,98322453
14,10493780
18,28638459
17,63022848
16,25679428
17,65851452
15,69189107
18,73658858
15,46092239
17,87319823
17,98587273
15,16111184
15,81848325
16,18072608
16,34014808
17,60643435
14,29693599
16,98147006
15,33903095
18,54614947
18,39062166
17,40061543
15,01675189
15,59679056
13,83002371
14,66168044
17,00020683
15,73287242
14,11465455
18,01848648
18,71598117
15,36627064
16,07092741
17,39644772
14,95031009
18,12990657
17,09312289
15,82744807
18,53884888
17,76627769
16,88345756
18,13575933
17,73660080
18,26068691
16,17631968
14,57543432
17,09187195
16,12371785
14,87758091
18,43035011
17,08490886
17,76769452
17,00259748
15,34363922
17,00769321
18,00741892
16,95603768
15,27081832
15,53443877
13,75447981
19,23170218
18,58805720
13,74434008
15,19111413
15,63906178
18,78668363
15,59750208
17,82055777
16,41103629
15,49501527
18,99119878
15,37339624
18,20766821
15,08678898
12,55138385
15,72820657
15,54117773
17,58766819
16,86896660
18,19593513
13,78804306
16,50926149
14,27161235
18,71679866
16,14705219
16,99456669
15,69068647
16,65827685
16,78690955
18,22412633
16,74895786
15,05590813
12,90002657
15,65938082
16,52532915
19,48103610
16,22587297
15,16591579
17,08679377
14,03273732
17,94865144
15,05932187
18,77127038
17,34535356
18,28614819
17,17816813
14,83113813
16,23890032
13,56665640
16,69685402
17,67503399
18,94571598
16,09577118
14,79544587
15,20934099
16,31250824
13,89634275
16,43889066
15,34563830
15,40211621
16,43408986
15,80281186
16,20240879
15,33076300
13,39685608
14,93671270
16,11163848
16,76413021
18,50588999
15,31291687
18,31634674
15,60201692
13,93571320
19,05049121
18,23057564
14,72987272
15,63645575
14,91377101
16,93315379
16,32111809
18,88933332
18,14744001
16,00955639
17,92854639
14,06510066
16,23032276
15,75965087
13,59525481
15,72353445
18,14229556
18,74267200
17,03333790
18,31274284
17,28481881
16,33951098
17,49960764
16,68743615
16,97757576
15,99968737
16,82752299
15,49438161
18,74404074
14,49635618
17,30084971
12,63066553
16,94715882
12,81033819
19,01224439
15,94968050
14,10450868
17,20041566
13,85659449
18,08750983
19,64461809
18,34783515
14,49284544
17,43005595
19,08284442
16,89956635
13,45582793
16,34966845
15,45621181
15,95878990
17,33532695
17,19002102
18,61260756
19,53656245
15,94284459
15,17548968
15,73564664
17,03230622
15,31350527
16,41397178
18,83007351
19,63026897
17,22735699
17,80109861
15,81149923
17,64281566
18,86712769
17,62186846
18,42414117
18,25088684
17,80999071
14,34872499
15,25937500
17,28806911
15,72905615
15,28128324
14,41799615
16,23668608
18,04681657
17,59686672
19,23320359
15,12723726
12,40729956
19,18193807
16,74993189
16,74746478
17,57850900
16,60166198
16,00050996
17,28499234
17,83493896
17,76744334
14,66432707
17,31949358
11,99673451
16,87839033
17,57011463
16,53222903
18,53733005
16,25549933
16,68078970
17,55600001
18,66108550
17,99541819
16,12099364
19,24342075
13,03653057
17,55625864
15,78894869
15,26069498
19,32932513
15,68220922
14,60455084
16,11798497
19,46283920
18,79228407
16,68510005
16,29821604
17,17097337
17,52652342
18,62864160
13,28010983
16,91904048
14,46028755
13,89415780
14,77611770
16,85558803
16,64045990
13,24089523
16,18141957
17,65970657
15,91186011
16,58764944
18,47541360
17,57724076
19,51138061
14,90823998
18,05676934
17,42127993
16,75832943
16,24689143
14,82841710
17,05809337
16,38639667
15,00303132
19,08285035
19,20744515
13,84778214
14,44556435
15,37119112
16,25531793
18,36191715
18,73606442
16,88770011
15,28147165
16,74910635
14,86845359
18,24335518
17,51964002
14,99088318
18,83480143
17,08299422
16,90448840
17,29157126
15,95304290
15,94949523
17,59379540
17,78406283
17,60655354
14,18965768
19,01571540
16,78580193
16,22930595
17,79252239
19,75190197
15,63052764
14,06128464
15,06989992
16,99822170
15,74951873
15,98198761
17,72897152
19,94388955
13,29820840
16,00515857
16,77990642
13,67739806
15,69501187
16,07007224
19,55423154
15,18339412
17,45091210
19,07610025
15,60011345
18,43984569
16,74209625
15,00569103
16,99306105
15,53235300
18,54764795
16,20848934
16,10797182
17,75799117
16,54939273
16,17681883
18,02684011
16,23587857
15,53480102
18,12917111
14,99560352
15,16515612
17,07534521
17,28373920
16,22380913
16,33609279
15,37307939
17,87963980
16,60314091
17,47871134
16,86308470
14,88241440
19,21450581
13,20833899
16,69724687
17,03215809
16,10510039
18,14377919
14,89477192
17,79600749
14,56770039
16,62749669
18,51624350
15,78564672
14,67103638
16,29329875
13,27365928
15,68909215
17,65717416
13,90731056
16,91985034
17,72440289
14,82791344
14,94314198
14,17232052
18,54073058
16,24456759
17,68104351
12,75336741
17,44506418
15,75420166
13,09296656
14,13161550
16,71092249
14,48200527
15,02255919
18,07783041
15,64899512
16,50075955
17,18559349
13,24483266
16,79760294
19,19220925
16,11523932
17,68446610
16,42068969
16,48566553
17,59963543
13,84150484
15,36488298
12,84107529
18,69580793
13,45590562
18,61194534
19,40079255
16,03923412
16,88490912
14,42640828
17,74402543
17,18097943
17,52855174
18,61712026
15,30910207
16,98871041
16,03184728
17,11710854
17,09947315
16,98282318
16,10054232
18,79515062
16,48963975
17,71223641
14,30126575
18,59120609
14,96906406
15,30452173
15,90788594
17,09384361
14,62510518
17,64830395
16,39271748
17,79366665
15,58548659
18,57293718
13,40932398
17,37248004
17,72292897
17,79410789
19,07154477
18,98088159
16,84424410
16,89002145
16,00356059
16,00133136
15,93641816
18,74749140
15,97672541
18,81976677
15,40221459
14,68178103
16,10576398
16,02459504
16,67152889
14,89251699
17,05577960
16,48165684
18,25794667
15,17312519
14,97592875
17,66620303
16,15177169
16,00329104
18,03616216
16,84162387
16,34284586
18,59482877
15,31050395
13,32937807
17,87565909
18,12444132
17,25714142
14,56899966
16,34145434
17,79666784
17,92993065
16,17582327
14,80915032
16,83179412
18,70530046
17,02146828
18,44840708
14,62864752
14,63049298
16,08663887
15,83510685
15,88839270
13,31942582
17,47941022
19,64569000
17,37860820
17,93072439
19,05449257
17,59695406
15,27794666
18,07410474
16,12625349
18,75542647
14,77697626
16,84664417
19,24273250
19,25812880
17,23705372
13,42923152
16,15969365
17,08404531
18,30719455
17,05984072
17,50453534
19,26351406
14,54867399
17,80884458
15,91818414
15,47756021
17,26579366
13,59361625
18,54798830
17,04117866
16,72400834
14,28708075
18,50039654
13,79322559
18,16711164
18,04779709
13,63178068
15,49085724
14,38374373
17,10948107
18,63855845
18,57962119
18,42161583
16,04235943
13,73004092
17,23694335
14,40262282
17,68632028
18,56428825
14,19442100
13,89356889
16,66134546
17,43324614
15,97043971
17,02196604
16,85176504
19,67195083
14,69102873
12,49496911
16,87145178
19,25648460
14,05614715
16,14933909
15,03063902
15,56271894
17,52398894
16,54762153
16,27699588
19,33850477
17,70354165
16,13249282
17,21110295
15,35157065
18,55945197
17,07306960
14,99831612
16,23807825
16,02025640
17,77196066
18,17745977
18,54506100
17,26819493
16,54864500
18,03224238
15,96387883
16,01727664
14,52998104
16,97143259
15,01256313
19,80835213
15,59632000
18,22688384
15,99581953
13,48659035
11,62521728
14,94107004
18,35235402
16,24374154
18,28622498
16,07877496
17,71542572
18,39525318
17,94485561
16,78732694
18,88179780
17,48855545
17,46911061
18,00457060
17,47509522
16,70162676
16,83625918
14,71314737
18,66832612
14,66757246
16,24519758
19,19732220
17,86479851
14,86295147
15,78239363
14,84051795
18,48181410
19,00367073
16,17414255
12,65721809
17,83916420
17,53459427
16,84378960
12,98510869
17,46146852
18,76868908
16,70555958
15,17888772
13,81862351
16,50201675
14,29206551
17,07883016
16,61474174
17,49090385
14,83539253
16,61464772
18,59587514
13,76307662
16,45960423
14,78698280
16,52389992
15,03524973
15,36301219
16,41337733
13,93163999
19,33147234
18,42830201
17,01821799
19,57648415
13,50519417
17,21409207
14,93950189
16,33718286
17,46856649
15,52371317
17,62497511
16,38932823
14,78756840
15,29180536
17,24303421
17,01928788
14,73798315
14,10533441
14,82575078
18,43235829
17,82731469
14,90098459
16,46389662
16,57498145
19,11327721
15,84430358
15,09022767
16,73937273
15,87240334
17,90031171
15,61207519
14,73610524
14,02272332
15,82138099
15,23279527
15,64221082
18,40764619
18,30272790
17,34631703
15,60773250
18,64550917
17,32332157
16,28111029
13,23496413
19,33193341
17,48995100
16,53159323
16,08478946
17,93706718
15,09849740
18,38918145
17,62265861
15,46455250
13,54078062
14,86085566
16,32658243
13,89314903
16,55986398
15,58482585
14,24229491
19,43045673
13,76665030
13,73639678
17,00105781
17,08271395
18,00028470
14,15022819
17,90444984
14,53895648
17,54226054
16,30356391
18,06511897
13,97616571
16,62676056
17,34459747
15,24364592
14,34558345
17,15546899
16,08147105
17,90820536
14,72942532
16,28455835
17,69156139
17,68054732
13,72984949
18,70842660
18,26747333
16,91353977
14,90644931
17,08016300
18,05589433
18,43781290
17,10530513
15,54374268
15,77020610
17,67480245
18,17564558
18,73556655
18,86433710
17,01853871
16,02425161
16,71044109
14,78877142
19,11708786
16,63720051
19,20709582
18,08217369
17,37192244
19,41207874
18,54289775
19,74751000
15,48382222
16,51871169
15,28612136
18,57987167
17,36657472
15,03311406
15,17165138
18,47268279
15,53279823
16,49098646
16,98055224
17,51057091
16,54968516
15,64194408
15,87636927
17,36089794
16,61483243
15,27123613
18,53534463
14,14866128
15,76177490
14,59486369
19,18687986
18,12762437
17,79839648
18,61178059
18,37825089
17,33906261
14,23939153
14,84861948
18,82399174
18,92602203
15,59924525
16,92225894
15,78141338
17,45202088
17,05859807
16,70450046
19,46490724
15,87005616
17,15027360
15,88277925
19,25150000
13,86027841
14,65873935
15,22686182
15,99085942
13,46843043
13,19336770
18,15589610
17,28224562
17,73850285
16,34962076
17,19459630
18,82027852
17,83282932
16,46410792
17,65295131
17,11365280
17,44157994
15,25834979
19,24184892
15,77960885
15,11219867
14,01866040
13,03627485
15,95998568
16,96738169
15,61504307
16,59272404
14,94957883
14,88281477
14,65925910
16,59421053
18,30494258
17,32349119
19,21714213
17,47132515
16,30299638
16,13875081
18,26662227
18,49001214
17,19147022
14,49740908
18,51228874
18,75068315
17,63510448
16,75232513
16,40487014
16,38771984
16,82099633
16,44817978
15,07024823
18,74371729
18,70941615
19,32256202
14,63336731
14,72976716
16,59669963
14,60826540
13,42946097
13,58035755
18,17363614
16,64929544
17,65271458
15,24981095
18,06227587
15,87047455
17,61143363
17,55120319
16,41977073
14,72086468
18,04710614
16,71853113
16,70487673
17,93508804
16,50870982
17,68726722
18,53040946
14,69901123
15,87341803
16,58028635
18,16443681
19,02712866
16,24452535
17,66516606
16,41088413
15,86114864
17,28644387
15,71752079
15,69361312
18,79311268
16,29957628
19,10925691
14,15863359
15,38598952
15,16441726
15,14025193
17,21334729
14,36078252
17,03432717
12,57223046
17,32600603
12,99134472
18,23360223
17,57292824
17,48574384
16,78122508
19,06067486
11,82105374
18,60536788
16,39239220
17,70433156
14,77348102
15,70477916
16,65011705
17,00476706
17,68818803
17,76277716
16,86528719
18,19619788
17,80906252
14,43003132
15,58748793
15,57803636
16,57181324
16,90458724
13,61104440
16,92522095
15,53882910
12,92764657
15,76667678
17,01627342
16,87470181
18,24542786
16,28384189
14,80753497
14,34642894
19,26839544
16,62134213
18,83626561
15,61570999
17,67834741
17,57632912
16,62830730
15,31745047
13,68164992
15,69574927
18,09150204
19,17589774
16,55000435
16,43440290
17,19920248
15,50688515
16,56701797
17,21272967
16,00340370
17,07722253
19,04815748
17,94748098
15,24345254
18,09757637
15,94236229
15,91720429
15,65338102
16,68296549
16,75592237
18,19015909
18,96856085
18,13094215
17,30604550
16,33706234
18,39222179
17,11539957
18,62176712
17,12478251
14,70165893
19,24120935
15,93229725
15,79607248
14,57669469
17,35274721
17,98625100
16,00341970
17,00023016
14,47634783
17,82929206
17,12416644
16,13602784
17,37450493
13,06594310
14,52510075
15,26797721
15,41483486
17,64660029
17,92882247
17,65883370
18,32923280
14,63414829
15,91434039
17,74178100
12,77585414
17,79883855
16,83220288
13,47643785
16,68248880
18,99009792
17,14425951
16,93325884
17,04588016
15,59026567
15,98775751
15,97103468
16,59337609
17,94067296
14,48403483
14,39910338
16,21874121
16,58175789
15,67157727
16,90296179
15,89048578
17,79957182
16,29868120
13,00160267
16,85325661
13,93153962
14,79446569
16,67978041
14,93555874
14,31637344
18,22699949
17,66174753
17,28856324
16,45417721
16,48915834
16,59795746
19,17958661
15,41407764
16,09671345
18,22096779
13,34190311
15,29053079
15,06050544
17,38279316
16,53204135
16,73588848
15,89220911
19,42367920
14,06943653
18,13960728
18,36563815
19,03202520
18,99979764
17,45899693
16,92253153
16,77897519
15,98476037
15,63827506
17,79038735
18,12312024
15,97267767
18,76995181
17,62879707
18,78116832
16,44918641
16,14685643
17,12401973
16,86952236
16,44965395
18,00769866
17,45859511
15,78305689
13,02208843
17,42912172
18,18832160
13,73964279
15,81256112
17,72098765
16,07067844
18,46571866
15,96896374
15,73837337
17,27660134
16,27545521
14,25066736
17,59237805
18,61226413
15,97033991
13,85713293
14,96577274
16,28521325
18,77966008
16,80367023
17,00898044
18,33237277
15,00070194
16,72484022
15,53270057
13,98160276
15,28710410
13,51811313
16,48897808
14,74228560
16,44957966
18,23990986
16,70834951
14,23454024
14,63541650
17,80856934
16,18951331
16,50349959
18,13142267
13,24675929
18,31884138
14,62669168
14,62220420
17,95749680
13,00224289
18,75566635
14,44290774
15,00676842
17,74845565
16,79609113
14,81605568
18,62095314
18,19859637
16,49622436
16,21882631
18,50218465
16,53363017
16,43324566
15,63967844
16,18134744
15,77693308
17,62273960
17,31425598
17,23433302
14,77158531
17,13688941
18,31256934
15,21120703
18,51395212
15,91136729
15,33604867
16,47019364
17,62270585
15,09739267
12,85040482
17,50347000
18,38426370
16,79163839
14,55889405
17,88960098
15,60824117
14,09990491
12,86925601
18,60977633
19,02614265
17,00208498
16,81465630
16,08354476
15,62157853
17,57181113
15,80082524
17,06097963
17,67189747
17,20172032
18,51502559
17,00384882
17,08540006
16,42870636
17,60710006
12,93341177
15,43906381
16,68645399
17,43801264
16,84709623
17,13345937
18,05500270
18,46321183
17,81678508
15,05508032
15,07797806
17,52002064
17,60114439
14,99416508
16,62005433
16,26776190
16,99528182
18,93407565
16,59739210
19,84479184
16,09573160
15,10009232
13,86592769
15,40011687
16,84570983
17,94581065
17,76688761
14,59608821
15,87223215
17,75228501
16,92199565
17,32883129
14,33493028
17,83323135
17,27255750
17,31680525
19,62039934
17,85209268
16,57473637
17,61776944
16,05840392
17,10114864
15,97133538
18,18576565
15,70571461
14,81542342
14,61688175
17,87609767
16,71442265
16,08245368
17,05054377
16,04615014
17,22807342
15,34070904
16,58783840
19,43159917
