194,56717003
192,38965455
189,00725426
185,96878457
192,22604190
189,79288158
186,20752690
188,70387342
182,17217387
183,63824366
187,90078620
195,91575918
189,84060429
186,55799516
188,41980210
186,27404661
187,38244950
189,65802183
184,90762788
194,00490195
185,96510383
185,24815238
184,34984587
181,05874161
187,92500464
196,79839875
191,81876702
184,48041763
184,33229746
186,33094743
189,06881734
178,43007308
184,46126886
192,04709766
189,68094329
187,65292441
186,20026081
190,15062066
189,84908046
186,70120824
187,90203630
192,30510415
190,50508090
187,10874680
185,90941262
179,86077640
189,94014883
190,74368037
192,14234406
192,71011492
192,37528873
192,30942975
176,79258244
193,02369230
196,79826251
187,44733960
193,67204466
190,64460810
193,25528417
187,62407256
197,22377410
196,07236691
190,91247502
187,62815358
186,87606929
191,07171258
192,68643590
182,64392872
188,53129829
189,98865937
184,04581187
195,07318948
189,69922633
192,29538130
190,39012258
194,29642724
184,23231550
188,60643516
177,56803732
193,32244479
192,62577834
192,62857345
190,82131920
177,41566416
195,31863155
191,64665972
190,85568025
187,05842886
188,50927009
193,86259189
194,60159525
189,43998340
196,80460299
188,69734302
186,93713761
191,22239284
186,37756471
183,80390833
187,22678746
188,19847718
190,44500583
199,11672213
194,72530240
189,31483381
188,85920074
193,36156194
190,22591972
194,40729449
186,38801296
187,89139341
185,49763910
188,91668041
175,16732095
189,59704749
186,90601079
183,68468011
193,25105263
188,08171383
174,09514836
192,09059974
195,87765851
188,94661260
193,52767606
194,83154414
195,29118031
186,00145566
183,08103258
191,16544135
190,30354745
192,65230018
188,84366091
189,20367208
194,78105261
184,87162055
191,18074735
188,07330353
190,90162608
193,16516263
186,18478895
190,84359242
187,51452752
188,10906715
193,05739817
188,17761306
189,67122388
187,21125960
194,09902061
193,89572298
180,18363224
188,35779229
182,57136467
180,33147740
195,75672988
186,25695448
183,61197022
184,46650044
188,87403232
191,65329207
189,89267605
180,42072982
184,42144159
183,06329451
188,71904696
193,82415233
191,34991485
190,03181584
187,90198929
191,57729910
189,19973340
186,68096469
197,52260406
190,68850363
194,06527156
194,33723406
194,21479392
187,29943199
188,98010922
187,88803803
187,33489322
189,32083985
192,30924426
183,67376560
194,08932405
187,44130283
192,98471523
192,49540013
189,99015925
186,76236924
189,52347768
185,35848798
183,92734800
187,76749400
188,45089786
188,60946121
189,66409677
191,18055115
191,19062688
193,17839672
190,32448643
189,57619800
191,73515977
192,18287284
188,75962167
192,59067501
189,07027549
193,26603095
188,59449366
177,34363674
191,29701140
191,37897229
197,32201837
185,38660574
180,15384089
184,95530641
196,50355922
183,28357385
194,83043667
185,77204538
187,28044247
189,78390932
188,40324873
196,90170391
192,49448325
195,87944690
194,95115160
183,95390162
190,62227744
192,13876647
191,80804745
186,09126577
195,92995729
186,24091252
193,00500485
188,04539578
189,96861296
187,32615162
189,29109959
196,86856342
189,31350289
193,03072520
195,06219798
187,88559828
181,72321613
188,07524328
189,36475060
195,54193489
192,52812809
196,41706712
193,69252614
184,66902326
183,28212135
187,06669071
189,43501891
185,90903934
189,14417547
184,28832835
188,32522594
183,79308514
178,83496551
181,82509591
184,75021753
187,80114782
181,37830317
184,41179511
184,94372263
191,66871965
195,66667954
196,63736584
189,09514192
192,28196060
178,99686639
185,85879861
179,49930241
191,13270711
191,85691731
186,79809793
196,87837968
190,44858173
187,68260095
191,22607862
190,10163254
193,65483797
189,82311067
188,86629837
196,28191805
192,75639597
193,04968265
183,72614656
193,02416720
182,19233560
189,80519943
193,12176879
192,39239137
190,74383918
195,34216851
179,84835058
190,19906628
189,20210032
188,17078813
193,94227376
190,86366212
197,02805741
198,41354362
196,55224449
189,83266410
195,36253232
185,22247964
190,07202590
188,23069307
195,16704324
189,55506199
187,80433955
196,04800501
192,97226937
193,47435759
189,35088199
191,34295599
194,77703913
187,32398774
196,57153520
190,20892492
183,42959992
190,86969228
190,46083448
192,30862935
186,04662633
187,62638517
188,27465580
184,41363082
195,79183004
187,49391892
193,52066582
191,82565435
186,85520054
186,56404309
184,47952386
190,79542804
184,70506787
195,07827142
189,31385420
198,61119605
193,79384030
192,17290912
191,00437017
194,27555933
192,75077769
181,40579393
199,38672193
190,69691401
192,14313877
191,39510770
183,09579923
182,02085653
190,14922088
192,55599978
182,41709236
184,86972167
193,24854685
190,48362056
194,22054721
186,38557713
190,44630473
190,49366234
183,50042900
194,46510014
192,22998632
192,43062499
187,49579193
190,96980088
177,68365082
193,63869614
194,36034351
185,08607014
194,12104318
188,40174612
191,29836691
189,40606246
192,18970116
180,05441217
190,19967548
190,41784099
184,86699596
193,94650560
190,83830672
187,78013291
189,96555941
187,04657146
189,02803796
191,29841878
183,84099604
192,14281831
186,36387783
177,28871107
192,38744686
176,93738916
189,44632600
185,54436179
192,42095680
183,00587897
193,74357642
184,65008903
183,52868291
193,85685617
189,43441951
188,98736989
192,67547578
191,85452350
184,01153893
189,85621672
181,37803789
185,38446112
192,45894997
184,94139542
183,55614251
181,83594601
195,21052816
197,01379934
184,23539146
188,44914625
183,85005445
181,12360964
188,61259011
190,37177162
187,10783137
182,06295493
188,73309597
191,15708866
187,56575992
191,58088769
190,21113764
187,79076448
189,37111023
195,08959168
182,04370837
192,30046602
195,95708819
191,28424577
187,31791464
180,65009779
189,50981792
190,53018918
190,50873556
183,30351779
182,77158408
179,39144832
181,77644238
189,98756750
192,50913112
187,28552029
184,70626013
190,04207159
188,28545172
184,86050495
191,50435317
198,45286651
195,39384587
190,27820172
186,11390697
179,91443133
192,38338458
184,18862273
190,07095601
190,78817279
191,15969307
190,23613362
177,09810884
192,91518600
187,74991630
194,61913003
184,73599472
192,95072760
194,28953033
187,50229700
195,79619920
187,21278517
194,16212471
190,69317650
187,85944072
193,82880126
188,23986154
190,47623091
195,96873863
184,23366389
188,02454748
182,91458679
193,24375120
189,59067928
190,34087627
192,35811579
187,21208051
186,32528695
185,84276862
191,99938052
190,39628748
179,57154761
194,51572021
193,98307866
190,00351616
189,42824314
188,50889599
194,27075853
186,65339526
192,19931469
186,50445192
191,06504656
195,20564229
183,15691410
195,52458344
192,90801853
189,12940295
189,19976868
184,82259586
188,76984751
187,68361468
189,24134028
191,56431318
190,80940439
189,00981716
185,14534587
192,02689229
191,80240062
189,07164440
193,29166816
190,14647327
191,00307792
191,55813641
193,88234685
193,84395924
186,73505232
191,60455616
182,63579710
193,24479916
183,32909793
191,59366823
192,01415617
182,82880937
192,21341292
188,04281401
196,84094086
194,99453875
191,16939940
189,06697152
190,90514754
191,34423705
183,21279672
191,12262365
186,25994516
195,09106468
187,39548136
186,25348896
184,40824190
188,40580253
194,49701640
183,86616226
189,02086980
183,11180292
194,79590622
184,88698513
189,26594324
188,23409202
184,34377186
185,55709808
193,28221419
191,70189453
189,11485594
198,09354555
193,57348056
192,65507354
186,02328855
187,64012784
188,25184267
188,30455077
189,30799708
191,45364061
189,76618720
188,69588346
190,30517942
187,10280860
195,99695395
183,29500603
178,09883346
198,12732135
187,02548875
189,40003445
186,71446253
189,66167444
180,84426707
193,17060863
195,78292715
190,49104872
185,03762177
195,27190590
186,72594222
191,80004757
191,88697217
186,21496918
178,96616963
197,92471676
194,33964376
189,96442935
190,27883026
188,55883421
187,69478670
192,11869130
194,37127852
192,79934692
180,36270328
191,78516809
195,55324396
194,82741514
191,52444299
191,25233214
191,92107029
185,82790133
191,93986930
185,85881736
197,92858464
195,13528500
186,26821685
196,08780122
189,69616952
181,57681440
185,04188154
185,70497441
188,64228957
182,47067413
191,62366244
191,80467999
191,38841549
195,65306100
193,06968893
186,96053007
190,91405759
191,35604234
186,98034472
193,51557199
189,31918621
191,45133179
188,72958628
194,15697669
188,76821510
187,25826844
186,10510838
192,92280678
191,15475056
190,39655626
189,05223918
190,42627265
182,67777469
184,65004142
189,12984691
184,22191696
192,70831972
195,48385957
194,84142938
186,60331267
192,65224521
185,98942875
189,11937806
193,38423151
190,92906260
187,01428491
186,23891677
188,48931128
186,47405339
185,27556080
182,75570334
177,95121065
194,20839799
196,06814414
190,23190496
182,42095064
194,58897280
190,82352364
197,25823235
190,74286286
193,19304108
190,60849775
190,63691052
194,95519999
184,41638910
189,84568612
182,16561269
197,83892356
187,12145715
186,87112944
189,45720931
187,14887052
188,84365931
190,65206662
195,43866619
185,42741945
191,63900404
188,53419948
191,26201932
190,69092093
186,04346224
178,37075281
192,51653513
188,98220323
192,50578345
187,98027252
191,35641554
190,85866986
186,93778259
188,26041154
194,51121752
194,51794110
190,51166189
190,27251830
184,27166395
194,54600686
183,39005124
181,96957427
186,01065567
191,96921482
193,16093810
197,27450618
182,13865110
192,11804583
193,77684613
186,46881292
182,13812931
195,37180530
195,35598566
192,11695463
195,24427276
184,93175685
183,38672417
190,20119644
186,12988435
188,41788933
186,34209097
184,12657696
190,24761866
197,20294935
193,76992136
192,59531596
196,86773841
192,59163637
196,66356225
189,52058400
187,87017022
194,27553236
192,84434677
192,43891317
191,25193614
193,49864328
181,36083018
192,14168972
182,07831219
193,09527982
184,22457145
184,91555206
192,37925882
185,32526725
184,20611258
188,20510796
180,21963614
189,61919586
188,88292269
195,60892310
184,37995785
183,06073413
185,83074800
192,48638704
192,66297730
190,28968629
184,46961901
195,00676954
184,84982541
195,44233668
184,43415692
192,92063247
187,78688775
187,94969013
186,00248344
190,56661465
186,20149068
196,14490170
188,07299145
180,96783180
189,30280569
183,33847911
193,41957444
195,04297267
194,94123289
183,50842668
197,56501587
186,97703873
191,81561266
190,22242174
186,53181770
192,61727801
191,02072181
192,00514365
195,36513529
187,43248049
185,60402452
188,83878084
189,45175466
192,38797329
191,89176822
180,07260848
181,37905577
187,45260948
187,70616780
192,23728823
189,39636304
186,40519073
191,66483192
192,34268769
182,92692345
186,59080630
187,89408093
174,39259251
184,66901194
187,57645052
188,30360977
199,38549100
186,88575053
182,01190162
190,10461023
188,79601680
190,59281513
190,60375256
192,43359266
180,27066500
185,35257516
191,80045837
197,78674606
192,48796435
190,05072197
191,52764147
189,19387407
191,34470008
188,13101641
190,85514016
187,36604079
192,33905089
191,97409193
187,61421220
190,56560544
181,15339079
192,46518642
192,05590946
188,99210504
193,95256331
182,10707751
188,20072851
195,46273025
191,48293220
191,10327976
191,59371702
189,98307365
194,17173204
191,30785573
183,65655108
186,97077000
181,41793675
193,32998164
186,75162966
195,07016038
188,83853758
195,26314648
193,88205040
189,33682948
184,63927266
186,45895498
176,42321690
188,75239074
183,75933884
186,44801321
192,25745645
192,24736683
182,55441900
183,07011985
177,83441809
194,01856979
187,29034878
181,41347881
187,24383301
190,19335800
186,67468080
192,12990663
183,47931148
193,26674672
191,41593488
192,11532873
186,90815628
184,89167544
184,25814435
186,79020159
195,76302061
194,01279775
186,01234735
184,66186179
188,21178872
186,24550778
188,55922569
190,23750682
194,04741164
192,61044182
191,36298681
194,84041060
188,90509706
180,31121304
185,46831518
183,58749991
191,34617239
189,74183461
187,34227924
195,32474528
193,41529812
194,90203048
193,57017680
190,40867944
188,53872291
186,51704518
183,56169942
180,79985439
177,65335205
183,03230982
184,24171457
191,96408382
187,60226568
195,89814776
186,54811730
180,67264611
190,35999207
188,70482343
189,88896028
195,13965003
192,16602360
188,60196890
189,14934865
193,67661931
187,96672277
184,50285237
180,68461859
189,07866682
192,35221094
194,85507428
193,89096562
194,61043766
194,64476863
189,76096484
185,31638558
195,18356312
189,15016042
189,56201346
188,85665870
188,92364790
190,74323183
190,87612491
185,90181073
194,74486040
194,29339545
187,95962886
187,69702536
194,15103156
194,05745267
187,75187250
187,60963955
182,30241031
192,46972521
188,96966797
196,91030113
183,76547893
191,06568585
192,42280504
194,29110663
192,82365409
190,82181110
194,16195819
194,36035818
188,71419267
184,44493767
192,52654544
185,90372153
192,13274546
190,38682332
190,04580208
191,46227805
183,32496348
190,75609607
192,52004789
179,68158064
188,58779026
185,96224046
189,70178881
197,60993329
185,90185485
193,07548288
183,89203267
188,04157423
190,34752765
185,21845977
192,21307253
195,49014353
188,35917002
187,22706899
191,91129794
189,60764689
189,70097357
189,26355977
187,81440555
190,96327466
181,02992869
188,79700442
193,43459173
196,18763736
186,01350477
186,77252821
191,22814623
182,90695194
188,47929358
194,83884402
181,69902129
187,48696165
190,47414276
188,32075989
196,08725652
193,49786905
184,87334137
189,25085148
188,31291033
198,63715014
185,79401086
183,31068711
196,18067478
181,37254267
180,82388428
190,19670864
193,43454730
194,34394029
192,03499770
191,83915007
189,19890001
195,08729429
196,23452004
191,51567096
182,51997284
188,96182645
191,63778726
186,73724486
190,34396925
188,00993547
188,39939785
196,07549631
184,25518433
189,04600712
182,20768887
188,40528073
180,52183124
176,03307503
183,49553737
188,66318934
188,07196346
182,89970543
194,74910918
175,36001173
191,47195056
188,54036866
193,55755113
185,64487596
185,26218495
192,23312985
195,67718535
186,08342178
193,27275823
183,00599469
192,84574835
186,25288809
189,31260408
191,42372292
196,54332832
189,75375140
186,87718132
188,90860200
194,31068365
190,88309722
180,24181035
194,94241205
184,38174121
193,48336935
194,10675496
191,21923006
180,15041694
181,39394574
188,23822996
191,08309185
188,89391787
179,05938263
198,88113723
188,09180940
192,44964194
190,35619080
196,18474986
187,99918499
181,70231334
196,04059140
186,33902353
189,77163650
183,18761345
182,31056443
190,77894054
184,47794626
189,44438517
176,13122988
186,18637883
178,98467274
189,29916262
195,22752906
184,87858889
194,78388448
192,60851183
191,66874327
190,93487391
190,62056983
198,55939640
187,77957501
197,70139026
190,46229788
187,08417725
192,57259939
184,98150575
192,85106527
184,72740084
190,64397202
186,81834928
192,52047252
192,16385823
189,95362800
186,11303705
182,68216232
196,34154631
191,16103375
190,63727836
192,12867003
178,79429197
194,80626701
188,13130157
196,97259521
185,07877430
188,08776253
187,41458371
182,68563869
196,65306875
183,58152385
187,79118450
191,32672461
193,29754887
190,83867046
193,34013080
190,33322739
193,23448230
194,44905198
195,33622864
190,80094563
186,08139577
183,35456307
187,33773150
196,66411988
194,49684698
193,28155405
185,96079672
193,54511484
185,36106312
181,89944119
190,33155616
195,90664500
192,84430099
173,53004232
185,62011093
194,51127396
184,73721956
191,69313326
195,78552438
191,47964878
194,93372986
191,90720817
187,52222082
196,07848576
190,68226736
199,58126138
193,80487954
195,13425040
196,81877824
182,26453836
192,29906150
190,86077643
192,62767467
198,02386525
193,46154476
194,45950543
185,01367628
191,07907550
196,77995527
179,40714188
193,50622658
188,08233708
192,37435401
190,45344622
195,63062135
185,17632126
186,79880186
191,90740091
192,67563861
194,70499357
189,45793218
192,45328512
187,98866781
184,10661663
189,83288923
190,34666159
197,76986851
190,30938974
191,00673563
188,85603418
186,83978041
188,62347012
194,46058953
196,53764872
188,41720444
194,88720273
186,41647574
194,59656817
195,53178153
192,56974832
191,04460509
186,40544907
186,56933441
198,59368438
184,49995688
186,44771616
183,58457649
196,27552511
183,80911293
191,83553551
184,90596450
196,73450432
189,92183134
198,65333861
190,32080481
191,09333111
192,18183628
191,38122229
189,66956147
189,95526559
193,07648955
196,36212766
196,70170260
194,99077848
180,61104306
192,74056684
193,94643123
192,04024484
185,90278459
192,61581669
193,24448557
186,60157119
188,24218039
187,07091340
192,06725682
184,42414831
184,20265907
179,28409997
193,47371646
184,33067847
187,60129304
190,42461576
197,19309626
189,36739826
189,62086460
188,85338694
186,11233770
192,70862870
181,36125495
196,57824829
187,03789346
188,39145327
185,62375788
188,33284531
183,81820890
187,97524618
182,88494841
190,93666932
189,95401628
197,05922768
188,54046005
194,33420689
183,93814395
194,90406228
183,83326229
192,94200500
191,94074584
189,98047834
189,00765230
188,58899175
183,22106219
194,68886891
186,94769171
186,12221315
189,07337277
192,81987133
189,06713964
193,29151951
188,46162778
189,45910581
189,15238176
192,90222770
192,14543711
187,93380435
192,13438744
189,76659292
188,80510862
192,43057582
193,93682000
193,64547478
190,77750340
192,78629207
188,54526970
189,25973264
187,38548508
189,60670641
197,18824325
191,32465380
195,21550248
191,24586881
195,88895951
197,01605306
195,66105237
188,62790227
183,15837541
198,30528779
193,41412916
179,00218253
187,04035306
182,83928269
191,87664503
179,87095063
189,10672553
190,29326955
181,85860516
188,57125600
187,17430307
180,86699787
195,00012622
193,38495946
188,70041334
180,09816200
194,49407358
189,00669314
194,31319527
193,03251687
188,57620382
194,70528531
187,79166261
191,41662728
188,89705335
189,15590260
184,96796238
186,58498252
190,91474257
180,28865564
195,42515471
182,52086059
194,19428104
190,90822447
186,95617972
185,71728801
191,07166912
197,55988569
189,98834916
187,46832078
186,52721190
184,61216928
186,09283223
189,49451850
189,24626192
191,55972032
193,61451982
186,19223384
192,06284633
191,70962658
183,12261455
188,44679889
193,40681634
182,39473033
184,68764038
184,59692702
188,55877119
192,64914421
188,44152776
182,64377393
188,39256770
178,87715569
184,53028761
186,77817948
190,21040761
190,26769917
189,82112277
195,04813077
193,67588926
183,49486560
183,96460079
198,56067977
191,91495132
190,16118257
192,17562771
198,50730243
193,79061206
191,13014900
189,49955423
184,38951167
187,89598780
190,07115241
185,53950905
189,56062504
195,62959137
182,46168962
186,53359460
183,19065951
193,54582197
194,03918801
196,64236836
194,65131995
191,72251245
189,27300267
187,82975500
191,83527274
184,83900128
189,45640565
181,53019081
183,41669796
180,86550859
193,49326738
190,89969473
192,90271501
193,62547080
184,13239415
186,86958757
199,21339505
195,06325864
187,95304081
181,75594866
198,07554212
189,19939615
193,44218213
181,58513414
194,69961307
194,18540623
196,82538958
191,61591809
185,48030384
184,45142894
196,27691757
190,96197468
187,73564608
186,48918165
175,99880141
193,38701246
193,35617693
186,71592697
189,41605370
189,28877242
191,48044165
188,05952583
188,23308499
193,01121508
194,36726264
184,74701180
190,61761499
190,82252270
186,78589270
187,83009395
183,09616324
197,07186598
186,38178276
186,04627134
194,46103012
191,68185237
197,48716229
185,90909217
191,33916516
195,74967307
185,45844344
184,77440176
194,18337086
192,63617809
196,55307228
194,85509286
184,89627953
184,35806738
193,51537015
190,16429948
184,03711487
185,77640682
196,23060340
188,37099875
191,35081546
188,34727408
196,48838408
192,56352532
191,25554225
190,57215618
193,84142312
186,82282585
191,58868177
195,93794304
189,99762324
194,73352479
185,96810828
194,09986604
187,49227918
185,48331009
195,33537046
188,57478667
198,49479595
186,29328767
188,63869265
189,06677351
194,25011723
192,89622658
188,94294511
192,52718192
190,92016208
193,34461685
190,65259321
195,34027975
197,11018044
189,72778498
187,36854803
191,51438728
193,58691248
192,88682500
186,72714313
186,03483250
191,97929647
195,07910218
191,76250685
194,22243665
195,55435818
190,54188720
192,32429226
192,20505095
192,08110672
183,81014687
194,01606165
195,00163820
186,68358233
190,61916428
183,80750357
180,60979722
189,92001053
191,16032901
182,53271983
186,75416242
195,08813785
191,64004257
180,24060075
196,08762051
186,03899600
195,14910236
193,90372284
175,41590506
192,05402355
182,42087323
181,76600401
189,47866125
190,05220707
176,86891491
182,54775524
196,37871060
185,30182723
186,80477252
194,99360793
180,92614120
188,18861600
186,84262645
195,04460907
191,70205437
182,41860251
196,45730806
193,81326050
181,81202713
186,14406863
196,07098502
194,33249238
194,16966972
187,26366815
188,69889121
188,82219920
180,63748252
189,96178834
194,87122392
192,38958702
187,36156956
189,03918971
186,60551688
186,66895554
190,50554038
194,50678449
197,07857297
190,10074159
193,79831380
188,54332714
186,53877632
183,99146199
185,22015989
171,10878275
182,26693028
183,81413184
185,57357904
195,60723165
191,46921449
179,19473452
181,46974322
194,82637427
186,51632436
195,62090080
191,04858076
187,45679347
190,91689884
181,83651759
187,75148972
193,87368822
193,56876626
184,11859000
187,26680909
190,37604081
193,74854232
186,35321513
188,99743873
187,09432244
187,45135366
186,86141895
184,50250665
183,92195528
195,02319680
194,68937433
189,15768101
187,75587988
195,25620442
189,40231609
188,84237867
195,97939413
194,23003933
191,64865252
187,55401017
187,28095747
182,84415553
187,14084539
194,23982689
186,39579016
185,93306968
191,29115426
184,96427679
184,74300769
192,47068110
188,36856572
183,37478643
189,02229148
192,22708228
190,97871396
189,59390010
198,43890349
194,30115086
179,19742566
191,13486386
195,66635516
193,30614760
187,54608447
192,64237397
192,89613005
189,17398932
184,90014621
185,48159401
187,20393285
194,01937969
183,24670498
186,01590872
190,76629457
191,42884598
191,98391952
189,78333084
181,98216827
192,95456031
188,52539397
188,23079223
193,93539833
189,52111223
189,76559470
195,63218486
188,61680398
196,64955748
196,59819780
190,17308824
186,09705636
190,44369321
185,18522720
189,49204897
184,59647520
196,66143679
192,56727765
188,83987944
188,60138782
190,23688592
192,05065165
187,67701459
173,28473547
181,29020300
189,34990040
185,85131253
187,48904067
193,43230946
186,12308202
185,57067455
193,85901328
196,21070935
188,02990285
191,21794423
192,46506576
193,52402098
180,17134968
190,87546883
189,63744949
196,23007196
188,06050473
183,73378035
180,93663992
192,94775204
195,40569793
192,68894176
184,36590089
191,40957621
193,68395279
193,99169038
189,09592665
193,08027605
185,90197604
188,07809604
194,43426416
191,88577375
190,33044048
194,19016905
185,52742442
184,51100154
191,55046568
193,53323919
181,13500717
187,22347280
190,65170749
188,58984483
193,47277862
190,12040453
192,80166793
186,54695317
192,96582342
194,82500587
187,41682768
188,71653801
194,68210626
190,11650605
190,01466270
196,56481673
187,36698906
188,89736685
197,02618758
195,30572144
194,50215047
185,38020825
188,09484379
189,75970488
190,45216118
187,01820615
193,65852809
184,07034072
187,71514574
191,33704913
194,05812031
186,44351256
195,23766986
186,66622864
184,95440125
185,98637486
185,34235187
186,08415265
186,51505598
192,43832519
183,00669220
186,30275888
184,62205785
189,88577449
188,05624404
174,59439367
194,15554020
189,91906416
181,10190852
194,97139658
182,78603583
188,12096792
192,58332037
186,58914929
190,73596781
190,29862325
193,40791105
193,00330573
180,50985342
185,80087616
191,50414409
189,91543779
186,01305567
190,39309786
195,40791509
191,09451830
179,30853584
190,23497540
189,77300324
193,09727468
193,30114724
182,91076436
186,70333050
188,70438798
193,43700710
188,99699091
196,02745575
187,50181641
183,88880390
186,07558427
192,97639275
186,50127170
188,74741481
173,47435718
195,17031169
193,24642023
190,05972344
194,11326972
190,15627775
189,42226923
198,70788440
189,66351874
192,98792962
189,71678935
192,23736705
192,83528948
194,21743572
190,01526916
192,85827638
191,48687751
193,62397102
192,56612901
192,20412826
188,31173346
185,74510245
187,96851490
183,29704524
182,71416305
197,66515351
182,78973653
191,26127863
190,75318615
189,52209651
194,10194497
194,41810451
193,25996540
184,30318440
196,97344370
191,70194127
182,42758972
185,68929018
191,35744827
193,62546544
184,88708119
193,90136158
195,97566879
193,62667609
183,87986375
188,33910451
185,00977451
184,50406280
184,65236840
191,24093394
197,06432558
192,02514940
187,19556087
185,96234867
191,68121023
185,22735982
193,09438583
193,95818699
187,39151128
192,07609475
188,40889539
192,21463686
192,18097757
194,20234077
190,81909210
194,21800474
196,90470457
177,98135582
190,65071128
193,23418020
187,02594727
182,29135497
187,56787909
192,62305036
191,38087792
189,24156840
178,71056684
197,32870056
191,62854184
192,46594738
187,57919003
193,35530358
194,18458525
192,84416683
192,00722284
185,29367232
193,34642955
191,16547139
188,93550356
192,25029117
190,13659616
187,80493064
193,08742309
181,58058200
180,65833281
188,91884523
193,48127031
192,18826208
186,95018055
189,79673975
191,71862330
192,40105547
178,39680302
177,83781172
181,87959649
189,23278320
187,31273955
186,05217514
191,61023907
191,84924389
188,57465614
183,17148031
184,14842135
189,15304289
184,43604233
194,88703341
187,57017060
191,73454978
186,86435666
193,20495957
182,88488382
188,52271183
195,20486829
194,49346089
185,02361164
181,27251668
186,90363434
181,24433803
185,73402058
182,89911846
190,26945868
188,74013657
191,27327106
195,78063492
190,50291224
189,98430836
182,28100076
188,17821416
197,28195931
192,91237065
186,83321818
194,02410820
191,40988565
192,43707211
190,77100329
193,87638903
173,33196852
196,22180660
187,25528796
186,75987044
185,84481785
187,65536379
186,56583039
191,95263223
184,50114422
193,98990021
189,95399933
181,74558811
192,23870618
190,95305211
186,02780148
187,54191596
190,44426576
196,57904596
186,97752823
180,57086088
192,05609742
190,44863715
190,48254125
192,53436083
187,69952564
198,22948573
182,68013313
196,03691889
184,80996939
189,88252296
194,58568178
179,04526274
186,81493637
191,96848201
196,21828215
192,34035835
187,10908516
194,86997436
184,67343057
189,39410913
187,01407419
191,04715920
195,45947033
189,39731399
182,61860025
191,33840852
196,12968477
188,06328908
184,73816539
188,64438523
193,76742406
191,88187949
192,85904965
184,26605978
190,92768686
191,31812976
190,34014685
186,28700833
188,39780953
190,66762314
192,07421226
195,70124099
188,31713556
190,36434845
193,22493295
195,90363747
183,66959613
176,95084435
190,03115849
187,98502395
189,96324444
193,32468960
186,83276888
184,83516917
190,44737094
189,36864029
188,57915568
188,92949973
181,77910507
188,43102884
191,13946822
188,84845633
186,20150267
185,64023249
185,86281232
186,29482028
184,67961014
190,41533860
188,01708680
186,33202802
184,59244138
184,74696120
194,11103750
187,25324339
194,98462639
187,88726391
185,92876280
190,08450800
190,09255063
194,57763180
192,42821520
194,49110280
195,90708784
186,36827392
192,01629332
182,29921809
190,51826115
192,28463484
188,18708094
192,05171389
194,81467899
182,89941168
193,35198625
176,59030025
195,51951800
183,38298288
192,77988375
191,85588960
190,04207014
189,60758810
189,50635860
186,60532963
193,93356318
189,97839343
185,82931247
194,41329645
180,40856211
188,90771588
181,07433408
191,08265840
183,35379791
192,78522255
192,56287587
188,43559048
192,83667096
190,55709046
191,87593003
189,06049919
192,29634620
198,50234079
184,21857812
189,29191147
194,17523018
195,77656953
192,41467393
186,25765823
187,49903253
194,44573839
189,72373310
195,56154151
188,03353612
190,89484191
192,35328972
192,11159463
194,02908935
198,63932896
188,26175011
190,12396661
192,58477019
189,17111869
183,49568528
193,17540239
196,48071877
181,98881415
195,35744693
193,40113925
191,78458859
185,87230859
195,69571654
194,85542616
182,19685308
181,66474279
191,06592976
190,56892188
194,38298552
194,45576707
186,84496783
185,31525936
192,38584262
192,87105279
188,08264115
190,17184927
188,99556835
193,91587106
194,13600459
186,82108689
182,21160594
182,55056701
181,71511896
193,71718529
184,52463100
184,92498559
185,16342229
189,19354752
196,35921126
189,49549001
192,07165283
187,39571465
192,21934219
178,81187699
194,07540102
190,39196703
188,34022642
189,24611130
187,72237282
194,80919878
193,99391495
189,41552090
189,81214381
189,87909477
191,36828519
194,53892989
184,53733554
190,76956589
190,95013083
180,64346867
187,74298220
186,75612406
195,06460044
190,75947235
193,54899249
190,96159586
195,50138990
184,23764876
185,42900448
181,72515910
191,05936433
198,73437949
194,51967130
189,74697346
189,42363769
195,27715447
194,36204388
189,06828755
186,04911912
191,75917875
187,26626053
195,00645807
188,27641046
186,40516252
193,57389704
190,61488882
194,29405130
186,58401551
195,19130456
190,67298915
184,77167712
188,73511207
193,90813272
189,75504191
184,32090475
189,65235381
188,94657494
191,84511141
188,04378114
192,03097850
188,05725588
182,26100491
195,03825197
193,52553485
185,56763471
190,27278880
185,72540119
191,33718030
193,04324555
190,73247261
191,13739775
194,95767737
186,48433198
188,09650970
189,79472111
195,01341638
188,43104516
191,80787940
195,93031283
184,00542322
193,95139019
190,05086555
184,14088081
184,48157561
192,97834637
188,39354342
193,17218263
193,45173007
185,16233842
192,41021948
189,85898818
190,52091085
196,43383403
186,76038298
193,12564599
192,13117491
191,96462006
183,68000000
186,55549108
183,63164409
193,10079072
197,75033116
188,23838882
189,76570759
192,98332426
193,86160380
187,49975079
192,38428201
183,52513348
194,83724837
194,05722068
191,40892068
184,95698636
194,01491679
191,96430245
185,02012618
193,79079171
192,80109076
185,59833629
181,89393604
179,04559067
182,73969854
181,87913139
192,66438159
191,79090859
190,03158926
192,04859333
194,62848115
185,03837360
188,36318317
191,08307466
194,78845091
191,98082459
191,89988214
197,03737786
194,12007448
193,59528213
196,77039234
191,54443488
192,05437049
188,01700274
193,11288069
189,04606730
189,89976174
184,23963065
196,54556661
191,58003162
192,49348753
190,59645070
188,26318750
190,55286137
190,77413410
191,16132907
188,32680255
185,26781536
186,21356860
188,49564381
184,61679688
195,14028825
185,97171739
184,42563270
172,61571861
189,31267717
181,42502508
189,32058669
188,81378356
194,92000893
187,36649758
190,32404942
193,41678348
185,95451403
195,47119364
193,53082369
190,68490644
188,80511067
181,81255751
193,17305281
190,57278253
190,86445976
191,08878789
186,37834299
188,03636076
195,27270858
188,36850277
191,77310452
198,37158970
182,14744754
187,54225654
180,82798343
184,97789018
179,43651386
193,06343601
185,88234423
192,24018511
182,66251679
196,79340099
180,72548396
186,50908286
195,76612749
187,95709310
183,04707000
191,57065197
195,31142613
188,11457053
191,29196103
184,39674686
190,97476853
174,28198053
182,97182151
182,65465886
180,50939082
182,60576255
196,71368285
192,86154491
191,06622745
180,85650467
191,23201613
190,48987155
189,50473587
198,27360991
188,23288373
192,51873568
191,30469634
190,30896976
185,61900207
189,96023021
191,32766629
184,69547414
190,07772600
191,77406599
188,23009221
196,37615667
188,86868009
194,00700429
187,76740517
195,35916096
182,94970988
191,58985692
193,05476304
192,95175825
191,53969609
188,11253679
189,11933175
182,80658954
185,16125949
173,46955534
191,93057175
191,21099200
188,08744581
180,64832272
191,67154815
189,96099052
187,72067135
197,48040307
188,67076806
193,32494897
193,31016058
193,33562424
190,00009515
194,25742463
192,36559945
194,12952865
197,87280967
187,20152009
194,23594243
185,78564652
190,03089673
190,37814103
193,43965929
176,03326075
187,31806781
193,75468771
192,60751796
183,91881481
193,73064233
193,09310439
192,39366824
195,38191759
186,78670264
186,44982485
191,53377604
182,36579507
185,67861208
185,67287386
184,65508846
190,55552201
193,68216570
185,01338358
190,85471665
189,80939600
184,92169837
191,68608471
196,72751716
186,47496169
186,20490376
187,07410924
180,57970036
194,56167502
193,48473638
186,60692020
191,70855224
192,90427034
180,79011127
189,81407121
196,42483239
185,49528248
194,01420666
196,43930597
189,78228226
192,65997190
184,01397682
191,63550309
191,58028200
191,78470632
195,31082911
194,53762727
186,01031440
197,50597746
194,27946313
185,37604788
186,67470121
191,67723061
186,58313624
188,37442311
195,99871359
190,76123648
191,10600501
181,81000984
177,15445095
185,33191205
185,52246434
193,25219262
193,01259270
192,82018735
189,05600531
191,36435915
195,23431132
190,59572295
178,50596356
193,13474702
187,25941852
183,94919522
188,10168026
192,17306838
194,73143847
194,97471541
193,43388791
191,99030293
193,50608910
192,08695119
186,20085443
193,45336924
172,06516562
194,97723268
186,32285351
185,34353311
184,46480002
194,63408174
190,51741781
190,46291224
192,50869937
194,37248555
197,63769272
192,85735769
193,52656956
191,80922378
186,17135756
189,09074386
188,48728164
197,61683889
189,65975894
187,84344808
181,93753275
193,27977082
193,29038805
190,39413931
187,68446161
195,43141440
186,45556917
186,44026393
191,62309690
192,13285617
183,11642002
172,94220812
187,00587699
185,15723316
188,68990927
186,20649798
195,80358683
190,08431802
189,77565025
182,37611406
185,25078314
190,09158527
188,77358323
195,88882463
193,41065705
186,51066783
192,09511824
192,82686147
185,23559555
191,34556501
194,46699399
192,41224345
191,44452987
193,31731661
188,86997133
187,49876857
187,33655529
180,52451884
198,23657587
192,75895747
187,90315202
187,40767005
185,79044217
181,67824781
193,84821528
186,83500833
182,35141845
187,29608176
192,57140114
188,03275280
187,47901067
196,72201962
187,08712352
193,41629895
196,18648207
185,07273140
190,51755283
182,83200848
179,62853947
188,05045883
189,18670517
192,89492898
188,72672147
186,84086888
196,31465632
193,31589513
188,02526828
194,23350723
186,52601174
191,83175142
186,72607493
185,45213066
189,46927075
184,33795291
183,31724469
189,96235235
185,83619731
189,32730150
183,88762590
190,38453817
194,12864661
186,57000149
185,86195620
194,75303416
192,83725512
190,06211691
194,87138452
187,19779555
195,48660528
194,02943730
184,42173085
185,49663222
196,24300077
185,10433203
192,03811894
192,85828740
180,67941039
184,96677613
184,57994121
189,83605968
186,97609133
189,10931841
191,01449335
176,01739057
191,28014870
197,75451743
186,90336535
189,52734540
189,24087956
198,28828524
197,42450158
183,74979311
191,18057395
183,11910857
193,58244262
187,52249973
186,73273147
192,33380037
189,90449466
190,40405557
190,23894999
181,60360442
186,45033818
198,59757797
193,92237922
189,18974723
194,09864435
193,74457235
195,75338181
186,74342525
185,73000193
190,84872048
187,54321999
188,91330653
187,43424816
190,79975000
192,16164416
192,66732637
184,35873563
185,42885954
191,54982147
189,59168325
191,47819608
194,59426181
188,99114910
195,09719750
188,16486861
195,10577296
187,49840323
196,26052078
179,45555023
190,01130774
191,01288248
191,04611031
193,37870911
188,50675022
192,53250931
195,28547223
193,03258251
185,76047062
188,66769641
185,31864875
189,11796922
193,53404102
191,63028403
193,21545165
192,28965088
193,40775185
197,55053450
188,69880031
184,28508222
189,40157515
187,71209367
188,11800439
188,18085900
180,14450299
192,62851651
185,11116718
184,16661603
191,24835313
189,47164741
187,97223489
193,27657134
192,66118806
191,41611305
192,44708666
192,07160490
190,06946186
191,04262403
190,83897511
188,69337035
186,51353809
185,98620725
186,98094724
188,72193697
192,27407392
186,92875904
189,85297569
191,72048774
186,52711590
189,04779401
196,31334822
187,16940619
194,39993917
191,21137094
188,77033314
192,41784869
197,66210225
190,44336419
191,41046850
191,23875598
191,66257639
188,45331085
186,76563510
196,00764095
184,70676139
192,61858977
195,30167353
189,27011647
190,05792843
181,72575427
196,88963624
191,77561402
192,45602057
190,18074874
188,36855206
188,01467160
193,98821112
187,90935284
189,73798067
190,01722561
191,20762600
190,98227679
195,43322111
196,83227394
191,32347462
184,87782680
187,23712678
191,49683433
189,99361329
169,53042043
188,74667515
188,87578895
191,72875439
185,36004374
189,58632671
191,25475037
186,36872175
195,11174643
186,40135592
194,30031473
196,10959695
189,74404430
190,85410823
193,33533603
184,28083747
188,05635912
195,77615890
193,29830824
177,84072643
191,55265380
187,60668611
185,74421687
181,55973933
197,89743174
183,52640123
189,21644701
187,69550408
195,05284271
187,12806147
187,28785701
180,86740995
193,45163556
185,32584741
195,15968931
194,06045553
194,74554686
190,05460851
194,43841785
188,59233466
191,04658229
195,35099160
192,15418712
189,43059196
190,60662362
191,20581888
189,04205282
188,26030923
184,56911453
192,06854615
195,79433199
192,51294527
193,31973711
190,71722071
196,93065699
194,04701314
194,14552193
196,52158907
191,90855350
186,19777329
191,69209061
193,94387740
194,51425469
178,61433430
188,66426275
193,77799854
197,03377685
189,64788941
193,47667193
191,64906371
181,46788520
185,42865674
189,30574729
188,67137085
192,47548511
192,55152029
190,37907561
194,96133615
189,60175805
182,99407261
189,34526880
192,97770839
187,06274038
190,13609310
193,36936690
188,52882087
184,16034949
187,06403879
193,46715272
187,35729450
185,20924481
192,75948884
192,66779428
193,39394900
194,28370851
189,61330425
188,56861375
190,19004956
183,90373020
187,95628314
198,51228946
188,42100527
192,20989365
193,02103973
191,50801568
194,07634257
181,36714237
196,46843771
190,54175840
183,95151542
184,44845551
194,01169563
187,64791137
184,91187817
194,56197541
176,91057260
184,12638310
188,83173651
192,51669334
193,23625893
182,88613841
192,13031896
193,60050505
189,63222702
188,94100184
194,54989140
178,56682569
188,36536151
193,94974430
193,83268404
186,20741725
186,56903316
187,30433018
190,54398826
188,30073941
187,03308378
189,29049373
192,33857435
195,93808702
179,75688897
190,15495963
193,81006826
185,85597595
189,54379501
194,23340239
188,98692629
194,87174581
192,21589798
186,85036653
194,20098864
192,04352963
196,58250448
186,13244935
190,97007829
190,96376887
183,84200975
188,81328523
191,62445035
194,33656871
194,33779598
193,30456326
190,50615054
183,66714806
194,75057205
183,47530292
186,80644935
193,41269500
192,52089276
191,17280340
188,97764325
187,28549330
187,85335051
190,22410421
184,70991590
190,33590711
184,32650736
179,15750626
193,05658882
188,40206762
187,84736150
189,52623937
192,89208520
189,85354405
193,72002773
195,13979593
187,54607358
184,56844918
197,32122100
191,11354912
194,36741809
183,95012904
178,34113709
186,27739979
192,81362673
197,30203464
193,00546674
190,58191148
189,35517717
190,21879294
188,03796953
190,14671578
192,64156150
195,04218745
190,30102581
192,62169821
189,08865078
196,52255050
188,69542721
183,38364974
199,12793752
190,18881756
194,40176114
190,52629086
185,91144926
187,46744318
176,70891511
195,23262544
192,01407614
195,78332218
187,76324618
187,02139587
197,35528794
186,72981056
193,69412069
184,17817035
188,33332357
192,36073842
195,54309770
185,08188088
189,78441754
188,37449802
187,88413971
188,62251717
194,21364405
181,48126732
182,54331695
192,55878400
186,04952958
182,64952154
185,04012372
186,67178265
183,90188236
181,75914231
188,56443843
184,62402823
191,80251499
191,20000225
191,95679242
184,54681930
182,17544170
194,10596639
191,17083255
189,35424669
186,25565668
184,52813554
190,01724982
195,12065566
188,28252867
181,99344487
191,91049883
187,74696939
194,78450283
184,82716426
193,51491632
193,06197950
184,74088039
191,82046475
190,95232309
193,00207973
194,17625819
184,82306290
195,23204845
186,15543442
196,01762307
187,07011071
185,40836594
189,54536348
192,70138938
190,55756474
187,25171359
189,56005311
187,30059231
183,50424297
194,92775393
190,99764383
193,90946467
184,32590556
189,96170168
188,21838056
186,97851304
179,55805456
191,46666580
186,58442603
180,72018075
190,32000388
188,66641042
183,25407210
188,50835337
190,75455258
186,86593529
182,99810489
197,92515670
192,13512152
190,36821462
181,56565692
190,49805843
192,39654406
191,55477021
196,63427377
190,28465247
189,63814862
190,85311501
192,41135354
187,07208020
190,81649905
187,87412664
190,14764253
181,07083765
184,18169282
180,33017738
191,66660235
189,56308261
185,94077252
188,76987735
190,30890408
190,26168263
192,88827405
188,52298599
190,04204027
190,20503627
190,17679852
197,96506950
197,16370070
191,93358648
188,11062354
187,79315394
186,00340499
188,45169778
190,85617606
189,65184244
193,97046095
187,47905514
193,33451876
195,87732521
192,80936812
191,30659328
181,59715954
177,16445434
190,98349197
188,25115060
190,07063868
192,73269590
193,94312371
181,24262049
189,59091872
192,86148976
187,11133643
194,34060884
194,64060513
193,75313923
188,89909098
186,39135353
194,16294896
194,72537166
185,69321846
184,41149245
186,50365462
193,46696107
194,17276183
194,33319683
192,56846447
188,18211154
191,34934348
190,75237123
195,03574253
193,01381106
189,27144367
187,53204513
189,17224129
184,58530003
182,85341607
185,36640890
194,63274686
196,59887045
193,86681899
192,65859941
192,00690411
193,06841585
196,18306237
189,79592451
190,61847121
194,73048057
189,57838502
191,54391301
185,75382117
189,56485015
196,58411729
185,16566642
198,09719365
189,06690948
191,81021510
192,54586659
193,69270877
193,16727493
191,00987636
187,05776927
194,81524717
193,48222531
194,63133871
195,31471293
190,71720627
196,09590494
191,22075530
195,93739041
198,08574260
188,89740361
188,35980850
188,87615975
186,75966257
185,11552328
195,48918163
176,25584090
192,78597049
196,03632593
191,79878554
186,50913118
185,34290503
180,94086045
190,88933227
190,63516160
190,22139807
187,76266437
186,62572623
196,77537971
185,66912579
187,10030752
194,58732909
187,41235889
186,49344562
196,07600201
186,24192106
189,36268453
191,74821836
191,60330581
195,49076356
190,32339565
189,34731454
188,96155392
189,09431164
182,17527151
194,15386100
185,60952678
178,69450228
181,78534100
191,72548813
186,83947258
193,68910125
189,30703954
188,78150939
193,22006379
193,20895734
185,45980430
195,67628473
185,14133151
192,70583697
189,28961212
192,79609365
193,05658951
182,07254193
185,43272465
185,40534850
190,26637579
184,22974874
189,08487322
189,74452524
190,09657137
191,18977777
191,31462430
194,88712171
194,26896394
195,27972808
197,14043406
192,56322923
191,94756234
194,11749455
187,21890101
186,77133075
190,02246766
186,48144880
190,47503046
191,93062621
192,46088763
185,09956176
184,93313380
189,08650737
191,97687369
186,00066163
194,07930500
194,46894959
194,79907918
191,99412854
188,94541830
183,40339616
183,05622444
196,67728594
198,04732548
178,62617134
192,49675843
198,31017672
184,51651006
192,11092530
184,05289307
189,47872525
197,28324414
191,19872719
194,51747305
188,89055433
184,46830548
192,99867486
192,64497170
189,94905770
186,32940257
192,66691306
194,41231037
197,28302973
196,64711422
191,16561996
185,09164386
189,00793344
196,29330209
190,54765125
191,55935638
190,61527208
189,09392431
187,95611455
188,26163272
188,57009188
186,11287677
192,28504555
192,78001964
191,66236218
194,09943069
195,45440119
192,03624159
189,93457278
191,32861698
187,20088389
191,78149073
190,94117188
192,49581468
190,01931455
196,27428726
184,60889362
193,11029794
188,97426683
194,56790212
194,05952224
187,83007375
189,41540784
177,57976784
198,29679386
194,46123566
192,48642369
181,54866181
179,99681844
183,05899723
197,19098040
195,66395365
196,59358180
191,54668113
194,70753937
192,83017647
190,34843854
187,29333325
188,51332007
192,42306411
185,15174158
190,29980964
192,96218849
187,34754601
196,88492914
197,06659711
190,43572124
180,64621221
189,28180451
181,11503896
185,91755296
189,15713281
195,75107748
189,51467510
177,00139538
191,54023089
184,76555084
196,99252565
195,77245858
184,77403199
188,25447819
195,83405844
187,59114411
191,32726117
191,74698859
191,15285490
188,11042148
192,35792003
190,81915728
195,55289222
196,43248930
185,08483648
183,68042204
188,57499908
188,51738544
193,38921546
183,68516864
192,48832834
196,31312892
194,98638285
192,56600980
198,27552441
191,85696338
183,98693845
189,72949830
186,00319847
187,44808944
186,33739001
188,45785746
189,79403134
193,99846153
193,82728834
185,84568571
194,38199581
185,21184686
179,70513225
185,55529737
194,51481475
188,48515720
191,86158015
187,89139524
193,65124385
194,48741777
196,15249670
186,46190923
194,78091640
189,93742006
194,36936666
193,37380982
190,94272137
188,52465995
195,71852834
185,55154859
190,17273788
185,75623205
195,14559450
192,42396207
192,11146390
192,44912165
190,69639600
194,31290659
182,08494617
183,17546463
191,49900487
190,78747028
189,56482222
196,87989471
192,94632853
188,60044756
187,84282132
186,60930617
195,81871085
191,60582734
189,16133166
196,92666737
192,06670245
190,15814059
194,53902310
193,59542462
182,29381436
186,97651416
186,76158872
198,02526579
195,93337333
191,89828865
194,96628142
189,71405802
193,93209695
188,87782352
190,93418404
186,84769443
190,34151368
182,49853863
189,75975557
198,20940058
192,30422561
197,72260213
189,19756635
182,86547965
188,90850513
193,60149534
188,79711634
187,89779848
187,35612003
193,70786870
189,70122056
193,11703452
193,47311209
196,60575500
190,77762000
195,35000017
191,72815685
194,61724951
184,47793382
192,81715429
187,71813252
186,29997993
184,80358497
191,40971409
188,11005826
191,51098692
185,83319027
189,03059523
182,61952581
193,39970858
190,10468352
192,84191574
191,63807310
192,08492791
191,62690576
190,01193489
192,56446609
190,79609981
189,56261510
189,78031987
187,77053045
186,59585613
190,58897691
185,38753703
194,32579921
182,76973847
196,37256818
184,68094305
190,20716196
186,36933716
195,21987798
193,42613813
182,30513269
185,83702340
182,01561646
184,57995441
189,27884856
187,67287378
197,58900037
191,65505659
194,67025763
181,83118807
189,55444647
188,05064589
189,13461901
194,50354724
191,39395201
193,88706326
178,44625970
190,46701683
193,66078813
189,14395338
188,05646928
189,12549875
194,30359879
186,66308878
179,49950109
183,82799990
191,37344059
186,97618664
187,11642838
195,55842442
194,26289126
192,10103857
182,62870711
189,93352221
190,99644757
192,74738622
191,76539393
194,82527956
186,91812806
190,41336273
182,29928231
189,21949856
192,75765106
183,98754017
197,99521703
187,43637514
187,20729483
190,00905804
190,22860880
176,98701693
187,28586059
191,29316946
192,99453599
185,08873656
188,31699775
184,51176448
191,80880475
181,48739708
190,89411707
193,83029661
193,15873411
179,04737449
189,82425100
185,41238243
179,38123357
189,29141607
194,63718456
195,92687445
179,43005055
189,80047440
190,04592493
188,22280620
184,59892268
195,55466559
194,00349789
186,75044888
192,25221996
186,20803108
193,39042093
189,54647844
195,95458128
190,65862551
194,80086922
195,98094185
188,99439553
188,34638819
190,83741023
193,25509828
183,91400544
184,44181592
191,83132454
192,05236068
194,17503425
189,81038744
188,42898024
185,50497497
191,72067813
184,85376997
194,55208556
190,85926502
191,99131309
195,98692263
181,89646227
184,59171488
185,67948826
188,68615816
184,56941710
188,96765774
184,25248683
194,98670083
194,24468148
187,05332668
190,80758311
191,56793634
194,82351343
191,00833049
186,17381909
184,71480246
186,09936993
192,50609183
183,48298810
192,00643154
189,29613205
192,76966959
191,17560545
193,76892172
188,74049507
184,88410243
186,84919590
195,53391660
186,25627610
180,48555343
188,74330672
193,56227938
186,19171483
189,94066697
193,52491164
193,09425787
192,94307152
191,10360047
187,86060130
187,12342612
188,29460328
184,64034131
186,56894940
191,16784314
185,34949963
191,89115206
184,00823408
189,83798435
186,25552215
185,98081392
194,67659210
185,40262880
184,34353733
190,50973452
182,25480971
182,02441087
192,27886046
188,79823588
189,14400825
193,06798460
191,95907705
184,10804728
184,04604560
193,57028626
195,68237114
192,11250546
191,66502886
183,59956463
194,61695474
191,90684497
191,75767489
185,29159664
193,13748798
190,76039110
189,41139839
194,93160843
187,34016158
192,85429214
195,59796963
192,49690449
172,32015534
194,71147303
189,87135958
189,00977380
187,62122713
192,98488133
193,58608080
187,62077752
189,47871846
189,11184358
197,75636429
186,89488433
189,07830868
192,32297320
188,46065246
188,85548397
186,90833230
189,41820628
191,92501895
185,11902630
187,81066780
184,94734590
188,97547936
193,77075076
189,91886842
188,21630148
195,38907569
190,32023055
183,86345608
180,33094556
195,16233461
187,03822218
189,08926250
190,14192524
183,19004953
187,98139707
193,36152562
189,12983038
192,68320460
194,81170944
192,65623254
185,48152214
192,31395925
192,99361291
197,43232351
190,51415343
194,21185798
190,14188748
191,52789645
194,71249536
194,44747353
194,42379995
196,42281819
196,04722273
193,19682001
195,83882602
191,21509886
193,61667665
190,44819775
185,29277187
192,53071023
194,46746060
197,74321211
186,05264843
186,73166923
188,36178961
190,84909736
191,21114535
193,07373759
194,19616812
187,63074397
186,43426880
186,90870480
187,15988871
194,04278426
192,90779416
197,09543178
191,12681631
192,21915224
185,73003885
194,40294880
186,70289572
195,28150889
197,22911413
182,91044827
188,36345302
185,53443129
191,34784494
187,98419050
187,73240806
189,58225863
182,27241086
186,15113945
189,58382672
186,50854961
188,67978669
181,05651018
189,01249176
190,27099850
191,05092726
191,02921991
192,90672377
189,97969773
193,35978623
194,44270897
193,29392699
184,23995073
190,13480472
193,30264452
184,27129178
192,73079792
187,81831550
191,09078011
195,26529391
194,73058224
193,72568173
193,46405391
182,13759921
192,85415406
187,51672312
179,78313606
180,51355157
197,29160598
190,26804351
189,29098221
184,97953572
183,96352561
184,61769147
194,50970733
186,92342708
195,00882564
193,50990803
183,47033598
190,47883511
193,20824404
190,70351760
191,48628509
191,03326670
191,77256517
189,21747091
193,84634405
187,83385372
192,99571839
191,26403046
188,49078884
194,33673289
186,23749307
187,83587455
189,84510668
189,90104036
191,69374113
192,88061175
191,87874185
193,42394825
190,97141523
185,03305771
188,15973184
192,15236545
195,90932098
181,05725480
194,26804155
195,06842686
180,05698189
192,03605684
189,24594400
188,58871280
195,85794695
188,75984037
188,38836314
186,46637580
188,12289453
194,92894502
188,19065900
182,49807363
183,75422417
185,07357033
193,89962246
188,25937765
189,78109127
191,85203785
190,53747395
191,56809533
196,65488089
185,25655879
186,64350695
193,32956358
192,00018905
191,44545508
184,74870220
193,70825912
193,62012507
189,44028788
193,45805570
189,22889823
187,36807433
189,73359675
196,11928327
192,08328740
177,79776432
195,85368737
189,42054312
194,17059703
181,84439160
189,13206337
191,66431019
187,20123345
194,62750504
188,93642940
193,74063955
193,51529896
186,79344251
192,70556048
182,83070468
184,80727576
188,14450047
191,59515177
183,90440889
185,84392462
189,51126757
191,90370386
194,40236846
194,12720876
188,07905508
187,79947670
190,07615035
183,53473930
186,15322038
185,51442546
189,60592659
188,33510733
195,39182230
194,99041923
189,44420864
192,47581569
186,44028225
191,92227102
187,82892202
190,67449582
178,37236512
197,89031073
181,16452175
197,12379137
195,44082271
189,15059548
189,35339919
191,82697213
182,58117261
189,92061624
192,36162343
192,38865353
192,05050885
189,18233650
196,22878344
193,13685641
191,13953472
186,98890704
192,14079561
194,07835312
191,39685749
194,51727377
192,13315964
191,98022498
194,34523935
194,45296411
196,24704754
183,62092357
191,90037644
192,65279079
185,53497821
191,76983052
190,30872097
194,34731184
190,82680527
191,69438768
189,89753433
185,03912230
192,93469520
190,89694659
184,48689480
187,60137661
195,40030241
193,95381089
195,70996712
191,69911155
179,35504793
192,07679770
188,17811386
193,66131891
183,89218540
187,26771192
185,93243244
187,01349941
184,61420849
188,68104910
189,43512755
193,70093388
186,96705070
190,64641305
188,32454890
193,00049676
189,48617970
189,31346310
179,99291483
190,38917736
193,81375326
193,44744140
187,01408112
198,41418584
179,65433338
192,79755497
180,87715996
187,19274815
192,43500154
195,71579568
194,02925476
183,93847806
172,94180081
179,72144075
195,93807555
189,91763995
190,35398453
186,64346803
183,90164546
187,63968815
186,41549352
182,04145974
191,22048389
191,31342185
190,20420704
183,27329975
192,87122767
187,54003822
193,29608320
188,98525018
188,68526913
181,53482049
193,27583933
185,97513799
189,17240425
195,52056911
195,05390900
185,30278105
189,96531447
193,87447929
191,87308936
185,26716202
188,14421510
189,93263510
192,35741290
191,71823334
182,12335334
194,21657842
188,90664565
196,96468007
193,13053460
196,88978816
192,14642800
181,22401301
179,85164461
195,05057591
181,08632425
189,72225133
183,66657426
189,36407207
196,92819228
190,50266701
186,87384432
181,35231760
190,90810900
193,83991496
184,18333455
183,80087272
185,64485268
181,11836424
181,50792441
189,16335771
193,25714882
192,88087290
190,62937105
191,42391419
193,20880778
191,95501922
182,80195549
191,42513449
185,86482726
192,42108633
189,71524542
193,33811352
186,20119676
189,70041831
190,18121962
191,09529395
186,07481209
184,82107062
194,24931265
188,43634428
191,97130581
187,79468740
192,66206219
191,86010383
187,28822073
187,56161749
189,02308919
180,31799181
192,82489629
189,47368931
194,10823420
182,46070725
180,61234614
196,67582510
196,96326621
194,02306639
187,15748919
191,73254715
190,88022965
190,93915788
184,39435703
187,50237000
187,81575895
196,14142323
181,17417119
182,42030717
194,00695087
190,74207438
191,74592114
193,70485715
190,70487582
191,69731378
194,71782427
192,58960986
182,03071608
190,87359183
192,08318755
188,33569592
192,90475714
188,65045474
192,58760964
188,77696353
193,01632134
176,73040766
193,49971873
190,97015466
195,05838798
191,47340068
187,02604205
182,74533947
186,91534974
188,75082789
186,80334937
193,44817133
188,97819537
184,70968822
192,58174863
190,71738588
187,14984773
195,34658036
191,13470531
192,67703043
192,99241226
189,26109159
197,34664944
194,56031962
184,96266288
187,09118867
191,03112882
193,00420235
196,25143089
183,48897460
191,34437889
188,79210530
187,07481128
180,82134965
195,69807980
190,01746641
186,66456382
185,07529540
195,79065043
195,27694453
194,39400025
185,17460397
194,17496026
195,77252004
195,54386462
194,22446208
186,60244138
191,23951330
190,66710080
194,16361281
189,50393171
194,13627316
190,10872054
192,96449983
185,97741536
190,24620665
185,83524904
190,73821103
187,01167226
180,27030102
189,32564402
198,24120895
190,30585734
182,99335806
194,77820489
192,24316140
192,77727097
186,32566439
196,81551811
196,79622759
186,68888772
193,89978348
190,36779009
194,54760162
195,22462993
182,88564898
188,14079819
187,81495825
194,09382838
188,48235937
189,00516878
184,39545260
196,75560147
192,85122864
192,45863506
193,75502204
185,11991534
189,50414837
192,68733716
193,84635959
195,14033207
187,81479683
188,73999296
191,33108594
193,76152205
181,58494609
188,49134456
185,87979930
188,30598092
190,90209687
190,99875342
193,79205283
184,77334171
197,18491055
196,88174438
183,55638165
190,25462203
188,21151682
196,28134126
192,13276862
181,34882959
191,20948238
186,24669389
190,59652554
193,53398967
190,24875156
192,58688131
189,70123752
193,25940944
188,33262049
190,84957864
189,63912901
184,48651762
184,95449634
194,48433753
184,67897399
186,80599440
189,82144911
192,36196019
188,76976099
188,54440802
193,84259949
184,91498130
193,56564124
189,00301418
192,05571135
193,55773787
191,26359596
186,44442054
190,45551610
190,29901304
193,99845126
191,82604104
196,91141459
196,72801910
184,56072885
188,89846416
191,38716703
196,87892475
193,57105829
195,80801297
193,17379305
190,85751497
186,63966487
191,92500526
195,33819805
195,33472789
187,04226903
194,73238651
191,04414188
184,79506571
184,14407979
182,14407864
191,41420334
185,74006655
182,39473873
193,96852408
188,72616579
196,03697713
194,73769474
191,89555452
188,67419308
183,21389592
194,16628774
184,50484286
192,73022980
191,10781221
193,67156030
189,91238692
180,43055946
186,81887546
192,65883910
187,36877171
186,98936368
191,71860719
183,92417541
192,48163014
191,73935779
190,88440822
190,57482591
192,42994681
187,80289870
190,21467113
184,19623250
193,29233048
183,57936609
184,97382617
192,88351499
192,69433894
186,22166423
172,54015325
195,34142052
194,04478520
196,67494707
189,43531096
187,42875317
193,39802173
190,72378103
188,55547713
193,26750300
191,61261847
193,70485737
184,10261299
189,04051256
189,07214860
190,63175239
181,71523948
184,62416297
188,10652470
186,04219386
183,33919362
187,04261602
190,16278837
188,74722767
183,57602279
195,30893990
185,84583016
191,11639929
185,53495075
189,02189203
186,10877572
188,71665117
191,14279523
176,43652928
188,52849795
188,96713125
193,39767867
195,31290363
187,74461017
189,83720157
192,29034573
185,43067794
188,08491306
185,98316257
192,51147191
189,32269647
186,26288240
193,27017150
185,04344777
195,58735078
193,06591576
186,40340918
194,49318104
188,36094880
185,34868640
194,73155573
187,59860685
188,81509797
194,16585825
191,45047425
185,40619917
190,68644117
195,92485097
191,26263220
192,53113005
192,91285492
186,54844528
184,43082454
187,37702727
194,36898283
195,99736344
186,30936721
189,28545950
178,74303283
192,41928827
196,77629733
194,67870488
190,34478320
186,22749292
188,25458072
185,99073494
189,51771927
185,89757679
188,25641699
185,27835954
186,55407119
190,44356092
189,44570858
194,07333802
189,06267025
196,00956518
193,16379389
186,25001283
194,92349304
187,90486785
185,11999906
194,89938250
183,74185511
187,32741214
189,54270629
185,32595841
185,87007514
184,17256084
184,40564044
187,75386619
183,44827301
180,43698471
187,18681947
193,84495945
193,97947249
187,08231476
193,12273535
192,09992973
192,21213159
190,51463310
195,75272332
183,51189532
190,06222177
182,91150055
189,91368806
187,59403858
183,51809521
183,33181395
194,58755052
190,99054594
185,61721712
189,87150480
191,17174936
190,66320335
192,43548799
190,17453370
187,68400713
189,38711935
180,86606718
191,76557318
189,60279297
194,92771631
184,40341756
189,93575306
187,33436298
184,65400211
191,65424276
176,61509159
195,15852843
196,44902071
191,35380975
185,30102276
190,64228893
186,58978940
189,08036718
188,81281938
189,78327341
192,18320065
190,17801993
189,48070679
191,99765797
188,98518550
194,25353184
187,21524375
193,03917121
185,72226335
191,50841343
194,23828162
195,65083186
190,46727020
195,44861977
195,33660992
197,85098514
184,02514396
189,20363494
194,96398806
189,57672807
191,80000348
186,79428505
196,85923781
191,63650918
189,94513322
189,89948580
187,09347450
183,55179848
187,76904340
192,89018871
192,00025360
181,86262455
193,12251629
189,44578702
196,30840869
190,14331777
190,55001011
190,67268805
195,23709586
184,95111110
191,68903813
192,71373778
194,26545989
191,63701225
191,23192850
184,72148736
179,61941947
192,01971511
193,13417700
191,61587752
191,91665405
187,25059166
193,58241658
188,99164096
182,47604522
194,01028707
196,48967855
189,83914729
179,36755098
192,90306832
191,99829335
188,98316150
195,60361997
196,49142995
190,68101533
195,17408921
194,10822925
192,86873480
183,18606257
190,46223012
192,87132495
191,34734161
191,18879371
194,40012824
192,99771585
175,70899784
188,71644949
193,60281379
189,51318248
190,98593348
193,43756625
198,29685117
194,02166519
187,12054989
188,03100804
193,05028958
192,67543752
192,98463303
178,61646946
196,66703593
192,25582926
192,69508327
193,91467203
191,30982122
188,94922756
187,31406566
196,85407256
183,25974894
191,16625230
180,46352917
195,15443467
188,99564434
183,59966368
193,15559664
186,63642246
190,19810238
192,07464468
192,71097370
195,63082227
189,10651644
193,82556620
191,19083088
195,09696062
194,50000075
189,36230298
194,87438300
192,46799196
195,25908762
199,09565338
195,06985690
185,05884217
185,53336481
195,09933910
186,58796785
194,90863051
192,70375092
193,73820844
186,28774636
195,12528250
182,80827222
181,70327683
188,61413613
186,30187942
185,21145156
196,35925797
187,95354867
185,05056014
192,36653728
187,38728621
184,43432670
188,82218048
190,76649579
179,51537575
187,81786013
192,17629992
182,54271611
187,63302360
194,41700192
183,10571173
193,13404733
189,32374350
188,73222099
187,22247924
184,16338922
189,48993799
194,53105263
196,25353025
189,85359103
186,28947919
189,14632700
190,67609676
191,32653374
189,03590921
190,18891712
191,24112216
191,83810609
190,56716570
188,43480674
193,69124384
187,53041250
192,61607921
193,76212561
191,53759995
193,86141430
186,78102078
198,61070970
191,76929205
194,73293209
192,73570340
196,94931410
184,50812922
187,16272475
188,79271758
191,17211588
189,90466533
190,21091433
182,18681909
183,11082290
186,73076801
196,37978088
189,47096559
188,11972203
191,29911921
187,37663024
190,02871911
191,73917712
185,52258919
190,13528470
190,28661449
193,62847050
180,89555111
195,25270642
196,36219391
194,21529494
187,95031986
189,39663532
190,07868097
193,93462719
192,96873086
185,37199477
194,19517045
191,04178555
191,20446321
192,16579292
189,39021295
185,28369130
188,78206671
187,52422180
190,05457744
196,53156556
184,32353834
186,91479915
185,92044161
190,43123713
184,59055475
196,11037397
187,39264175
188,77722951
191,73412851
186,31731283
179,35356656
177,56644570
192,78652614
179,64920909
186,38182775
188,63376906
185,16017699
185,01723538
179,23420446
188,81130093
192,21681899
190,50210611
184,93560872
194,18931332
183,08245985
198,29841978
182,46641956
185,90728381
186,94942129
195,67610324
183,16237191
191,97294863
185,02921285
186,80980309
193,10247138
190,15028134
187,53317434
182,41482100
179,47400403
181,61049110
188,77299672
190,01480485
183,76010802
188,70575399
186,26759222
190,53265437
189,14605491
191,58499836
184,68172194
190,91808297
194,03988730
186,48981483
190,39653280
193,32779104
187,78023809
190,91870572
194,99608606
189,63212835
195,63288477
171,14879702
192,64317446
183,04690798
195,33326996
187,38423427
189,98973259
185,46021154
192,33909248
181,44184280
179,90027471
182,37845038
195,58663483
195,09279615
191,83790728
193,83105281
193,86011813
184,56812977
193,10854416
190,93130346
187,79787755
189,46582801
190,04137396
188,10985229
192,17106488
182,63016593
181,16282159
190,87347012
191,56512412
189,06308477
183,78364078
193,33747831
191,94472777
193,34477962
182,90613678
197,66031077
196,69509761
187,65330248
194,81571122
188,28337933
194,43357759
186,41818146
196,08523392
187,89627586
181,52432182
184,87632921
188,80703420
179,82823786
188,92391033
191,35000760
195,92476701
193,91463616
192,80029619
189,84024543
192,98516680
192,70633538
190,36470165
192,71634219
188,68902879
190,39129880
192,93279779
192,66828563
196,97612797
196,72740890
196,10587645
181,78184401
185,85008326
195,63640102
186,06138326
189,60015405
189,39420821
185,14558246
190,42034159
197,05776535
194,67848194
195,85768082
189,82956116
181,67133758
186,70978163
187,11105277
191,80482070
191,25915902
194,10188019
192,02484738
185,62850181
190,32175275
193,49253569
188,80957074
192,37199623
186,40169817
194,20943585
182,07661895
188,34043300
189,22077185
192,48264847
191,90352131
195,01271054
188,54910566
190,40674864
194,37340899
190,52018120
184,34889532
188,59071568
189,43497877
191,47686986
190,94125145
188,34320007
196,10711277
185,19917377
197,50562644
185,78788897
187,88880287
193,44476203
191,40751324
198,06835242
190,60290307
181,96251126
189,47912952
186,33383938
190,77257238
190,83661878
191,55354725
192,71266021
195,95729670
179,27527450
189,00748216
191,05091172
181,33210947
191,08022774
190,58995035
187,43894404
186,05778200
191,93028622
190,86731465
187,88454234
190,43183235
181,31724874
186,58521193
192,61566209
186,89977413
189,81275658
185,72658649
184,62233615
194,54568804
188,64849262
190,36331146
186,33029416
184,64823666
193,40066338
189,62407585
188,23979570
187,65557043
194,76888395
193,55394165
188,58946906
189,57420751
188,15981950
189,56792805
174,82242863
186,83140938
177,77844763
195,97134372
196,75156697
192,05309337
185,11857723
182,35998546
185,31184239
184,49155496
191,07539139
190,17936321
189,97516228
196,51097830
188,83812067
183,68554484
192,12786278
190,30955006
190,70609571
192,56331195
189,07940690
190,90017609
185,93502543
186,34455378
191,17759089
186,56292942
194,82942321
180,86239232
195,51003823
189,83155100
181,42521001
195,18508797
189,94780997
187,28022721
194,91007493
186,63152517
189,60590842
190,32555307
187,64653053
195,11163999
194,87637367
180,12618674
187,96164528
189,31635058
190,48322430
191,58938074
194,00326636
191,80174182
193,23139653
191,21382684
191,20213520
182,67217930
192,95725594
193,49749495
187,91415830
189,45967244
187,48451349
189,77344180
190,33821209
184,97184268
192,60247366
185,47623006
194,06069365
194,47143437
190,70061370
191,28317061
188,34305757
189,73659149
192,32959138
190,83670031
185,83568928
188,24915300
193,62975936
185,68052037
194,30746718
194,53092907
189,84926614
186,05567065
192,22200101
185,88662712
191,45852530
191,68825769
191,81399927
188,96052246
195,10471606
194,26774872
184,09316182
188,16369377
187,81940086
188,34384531
187,96674202
187,44165570
191,38634753
190,60375924
184,93369422
195,28356827
192,90133696
188,67848349
193,84429263
178,27543905
193,04598214
190,88177714
194,45111968
192,81857654
193,06170981
189,08045798
192,31508039
176,78751548
192,22693252
197,48649487
195,91028702
188,77937902
186,75743261
192,44043158
184,55678768
196,45197291
191,77204855
185,43766625
192,94863380
183,28795066
193,96896314
184,48032171
196,36674721
184,18291511
186,97406517
191,67791357
181,96020790
188,54391683
190,28857406
194,82563478
193,47790665
195,53168226
193,89820599
195,95371881
198,03349352
181,42327841
193,54553127
197,01627918
184,15552412
188,77938509
192,66683199
189,71592388
191,72639839
191,80081717
193,19132858
186,21544830
181,07286188
180,47617501
189,17552292
188,18929821
192,20780121
191,07444112
190,51907140
196,70929370
194,83338639
190,95285649
184,72058314
193,58356498
189,42439630
184,13416110
193,49523360
191,60640598
198,72015824
191,36742480
190,10863883
189,32266108
197,20658141
189,14349734
188,04490768
194,46006974
191,98576629
187,46461509
187,47368774
186,67094683
189,83233434
179,95784627
192,65638445
185,99793804
195,60107934
184,94427415
189,76931345
187,10298203
191,37786314
189,75501967
193,20347007
192,06454089
185,63353340
193,37110931
189,41063488
190,67049420
185,85345971
191,69775882
196,28286181
190,27994651
190,39481345
190,88145566
190,08098260
184,68660845
194,34831288
168,28310180
192,44838776
193,84267910
193,42303016
193,75263687
192,91975072
191,08984362
190,81561214
187,19114504
192,83381765
192,07067004
190,60337751
186,72683613
192,39311364
185,88758370
192,74750717
183,57177659
196,22135808
189,71801309
190,34892964
177,74305263
183,64440114
187,65543994
188,84617389
190,43518196
184,62385655
187,43794333
191,26334188
194,89110082
191,24420721
192,69842732
189,38460402
192,70287104
187,84274564
190,77697477
182,16024995
193,16635432
190,79258313
189,34334190
192,91336013
192,80883987
186,13464382
186,27657179
179,01701424
194,39581762
183,54634922
182,67823352
197,34944542
174,64568182
183,48230004
191,74181942
190,18632833
185,94645255
193,35843387
191,26150494
194,17917999
193,16805838
190,17486105
195,83402711
191,49957846
189,90293671
195,89677018
189,94885414
185,92237274
189,99863438
193,69361633
180,58274167
185,42940164
191,53904399
178,91487795
191,84177211
187,29482278
189,74396458
191,45859113
195,99529645
181,21622357
196,88282569
183,28205226
188,75600314
192,89720235
184,99325398
190,59333866
196,29824417
190,52555006
192,08265160
185,71477400
190,46249708
187,63869973
191,40956104
189,71160291
186,96736113
188,18859068
195,80286044
190,84847199
194,32901234
193,34942519
190,40166568
192,38607837
191,21880090
189,43668152
190,04355005
184,36972556
194,02942919
185,15319913
189,45897752
189,77683646
193,16750902
193,75751994
190,55965494
190,60640992
191,86761948
190,10435476
191,75101385
193,60083298
197,31092078
190,21543291
187,75309378
195,37781962
193,48111344
193,79311344
189,48216705
196,42640237
192,35602082
189,36014627
193,88524695
182,63382558
196,76768578
193,50143470
193,46848156
192,92819994
187,89826901
188,77484405
187,58478410
188,49972474
189,00979691
186,49506576
191,16657200
191,30565833
179,23842160
183,66121124
192,55245473
179,53558513
189,17847256
192,33644446
195,68128782
193,06538644
193,47486312
197,03083084
185,41164917
198,10755319
186,96561153
188,10823794
188,93120519
190,77521559
199,25280580
194,07840015
198,12963846
190,41736838
190,18319227
187,25665514
194,29219219
195,26897095
189,71755422
190,11032734
190,36834409
196,84502210
195,91218153
192,76696170
191,01276992
188,99236652
187,39710587
185,64402282
185,60724375
193,39158641
195,14717127
188,51590890
188,86762630
191,56725158
194,13426737
186,32340949
182,05727724
188,23589186
190,66764380
181,01465359
175,70453370
192,14385843
194,93725735
195,88895912
196,77965586
193,39662563
190,48318992
185,91191307
193,48923187
184,92281047
189,46269955
189,87748890
185,75015989
190,17858661
187,68680667
189,40198428
197,69213496
196,00520177
187,25497413
195,01193258
192,66303798
186,32795741
189,65759436
185,74864948
193,30641060
194,51253433
182,84737628
188,26787488
195,37417709
189,98797758
182,00793831
192,41724471
197,86001150
193,40822973
189,15015356
193,79063113
195,05324047
194,49140990
183,28968554
193,69723441
195,62785062
191,28109374
189,05292873
189,92565301
183,88800009
196,51175974
186,47769406
190,00044888
188,08821481
195,38659119
189,55477524
189,92725854
192,86043378
181,45403166
188,72399646
195,85093461
189,67421944
186,96539558
190,64140967
194,99861883
191,91668720
192,77952101
195,17899853
185,35746280
192,68799569
187,87121033
177,38374827
191,64643281
196,12660787
194,26766247
191,22813551
191,28450222
186,22729633
181,28604225
189,30835202
190,94714799
191,21975100
191,89889784
188,53873668
191,64012880
177,81479256
191,60807384
193,53342120
187,63110871
188,12164737
181,56391473
188,89616420
189,93123250
190,42380994
184,04549029
192,04042412
190,73536572
190,52266452
193,30448794
194,38476254
189,67585870
193,82399618
188,54441744
196,84358719
185,14128850
192,54543750
190,33184523
193,77432910
191,48939670
185,51430998
187,71168966
182,70769036
184,60629674
196,61317220
195,90088522
192,39960270
184,33182112
187,03314045
195,50486322
197,09097550
183,68253334
189,82514473
195,42890289
183,56994602
196,50813582
189,99593285
189,92855997
195,58878927
192,20507382
190,05594328
184,21488302
193,95632089
186,32596659
191,90126213
185,58797956
193,49514374
195,16586154
195,16517990
188,59188915
186,06323324
189,85540952
191,92965304
186,79573878
192,96815478
190,37194652
186,55034326
196,49321660
191,71522817
185,54246323
190,35495293
184,41206001
185,02004788
199,07231626
183,68090992
190,41009917
187,42532291
178,55684733
188,98121257
195,80319152
187,74164109
186,38318103
183,45474517
195,39249581
189,97511573
186,37430330
176,98461039
193,38554298
193,81182431
181,76444773
193,41323977
193,84529066
183,42834011
188,94804089
192,05349501
187,31475725
194,17607435
181,79167151
187,95603632
190,83026787
191,14798700
184,22913134
189,88198792
193,96303532
198,39904696
186,55890297
195,54731693
191,65860941
189,41683576
195,16504819
188,76443141
184,72820167
191,90277454
188,94622242
198,80181650
192,69023744
192,59927169
193,77383272
190,90181183
188,98839655
191,57072759
184,81117962
186,25049794
187,45425531
186,55220583
185,18129993
192,29862866
193,46028027
186,75488898
193,09702054
191,89488726
187,63203199
188,43285102
187,92810018
182,40432365
194,55042153
187,23879091
181,84426249
194,37829659
196,48344502
192,05737078
187,85093185
193,69088440
192,60298233
193,41816010
197,41839470
188,53022334
191,99189554
187,91365949
185,54575637
185,13699031
194,33784400
192,06999106
183,11086685
191,24721674
189,29439370
189,88068912
191,53047566
189,91024205
190,54506898
197,89044285
187,50478976
195,02965276
188,50730955
195,10112942
189,54512190
190,70222724
190,37072066
188,64960249
193,06011439
180,26070358
188,01301205
191,54336247
188,52504032
184,01024826
184,67173086
188,39614054
186,60826017
184,33947581
189,50951282
194,46338206
186,94399113
191,06016241
189,68870773
189,78716284
188,07630809
191,42472284
190,04082615
190,24739858
181,04063795
193,31830750
191,77248644
187,67031712
188,76320586
191,75559931
185,16639903
183,16490145
189,06880266
187,85159346
188,47381279
189,67186556
186,47844826
188,91304214
181,92625462
187,98852368
191,05598919
188,48770104
178,49310208
187,37019626
191,92267788
194,41406875
194,77998222
180,08385696
181,54990723
189,23036667
195,98154445
183,53254753
193,58337596
187,76263938
196,71881848
196,79773124
188,11808650
192,83399209
190,09652011
193,35564379
190,47300186
185,59360617
188,29127438
187,50607302
183,55575153
193,40249387
184,70080539
192,20824114
187,23529913
194,26779328
184,35377940
183,31130404
179,16525057
187,59184274
192,16085684
180,28266883
191,74593968
193,86597925
182,68255422
190,19310564
182,40321465
191,87671569
195,48614094
191,44401345
189,83852074
191,34970299
189,89517528
194,01595508
197,88421554
184,55161519
184,00103156
192,42530069
182,69761748
194,98872058
177,20364078
182,70404693
188,19430340
190,67135993
189,40696926
183,34897750
189,48671280
177,46556891
190,75472984
192,60923029
187,08390899
191,26393024
195,47659717
196,61185132
196,57999308
189,21189846
190,83128241
194,11520889
192,06898916
195,26081222
189,32593788
192,04848986
191,54023220
194,66488383
191,41704202
190,22523773
194,55980836
189,91169260
186,34275911
192,04564741
179,09611355
195,41802340
190,31124850
193,11138894
194,43648714
192,64983000
191,94341819
192,24596563
190,37917348
182,94675386
188,73146917
190,76819386
191,35980534
193,54070190
183,95208136
194,02124594
197,08770931
184,37052481
184,91872279
193,06924589
195,04619782
192,70903921
187,00461961
182,74672305
183,77762307
188,58240182
185,74409170
191,35792612
191,00095467
185,45390359
193,91268522
193,80772860
195,33690671
194,83218248
189,07622287
196,42261315
188,96226150
190,79415903
198,33562032
176,92164867
192,02775840
193,59645553
194,72289373
184,67759174
183,49530330
191,06709279
190,27235598
191,68936387
186,50024859
188,44297649
190,12775090
193,13466027
195,81720582
188,44837640
182,50107409
192,88110360
193,66129967
192,63270844
191,20058550
192,18813048
188,28442424
182,29324939
186,18583066
189,67926570
189,06814302
190,82308366
194,15044884
184,63893595
192,55728899
187,09501555
187,13592611
186,54768505
193,52434868
186,27946695
190,50066180
193,03771676
192,81339927
184,08763831
184,63698810
192,27315116
188,79451675
189,82065148
196,92578092
192,98344226
185,44500098
180,77471831
195,07620583
188,97880971
186,17998426
196,12810216
195,89356920
193,14338508
184,82132364
190,26976875
183,21327553
194,22216012
189,62325329
186,20142075
187,93913820
179,40111006
197,84967302
189,02188703
188,90114733
180,82910151
192,81241980
193,03881793
187,41017595
195,28795119
192,21918884
189,85695262
190,60872127
186,98335818
189,13229527
186,76743891
196,51014194
183,68635521
192,86971384
188,75908267
178,46808764
183,66180475
182,91294505
179,97524511
185,99956508
197,95962789
185,19935746
185,34260763
181,28464693
192,79700332
191,78999306
189,07820744
194,68839763
191,42471194
184,57938436
183,40083746
189,31089245
197,58566407
195,21826760
179,18995388
186,79807763
195,56573564
196,44990764
186,07893410
193,60310559
186,29790917
194,67587680
190,00509941
191,00038857
191,56787519
190,08342194
189,74614364
194,06834749
191,77265618
187,01459608
175,72741879
189,29251481
176,10136739
189,77445480
195,07751134
192,98531970
196,96019408
178,50522995
191,09916654
189,46859496
190,51401497
187,02282071
191,80069052
190,16474301
194,55750971
188,17044017
189,77634455
194,09096762
195,01498970
185,86136644
191,59433789
186,51177370
180,71839611
191,38675731
184,61025434
184,45691968
187,87466387
190,36580808
192,35017584
184,83291383
181,00197467
197,07052934
185,95167993
189,65997781
192,25270471
195,42626221
197,67839749
186,64003045
189,79952217
193,89415266
182,85988046
186,66025482
188,65490292
193,79965097
185,55800424
189,88806414
197,34986983
192,49071843
194,00034903
192,50094437
193,39726643
186,99036327
197,84383103
180,03203629
191,04284303
190,05736549
187,08464425
196,35301755
195,06618034
191,44277593
193,89151441
192,68808316
193,03380089
192,50988045
189,89015491
182,62788585
192,59506232
192,75104558
192,16459908
193,06335404
195,90807886
191,20217437
192,16990313
195,41361065
187,10511028
190,70503473
192,08343703
192,44885662
190,55082263
191,54426511
183,62362223
184,33037840
190,31336524
191,47259051
188,73625428
185,71241721
186,38965138
181,15199012
190,27635175
196,72382011
180,90637055
183,21407935
190,37420465
184,97597257
191,62460490
191,48326234
188,60250027
195,34569769
189,11338175
190,62093443
186,37942955
188,78206857
188,53041922
193,90266770
189,74732157
189,81493727
192,42656128
191,18062855
183,54766450
190,93608361
192,19381336
197,24275460
193,82692594
187,50178536
188,55020406
196,47193817
192,33319055
188,02061201
187,61058660
187,81990061
196,24863406
188,78346682
192,90482678
186,71594188
188,25666342
188,67733604
198,70725188
183,61485396
192,83044934
193,86086742
192,61593190
185,93990419
190,81040895
188,77659379
188,42484738
191,09433797
190,69144369
193,10755366
188,49349769
189,97678412
189,43967868
184,98770021
182,24261011
197,59805005
191,42013405
185,72976426
190,95366667
191,08216470
188,88798306
192,02912829
195,07458678
186,76579118
190,30127368
188,05405110
184,19268545
189,70292721
191,43643683
187,06988193
192,25269617
191,63954164
187,03621687
192,46353401
193,34813080
185,27879356
193,51916149
191,22300622
187,59814653
188,32845695
192,38839248
188,68997225
189,61104365
196,43717970
187,89483559
192,12069904
194,65600585
190,86253552
185,65331098
188,76918175
192,44004515
184,01093286
184,73569644
191,50459647
189,42227940
187,04723417
192,30120126
190,35593161
186,59199137
187,49400555
193,73531903
189,24992627
190,37973326
185,29635445
194,51909608
188,84847792
197,09820234
193,31976366
189,85774204
193,88146651
173,26899237
195,74159270
189,61246632
197,14390215
197,63789432
185,54927685
186,19993857
190,66476038
193,42023594
174,34610829
195,15368974
193,28826609
188,23897190
194,23112142
194,17062397
194,79456859
188,04164238
193,31797045
191,80946544
181,07737952
195,71212486
194,56293525
192,62817898
192,55519329
191,73283685
190,26924142
194,50355082
187,28719155
190,58984739
190,91109570
187,42327102
185,75379308
187,98056909
189,57069635
185,16809192
183,26562035
196,88893133
191,36793817
192,40974608
187,34771538
192,96069240
184,20605871
185,21664178
194,65008902
194,14199515
183,00234507
187,92713988
182,57699329
180,95517384
186,04582768
189,05409244
192,28020507
187,97727056
188,70813317
191,31223004
186,24575915
196,20124851
192,32653783
193,72272313
195,31205023
189,78250985
193,56145900
191,96386093
194,05555936
195,33002462
188,91350430
190,16815883
185,17350534
195,11911171
192,39421526
177,87991788
184,18646910
179,30463514
182,30115190
189,56625031
183,71653516
188,85003489
185,56328852
194,21249787
191,61563873
185,51560903
197,21265279
192,80316288
189,84835961
196,13280060
196,57181745
193,65670595
191,81775981
193,29907641
187,72248744
196,81098635
191,50501641
192,24785540
182,61842041
188,90172532
194,31784593
181,02415571
195,78395118
185,69628132
196,55983978
187,91876987
187,13649951
189,69322934
191,62876697
187,32528719
194,23709000
186,72107761
194,15115006
191,06671882
188,47933610
187,46852888
195,00498144
191,35280190
192,84684151
185,58318395
193,47646655
190,69814837
187,30572514
193,46187765
187,19070078
194,94575082
193,94395575
187,93674839
190,74799476
190,66116983
188,76325636
181,56845322
190,36482979
190,12804860
190,52586565
186,22780196
187,40615086
184,05412785
189,94359148
191,75182424
188,81756739
196,48415538
182,53480512
183,05201710
183,63921546
185,46731121
192,27016118
192,83796746
184,95549643
192,71525472
193,16104009
196,78828365
188,70208182
186,38298859
191,38452974
186,38871051
186,99768044
192,43182963
188,54989110
192,43242386
191,24974077
197,75184664
184,11775002
182,21236222
185,23291879
187,33880444
189,84520048
191,62794765
192,84088463
190,23778236
191,10606986
189,43433410
187,32270077
188,29013926
187,56153064
183,72592322
188,54788383
191,26534762
191,10862076
190,65671678
177,43492794
182,04744372
193,16085643
189,56752606
179,93825331
191,82175428
188,95542340
189,24938859
192,59871807
182,08543197
191,95943884
189,56214039
188,19988190
189,81111991
188,13706139
192,64711729
189,33768910
186,87131541
189,54425346
190,85685109
181,94012953
189,99208868
196,04250595
194,12203986
195,28126989
186,35264805
191,91773583
190,39207003
189,87600416
194,79159774
188,73798833
190,81280267
194,17053872
191,21863374
194,36158170
177,72517407
194,49775161
188,11502849
193,92781941
193,10425119
177,98337987
181,55723333
194,04718141
190,49252747
184,86530400
195,18851550
193,50831269
193,34071484
192,31093785
187,03327740
195,93047434
177,95855320
171,69115266
193,43777539
192,88008300
187,64228627
189,67562087
190,03794984
192,28817140
195,34511146
187,52000893
189,54979888
187,68264905
179,55975612
195,32888132
194,96353763
188,17380827
192,61864989
192,54901134
189,93596398
190,05328153
191,70070099
190,68765205
184,50087730
188,77700527
192,55321258
177,68604219
190,99977758
196,25127053
193,69874574
183,02227185
190,09992413
195,79463659
191,19010906
191,07546294
192,62839911
198,13714371
194,78333264
187,56401823
184,43011407
194,02715419
193,31072774
182,59530431
196,84127982
194,91588007
189,56032549
197,48103927
188,47902560
192,66779832
185,35093857
193,03071320
192,87486274
185,31359734
184,28959648
188,08782113
183,61908504
193,12245398
194,07842016
189,69854640
187,22096979
191,81105850
192,95311050
190,74744796
193,09226050
183,64760475
182,40994972
192,90665976
193,77357510
188,43260952
191,57941238
185,01584421
196,41600442
190,56987507
189,58024455
194,67030550
186,85266683
184,30726200
192,99632435
181,71773703
191,26616337
190,43823548
195,64162639
179,24560033
179,24887296
192,87765277
183,75813254
186,16076468
182,02124609
196,34443509
195,69947156
193,39503665
198,27030268
191,39770720
176,46569223
195,02249382
178,59455567
191,77350257
190,87583235
189,48588953
190,27792212
184,25184218
183,95959417
191,13526465
185,05567136
186,27685947
182,74271772
195,85050572
193,85729089
190,22727977
190,74136340
196,18256700
187,10255618
196,20016673
183,42633200
185,41876612
192,99215719
190,72322714
187,99171481
191,01276034
195,68196067
178,87321326
194,86117852
192,24260326
187,38821398
190,86922649
183,83719468
187,80859728
190,15614461
179,03542088
196,53748495
189,50538714
181,58398595
193,90195668
191,21348535
187,92135670
197,93179111
189,72067511
187,15846292
188,73196532
183,54742169
190,19104181
190,18615369
187,49788876
186,97957275
191,51825868
188,40313496
187,63802662
188,00814515
196,95887995
192,10676768
190,61720755
191,16354219
195,02923486
189,18740564
187,13449426
193,16758927
185,68793344
187,38780682
190,77176071
184,13038034
176,39401360
193,82208864
186,49571688
185,97088001
196,48791631
184,52566557
184,07325974
187,14188290
187,86659342
190,92562257
179,02317020
191,71582441
192,08128149
195,55917254
190,88966266
187,02192244
190,23333076
189,85760083
184,73940823
189,56920316
190,16468298
188,06967616
191,11400630
186,91009638
184,41217976
179,62638104
182,80421639
191,42154256
196,27148712
194,97431650
190,69400133
189,23491070
188,80836161
186,30799124
190,78485727
188,51462286
195,68572058
192,12785567
184,90560076
189,32170392
192,91556091
191,77895744
190,30923940
186,83403409
185,59343815
190,10246830
188,66411491
188,09289690
185,42290326
177,93281072
192,60672256
192,05405074
196,34509468
191,88004785
191,88082039
187,06432400
191,47932679
187,81105976
192,17055616
184,08293089
191,65385389
190,44758376
182,81918562
192,45071216
189,25488993
188,93932280
193,33326693
192,97015514
181,36276450
190,26167733
186,45159140
187,80984231
190,18580295
184,28622061
183,73324365
193,01154290
188,49177185
187,49673520
191,61622593
189,33429703
192,46758552
189,07127541
182,71226468
187,42252720
181,76742881
193,68071472
194,09090858
196,33222276
187,11009639
186,61902959
184,08039193
185,49258088
188,65935241
192,47888539
192,37684474
186,92476314
191,34167120
186,70476743
183,63324913
195,05206144
186,33918710
187,64016698
186,44573808
191,07835956
193,05036700
191,85567046
184,06899522
194,94870061
177,84375286
193,98361171
186,50470052
190,85778833
185,58556008
190,86537739
186,08277141
196,31176426
186,62789538
187,41112086
196,04548434
192,06168086
185,66617816
184,82923786
191,48309937
194,22048360
196,58367478
181,53160438
184,45596688
190,70161404
193,92115204
192,49965389
190,53987389
186,05625368
192,56996822
190,70603599
186,65939102
189,40539313
191,39253101
190,76642621
175,62508875
186,78830208
192,11715436
195,57188152
188,59239509
188,16408196
189,41754604
186,64538160
195,46717630
187,81515441
193,34690215
194,36120865
182,79267656
188,25847724
191,93957961
187,95400582
196,90288095
187,05682770
190,32636864
185,42539019
191,67998633
193,08777941
186,06420451
191,55507028
186,69473987
188,85654065
193,86807615
186,00330529
189,94702633
187,18711641
184,14373329
194,39081352
190,98354060
186,63218633
186,98686613
189,05110106
182,51714083
192,24794087
182,95078204
190,32604710
191,51558361
192,49072135
189,00295393
188,53411006
189,29569876
193,45619466
193,47318537
189,21514878
192,31313303
193,92397241
190,24212400
187,63615261
193,32687137
198,32210143
197,82673228
194,01717392
185,01618139
194,01739191
192,79832422
182,82639845
187,65018487
187,34893936
194,78091558
187,79768566
191,83254135
192,76642087
192,92612758
183,48499462
193,45825497
190,18093081
198,19791056
193,21468683
194,36748464
185,65474351
188,59691370
189,00232124
187,31214766
193,79758569
192,96398150
194,00409439
194,38486478
187,83295282
190,75272138
184,33471951
189,53155782
196,45619913
192,36096950
194,22373907
185,57251949
193,63089102
193,75333155
195,08765703
196,62279252
192,31731235
182,71914111
195,58508819
193,87721176
187,85413415
189,35802164
190,06978382
184,90968189
190,73951128
192,38654057
192,65803362
180,96063962
187,33600901
196,01283086
188,72695131
186,18338324
187,54830565
198,22419889
193,06541986
185,95845646
191,20554170
188,92249732
190,73717608
188,41697238
186,86806124
186,47889827
186,96991430
187,87162978
192,70236558
182,60408759
193,07964283
197,68751660
189,21417322
194,07610171
187,53053867
190,43505679
196,35178905
194,02229368
189,47411337
188,88280143
197,62103768
194,29593722
195,65626208
186,88810715
191,21406938
191,22338829
191,87082506
190,82719637
187,34345958
188,88198800
184,14486586
193,38023770
181,60982562
181,58130118
186,77516004
186,33725922
185,22956274
188,71217405
185,64799729
194,28465814
185,34252654
182,93561401
193,13461895
184,91018697
187,74641109
194,84868248
188,10912178
189,33520052
187,76621958
182,29734031
181,35874055
197,17848251
180,75919481
192,20907335
191,64955914
182,22380231
189,20626167
194,69612129
194,88856898
187,42477382
194,08796849
189,69271023
194,24701073
185,11044712
196,75688132
189,66694423
191,95081855
191,36694744
198,51087002
180,77653971
199,05867075
195,74024829
187,41974878
186,50973941
195,11362259
185,05352937
188,56440612
189,38703942
194,14079022
191,62546337
193,24448961
192,67812013
196,65802333
191,45216955
188,77920005
194,40706826
184,27805361
184,11793989
192,70455320
187,35350649
190,41551339
190,82049641
187,73548485
192,74460629
187,34831684
193,02515008
190,84762392
189,85143982
194,08539795
189,94236424
192,90080414
193,86068103
181,97342303
194,32282011
191,72458819
192,42147259
191,50606470
191,08322017
188,39002548
181,75845581
187,74096662
184,06538847
187,28151847
182,70882303
187,97332232
194,42255054
187,12927461
186,89491568
182,88790045
190,23572823
196,58099742
191,54231455
185,91392660
189,20385460
183,79062744
190,39227224
187,03054569
186,97927209
189,28325643
191,45841628
188,37588088
194,64105180
191,42188405
181,36151103
186,61160387
190,59220492
185,06966235
195,24315068
195,40785180
184,38624211
192,86052787
193,27304213
187,47330173
197,87481964
195,42470299
193,68234762
193,62622449
185,71845864
192,42027054
192,80008244
186,87009183
185,77132683
193,49744832
186,84898924
195,00040629
190,92716808
186,03546216
188,46423079
189,46922316
191,51790890
184,40220375
192,57941152
192,73333015
190,38108936
180,42064252
191,55298248
190,40339472
191,76705360
189,55288084
188,68424098
192,59977417
190,09723045
193,17035327
196,83808942
192,11785118
188,50095946
189,94641006
186,66825152
176,75500548
185,54384826
187,72318745
190,47847742
181,58177118
191,48674482
194,32374606
195,25214307
185,44456811
193,88166756
193,63286574
193,35939382
191,46354346
195,80296796
197,58874537
185,41777546
185,43590758
189,33160404
190,80559786
194,19828705
184,34263707
184,63331672
194,34052757
193,21279611
188,73526257
195,10014533
179,16326394
189,82261423
197,83825865
191,13667189
195,99225614
184,75855015
191,23900728
186,68461563
183,52454234
194,32613795
188,41619440
188,48375708
179,77116112
194,23302427
188,29714273
186,86344459
182,44580194
192,43800111
186,57785962
188,67161472
196,36094913
187,19846790
189,63850267
182,76795073
191,69186109
189,57658942
186,25887887
189,93603205
188,83649988
195,80470051
180,96685582
190,90287430
191,28462433
193,39504202
190,56789588
191,60728896
189,74500141
190,41939077
187,05590178
191,91018831
190,12178820
183,96957314
192,15881389
192,71257761
192,65818191
194,30420574
187,39596390
185,67703528
197,19477779
190,91043853
192,07189256
192,53819920
189,94676589
191,41297302
190,50808598
192,07097963
194,41550481
194,41323490
191,15817374
196,71757041
181,67101124
190,31937747
193,76495035
183,48120992
189,41114257
191,63134176
183,91317085
190,91277226
191,39417502
196,83319227
181,70247563
188,89733317
190,37322755
190,78262636
196,77480286
195,62163459
196,44663530
195,73820207
183,77841949
190,03885512
190,17566507
183,02729200
192,06510680
182,31479887
180,31041352
179,78755285
192,81957583
187,10308952
193,39852591
190,00680549
189,68954684
190,27015161
177,89693640
195,61424477
193,85290900
194,70500673
188,31293321
191,83385044
194,77315592
192,50979636
186,19351724
195,33443779
196,40706459
178,29832683
188,49135824
185,66016425
193,14883005
187,85280001
187,10121934
196,82565622
188,99292150
193,55699125
188,58213476
195,20790248
196,07691137
190,14565901
175,64264462
185,84273761
187,89808016
184,27377542
190,78338255
185,03745939
182,52355693
183,19715788
193,15386859
185,56510481
194,91526550
194,35655054
191,81467547
190,54605413
190,10323297
187,31992970
190,69761557
193,28786301
190,62589041
194,61360748
192,97349224
189,75404036
193,29268718
190,83472757
181,90498260
188,01948380
179,73296383
187,86965730
189,13484913
185,65813827
192,34584613
178,51381495
189,20162656
184,44577821
195,16209565
190,93031658
196,63700325
193,48285493
184,84658069
189,82631010
194,54957247
190,47077137
180,31417912
184,82861916
187,67806666
185,76107015
189,86592541
191,99777761
180,23082981
187,71966259
192,83838918
192,57576636
189,25282517
182,68511372
186,31240519
197,07357153
190,07849135
190,57410312
195,40488376
184,51270252
180,44484915
194,92397889
193,60185026
182,30060427
183,52482595
196,27201031
189,62787831
190,19783962
190,53856145
185,97841084
193,70600856
190,44670734
193,37939784
189,85124705
185,59897852
191,35171021
188,19693047
188,17941817
190,45492970
192,98641360
193,92244065
193,48466051
196,28361767
184,74262420
182,78605534
193,49069029
184,51015564
190,22634674
195,52375815
195,89458151
190,38301828
187,07239365
188,32689215
190,74410821
194,69917432
181,93161606
184,35593800
187,05073472
192,83086934
193,35152055
194,24459337
193,41715665
183,73081536
188,96734663
189,94602256
185,01163509
179,36705254
189,12357847
193,56823751
198,07378395
190,92959633
197,38204704
193,47091082
191,24627763
191,71257227
186,69653153
195,38326762
194,27634678
186,70458354
192,51402851
177,19133962
196,62337694
193,16675443
194,21316891
194,12916920
191,04049049
198,46376687
186,94647339
194,53316773
187,61358741
182,25139633
184,36026697
185,48050206
189,35128426
192,43883657
195,76047938
183,52134099
194,75253520
173,31399561
193,78663627
179,32625840
198,33973091
194,37633864
184,62123404
183,47535852
188,87673826
194,41683040
188,38593680
189,88763200
194,98991688
173,28298310
194,12031079
186,68619467
186,77378864
193,45240966
184,55685470
195,22232763
194,84118096
195,62283402
188,83125856
188,22826686
197,45171422
192,96382346
193,54653388
194,26209868
188,44906418
192,61669956
191,25894561
193,60100547
195,49902986
189,61866854
181,20166370
191,04883975
192,84091768
182,87831742
187,34212731
198,17228535
184,92461397
196,89942859
194,22820796
186,49843504
184,49450973
193,54351075
189,76949509
193,98305930
190,97584870
188,22940093
187,07107168
189,22930386
192,27834053
179,68668168
192,55816863
185,24367108
190,18407848
182,19229463
194,74702744
193,61451441
189,51678741
190,01004373
189,86960363
194,29336430
184,17564404
189,91790120
195,83030928
195,23057275
182,72712325
192,60681964
190,17138151
196,78714278
189,12891721
189,20349160
193,99499181
188,92456710
188,60500798
180,28243008
191,87766113
192,85804094
185,07114987
194,96571257
186,59926471
195,89007904
192,98824661
188,16320014
193,05326764
187,96276874
196,47664201
183,39769204
192,15829790
190,09685014
189,50884783
187,19517193
192,58080941
182,99245120
191,11628619
188,47660560
187,98884809
197,87488843
187,65705511
188,94486716
194,83926302
191,39732633
191,20824774
184,78648590
183,66308342
184,95802830
192,55006632
197,54208613
186,59721233
193,43159317
183,00403425
182,67165421
185,58777784
186,15424514
188,28959970
189,99462661
183,92252614
183,98839055
189,99075103
191,43113009
193,30925550
192,54498087
197,14746810
182,10448830
186,31815627
191,18135909
189,78949720
182,28314280
190,40051738
190,07419377
192,40144469
188,31197569
192,11257435
191,39413150
190,90761616
187,93216809
188,85816646
190,62713646
195,47851881
190,94370749
191,51303279
186,75405872
186,45475422
193,72751372
181,90024461
195,46199710
189,17135957
192,19122400
188,99482797
193,01832894
192,27492467
185,12844823
195,85968011
193,03818551
192,68494038
187,21984779
193,82783176
189,22240355
188,10640011
191,98280564
196,71625841
184,99013179
185,82282318
188,68364996
180,73246238
187,56399123
187,30367048
189,93912360
182,81809553
192,66097886
185,78500677
186,05848059
188,39277894
188,02369780
180,28379629
181,59711151
188,64832120
192,65376177
179,81093175
187,16854514
185,49235723
193,11758895
197,34410204
188,86714508
188,78770236
193,55126416
194,53783650
185,87680628
184,78307162
185,00653176
190,23325772
190,82312535
190,54091011
193,62071724
185,80035445
188,30868915
198,80815053
192,26247918
187,68605487
190,41239497
184,28398140
191,69300785
188,94339710
185,89364157
182,79257036
189,63500207
188,43266882
192,12109202
195,56435677
190,02413132
189,57474104
191,50830080
186,00358086
192,17929177
181,87648916
184,51652865
193,16051673
190,29294717
189,17815925
191,97899485
185,29355460
188,51780316
193,02203560
181,20326106
193,68270876
193,94571287
192,05713355
192,80631676
187,28454293
182,41305514
196,80865128
190,74172004
186,92764930
190,53567565
190,08409048
186,74208465
188,54124666
186,91148097
192,08160590
191,48819255
189,05189390
186,05054146
188,24204890
187,94769336
187,84658760
194,32472645
193,98431199
191,29180047
192,29393171
194,98160716
195,94900375
188,34896686
183,71184031
194,27569110
195,41420112
184,77849908
194,51576294
182,32067743
194,07621645
183,18247413
191,48405615
190,15801657
193,32667936
189,65753883
193,82785469
182,69663599
196,59830484
192,74904930
190,63272258
187,77196632
188,82350294
188,33199970
181,71547585
179,75472946
181,52069415
188,24098138
178,57805521
195,33874091
191,91707637
186,65735571
193,67114546
195,06692351
185,92327546
187,63641926
195,01010692
190,08059768
175,65773901
193,03593349
190,41285603
190,32075956
191,82111207
189,04623697
187,60044663
187,73417870
194,06928385
192,41102449
182,86485788
188,18801088
194,51980195
190,97605974
187,62788856
188,75091835
192,73865320
195,32292314
187,97477555
193,36287491
182,68825784
192,46679507
190,89693899
186,61183239
190,70467066
196,45759531
180,68797487
191,48043540
195,73811731
182,38302715
194,84662019
188,31741057
185,47873077
191,08220253
191,37949984
193,01174782
194,14165369
180,87123319
186,99857644
183,50186041
189,27212738
192,88222288
195,75079775
191,73898368
196,70220904
192,22895372
194,35180697
190,70672328
191,90211359
193,44139791
189,56727091
187,25255288
184,57931007
186,67009315
183,65042757
181,06652599
194,61893102
183,57213450
187,30813860
179,58883824
174,75657519
192,48542967
190,62859018
195,02323664
190,17390228
189,73910448
192,26308060
190,82684597
187,50409309
192,52320523
193,38295799
187,33633615
190,25433140
194,51222236
195,79501449
188,94519766
187,65495598
182,69921692
187,71816670
195,17500151
196,63076511
179,99021653
190,75733604
195,14726557
190,41039262
191,60801673
197,98968207
187,00580563
185,37363124
195,70140850
195,35595776
189,97233317
190,03819376
188,61523314
195,49872789
193,26411141
186,47469982
191,76969042
184,53015030
186,43043832
186,67599112
190,68061623
187,87322442
191,40075192
190,72787769
190,89695774
188,08156475
183,30216341
186,49291192
184,89169684
189,38686472
192,43094924
191,52863983
190,40742393
186,91721745
181,31034098
190,57837938
193,90641510
193,62292315
189,24058646
188,67040215
194,64329645
183,39824684
195,43187199
190,12047248
192,81124062
184,31582533
192,53443831
181,43214527
188,89211679
189,23685575
180,70039666
193,14078590
191,54395323
184,43293538
187,79323652
181,60961397
194,12557131
187,72978507
187,87031221
192,51405591
191,36653129
188,21514242
194,33870502
190,81131629
190,36754715
191,85501446
191,72418519
195,54732312
181,97788873
194,04706742
193,19892580
195,12039081
192,14158433
184,59995690
185,52042618
196,33224318
190,68811353
195,81911119
182,60998138
195,83368138
185,43492555
191,96659558
175,70956893
194,75132493
184,85250436
186,62384570
188,79251472
183,73578648
191,76525887
183,01079677
193,63545974
187,69798643
197,38719015
189,85837672
190,89864587
193,23261001
191,54833680
191,40722326
190,23979927
192,81456717
189,93873015
188,84236024
192,80625850
194,72231448
189,06317686
191,51952474
193,16863573
188,83858089
190,31347885
192,02383753
190,22663581
193,59663805
184,33560213
196,63355043
191,62251344
193,39191526
186,58499349
189,59711748
192,21333689
188,26644600
180,69501865
182,25454416
194,28685598
192,74994867
192,05100796
191,80536556
194,78462033
179,81235628
194,10250461
190,14736982
194,36808591
192,63951034
178,87053623
181,77636963
190,76490171
186,78299031
179,27092552
186,45933467
191,76797774
193,68682196
186,38213973
184,00550004
190,54184459
198,59615280
185,32810015
188,11262565
184,75496483
186,95815092
192,00790526
188,75470796
182,11289533
192,85499866
190,24877660
180,83341167
190,19329362
188,43145070
184,66064659
194,23340528
196,81248989
186,03331251
193,52693494
195,35816439
188,23953541
190,29923609
191,98927847
192,90653956
191,32322438
191,49297381
191,33488841
192,62390218
196,85297498
190,70894880
190,41555369
188,99248840
181,95906949
187,55270721
191,73373954
192,62355330
192,82498231
185,86110013
187,82715061
189,51263664
186,39611746
187,70066784
191,18479320
191,17271198
195,19104032
184,25928971
193,55843327
192,20617667
187,57306251
196,66963984
190,75513319
189,78386116
195,14418302
186,18887383
190,88952658
191,81140748
194,99629069
184,00023954
188,94724806
182,22154270
188,46588543
195,09511286
192,84243317
189,79365289
188,50099236
195,14794573
190,77001790
186,85432661
190,82728066
196,66285921
191,78126202
189,61319770
185,16104678
187,84315107
189,64657455
188,70667746
191,76271664
180,94926550
189,80882014
186,95728760
193,02486779
194,94781069
190,69584482
188,89612788
185,56338503
180,38023130
192,45808078
193,15341487
191,51669714
185,22816981
189,62091537
191,20830010
191,66646544
194,20090997
190,80659620
197,70708258
188,18905116
194,50679264
190,41139391
191,66591882
196,33360410
195,95795463
191,04971919
188,26113409
188,93045200
188,44527693
189,80626528
178,23529350
190,41398636
193,03573961
183,52169022
183,93630990
179,47319046
193,51598653
191,10546759
191,28576214
183,27123368
192,26586789
189,20666754
185,62612740
188,91435004
192,34692875
193,41524607
194,04273163
182,98867770
192,79239509
191,92562858
190,35308447
177,80615165
191,93498674
187,25995462
187,33755816
190,59316710
191,85404626
184,92127493
186,52728967
191,73795752
183,35404905
189,29355194
185,42792381
194,39493862
191,28887054
187,77343046
192,63096828
196,19785218
183,18590254
188,08914063
186,69953364
192,07889543
187,29724003
193,81177134
192,60242795
191,47817384
190,30695365
194,47430429
186,46871671
187,90961586
196,81232143
181,73512732
192,26652031
194,57607464
191,77603903
189,74428957
190,81391172
189,14221949
193,19740984
194,07750262
181,52911689
192,03913713
188,45151589
196,84803225
188,73031535
187,09087839
186,95680835
187,62838350
189,00931552
193,62718826
182,95055107
179,13536852
186,18776309
193,56983515
184,60357217
183,64503863
187,62154333
191,80111543
185,36159039
189,10455509
194,59196924
190,61035509
187,29482675
184,40327242
188,86922766
182,98147525
185,14952541
190,37894362
186,27310272
192,08386383
188,64388915
187,99747172
195,83442098
188,94239466
187,17895223
183,65353464
189,20584347
188,91406109
183,76873128
195,64429748
183,12267215
191,31760581
189,98947788
189,16237849
193,76755873
195,57215478
191,53555528
188,97490158
191,96517769
193,74916318
189,53976838
193,94486453
196,30255985
186,61120625
187,66039151
194,72301856
187,92174400
181,89990475
181,23769975
188,10795834
180,51992707
185,04180759
191,91135981
193,62674051
191,92162318
192,99912186
187,73846618
193,92064436
191,33684266
193,95255254
195,10126745
196,85476261
195,78296514
192,48663337
191,61601532
192,16834501
189,36136535
185,63810477
185,87590645
188,31558117
186,17284455
183,96036131
192,07679417
189,06810292
193,61429086
189,75716892
198,99908504
188,14168542
183,46524389
175,20219476
192,86397490
189,79284839
196,04421190
191,63759930
188,42122662
194,09486031
189,36113234
189,64903908
196,63504542
189,68330206
185,43351558
191,43205501
183,07228681
192,15438901
185,70282209
191,53603996
193,10652802
192,46747710
186,31707168
197,32658053
184,63590115
195,48886580
187,66452247
189,49735110
187,91368468
190,30420784
186,46040254
195,14726814
187,20919211
185,84753805
184,36603596
184,50994190
194,06303117
189,19078794
189,65884955
188,87717999
192,96285852
191,27790939
194,14381858
194,03969184
194,04636447
186,44855729
183,93124516
186,85971354
188,59210330
186,18187201
179,70472123
189,94411098
191,32668205
184,11110297
188,15843379
187,52010492
188,72386087
189,77708720
193,66182821
188,71696921
185,61688780
186,04269927
191,71736749
191,28487555
190,10979947
192,27430440
193,76672902
193,73113577
193,36727191
183,88954311
197,08562853
182,72518169
193,62980614
190,62691939
186,12947392
190,07355492
182,56257308
187,84840385
184,18846157
188,01543250
188,55015874
196,29246149
188,09409544
191,30332342
177,81706475
191,40050531
186,90497694
190,09034468
181,54946624
189,44552872
196,57218439
191,03262053
194,41144353
193,64327317
187,57404560
185,99068096
188,43953057
192,19223252
184,75319849
193,74899364
191,42790026
188,29338253
198,40107557
192,02454619
182,14586250
192,92124119
185,36919481
186,02483169
186,42412539
186,99949734
184,76179391
183,37167824
197,12743019
190,60550581
192,86212652
193,04223432
185,13121322
191,19091655
191,58068275
190,44475047
191,70005350
192,96429277
186,92727338
186,44072515
188,99535411
192,64727485
192,05418634
185,48124160
191,53327128
187,19612766
196,58405283
187,75877963
198,23332405
194,36005471
185,55140113
183,31105608
198,65892439
188,69625398
190,15061772
189,51784279
187,03772600
190,56430470
187,09018988
191,05905026
184,26685876
193,78344093
183,32134966
192,25069125
188,44640962
192,02389896
191,88546814
191,88058497
194,81649402
189,04909949
193,78014957
187,86105625
190,21699949
184,45715428
187,08294391
189,20301472
187,12486073
195,39236264
192,73103136
191,20485632
195,76325292
190,99383354
189,68036111
190,45885824
196,65382986
186,51524755
184,12595238
193,21988986
192,17867669
187,64891724
190,95459378
188,69234015
184,37271435
191,14928757
191,89728602
188,75492956
195,34873827
185,71922618
189,20106071
174,50212006
187,08333765
194,68748519
195,12745501
190,86467501
190,96012990
186,44584036
180,19384498
191,64976408
189,40083329
190,72676972
192,91924959
186,47368282
192,42261711
190,15092124
194,03085651
188,04447317
190,25095128
193,18207002
184,01355907
186,71429686
184,07017330
192,52102022
195,11466914
196,34443783
185,84987225
193,94255265
195,85102822
185,81065190
196,67053074
194,04928709
198,06738977
193,52451076
190,77543050
186,94971311
191,37368506
191,31595048
191,10068443
183,64759076
189,60551409
192,52975875
188,42671117
189,49578771
193,42627550
189,61783777
179,29586978
196,94758163
186,96036773
191,20968205
190,73449422
189,95460725
193,39654779
194,25402845
194,34078955
198,24336767
195,54150753
178,92192691
196,88669247
189,68305060
187,37039946
193,47145309
188,86066781
190,45319191
192,36635821
191,19341423
196,50800683
191,55088206
195,01302424
186,17034547
189,63674565
190,24311572
185,83899873
192,24605868
190,50594568
182,10327697
191,01189632
184,85355109
187,00666899
194,11500349
188,79991209
188,14525839
186,05566875
194,22443145
193,47409656
195,01211066
188,95963621
189,38162514
185,81726674
194,06507238
192,09874136
188,00743677
179,42936889
192,34524305
193,04519212
188,21832296
184,27718453
187,79459136
183,43308707
192,31889845
196,27902499
198,86170323
191,92720208
188,34092546
195,67318681
190,86618060
198,74136560
190,59663498
193,74186991
191,31901561
187,88003262
185,66293259
179,06094621
193,89477539
193,42477999
192,77005544
190,93581944
183,29710501
197,26962902
186,60836839
193,23662875
193,00024230
188,89770849
184,79172833
190,50658065
184,51626863
190,02037289
183,24217575
193,92822124
191,00483324
187,60011294
187,82689579
195,30949278
187,33120565
187,18695212
195,05455835
178,50437375
193,05363684
195,34908708
191,88623753
188,28051172
189,91101138
189,77471885
193,46137746
187,73224758
194,46407887
189,63110681
191,02429895
183,87502074
186,03156816
189,79411499
184,19731763
182,43833740
192,31465192
185,86520151
186,87373605
186,47130658
197,09229021
196,87327929
186,72604302
184,16391730
195,72555064
194,20857204
195,95596623
193,26621122
189,33301448
188,73948270
190,14991807
188,30049311
190,51140813
190,45788723
187,47549299
185,26480880
189,01097038
190,84622514
184,38555377
194,33217330
188,97289497
196,03484405
191,32243826
182,79182979
187,77703089
195,08316649
189,21714600
196,00141351
186,57059015
180,43637686
184,29099258
190,14482055
192,45867216
183,67455934
183,82145944
192,27507264
178,10288080
179,47482038
189,15487709
195,70053809
189,12364661
195,01610174
190,33334922
193,94083567
186,65711014
190,87438061
192,69188059
190,65452420
196,64035440
197,22694478
190,52996984
185,11921430
178,01353763
193,39827913
192,95124505
192,35134569
188,85333502
193,98321395
186,37994019
182,09061244
194,23465277
193,58559125
184,13902679
194,75965592
189,95634827
195,24427055
192,16329617
185,44601174
190,71705207
190,85571987
191,02312713
186,98142298
195,91177051
185,55338789
185,44264642
185,05091937
188,06953757
189,43666413
186,19807404
193,19816270
193,08186297
186,38879523
188,76411378
190,93296310
186,85535843
187,25291224
194,15819377
196,40297278
187,04209436
194,98635777
194,27472523
183,19871818
191,31366189
184,76237889
184,90953081
193,56809556
188,03024093
181,69573862
193,00179167
185,95596412
189,09193838
188,15137487
186,66235257
192,51078124
193,80771637
187,92165317
192,04365560
186,68314797
180,12777839
194,56654914
187,64443841
195,15303563
187,05374649
187,94405416
188,78936603
190,14640423
190,52803758
188,40173666
187,01386213
191,12274434
194,87117819
190,81088661
188,19365962
194,27892044
188,87886004
182,22111869
190,97930380
187,78534723
191,72235148
191,26796000
184,54814183
187,92432763
184,90883999
195,18670722
188,09350577
190,13168104
191,23978926
197,49427297
193,64710080
195,76476090
189,19743644
182,78413253
193,29297335
196,68235146
180,60049371
191,66743017
192,32382447
195,94629388
192,83292126
192,61310053
192,11046835
195,47864677
193,79214547
183,89656940
185,88627089
188,35178164
189,50903848
194,10098730
182,02888292
187,93988777
187,15108939
190,87658790
191,47169406
188,99738223
193,88693556
182,56578658
189,74867915
187,67017296
196,10376939
184,85409653
191,89996809
197,73904117
197,27441349
186,83898003
185,94663409
190,98852233
185,57831584
190,18556919
192,20496141
194,09690609
188,61631512
190,96437510
184,86356943
191,14342878
186,17301746
188,55645927
189,40617176
192,90934249
187,82200104
191,47730693
194,97248379
187,63984374
187,21976703
196,52384522
193,90356497
196,59501100
185,74000926
191,11012957
193,89525228
192,72307821
189,97950412
191,71073616
191,88834817
189,50636534
187,96632008
192,16373959
183,42855475
190,28977056
190,18113602
191,74375032
192,70306807
187,54018577
187,20954021
187,11239675
194,72800085
181,96958276
183,99237944
198,76375468
192,51985834
190,55792113
192,79569951
185,20425765
187,31092000
187,07608706
192,92069569
190,22316278
179,53838983
191,06155779
187,64947380
192,75366174
190,44215841
185,65486788
195,53449975
188,84526696
188,24038028
186,41885201
196,20737690
180,42998692
191,74229969
196,63058031
189,71520855
186,81709050
189,79164980
193,96469938
193,39507000
184,44387542
194,00370265
191,39978598
193,97096004
188,55623565
194,12805410
198,77983599
189,09878350
178,37279958
196,52781498
186,55549716
194,92485471
187,73933877
196,87562756
192,03396401
181,53985952
185,22408235
192,01516457
185,77383270
192,76466464
191,16155704
195,85200877
187,40652527
191,93063258
187,65351473
193,68084862
179,71414452
185,96074092
191,87655063
186,49761255
181,32417445
193,77994191
194,96713788
187,43012921
189,02554139
192,24608222
183,17847205
189,51529888
190,59818432
192,06645250
190,75449766
192,22284689
189,81760673
196,70089339
189,77826021
184,67427049
183,85726972
193,13794912
184,50670004
190,88071910
181,59062289
189,36966992
195,99283194
186,90698207
192,41651318
192,60216133
186,17855370
180,25623657
194,52957549
188,41858493
191,14774186
192,64766949
187,92763996
190,58071847
191,23947089
188,99205646
177,16859406
188,29141654
190,11899501
179,32404448
195,22615888
192,63965654
193,23653122
193,31795954
194,44580764
193,75417986
190,65778712
197,06266610
187,49430390
195,49337960
198,57256380
196,84234705
190,72282740
189,41667822
192,06352186
188,30737025
194,97336679
192,07984548
195,58968994
181,89795613
176,03258390
185,88494183
187,48102992
192,18976281
192,32943168
197,81032712
184,09223892
183,20649043
188,28392165
193,15823326
192,40640995
197,18521213
189,41440639
196,05295045
192,00869940
188,07330468
184,77376818
179,98570517
189,67503433
192,65957335
187,99560195
188,12961751
191,88837374
190,17845973
196,13208128
190,66621374
183,44858966
192,48595243
191,51955629
187,70342226
187,35587301
187,81020968
194,32426694
189,36150304
186,13571723
191,04983873
188,21255888
185,39308482
192,88309272
194,51184572
193,98009803
186,59747338
189,45663835
190,87884899
183,33139549
190,73556028
192,78287676
187,12123852
193,38802915
193,89331767
198,45796321
191,04195183
184,96736756
181,84781294
186,34293904
192,63101396
187,52641536
188,90916073
186,90079498
188,23466885
191,60370098
185,84255471
185,53074528
196,80960940
183,33387539
188,93343510
189,39492044
186,01096526
189,82859590
192,81358786
186,64952708
190,89684871
186,03047020
194,78771211
191,77146530
194,34220039
186,44714040
189,65065175
190,07770332
191,49306570
191,56060657
187,48762981
197,67929507
188,78611740
179,50690349
186,10707740
191,00259623
195,21556032
186,58651490
188,61964794
190,56916915
190,36459587
191,87208555
193,16731099
189,56030286
192,57381813
193,67835172
187,38632637
189,95492950
191,33663196
185,46260222
187,86658610
188,07885515
189,32239527
189,02420133
198,86671875
188,76673094
191,96301030
184,22809698
188,31514725
182,04524860
186,65769413
189,42426759
187,93798445
188,71951244
189,12264944
188,44452549
189,59508377
184,93317670
188,52322470
187,93948370
191,75111930
195,19039580
190,37654429
190,82034096
189,38952958
186,55187913
197,82638708
195,49050842
191,75100731
189,23792166
190,21143104
187,00122708
192,60710955
193,07903791
191,14514161
183,15963926
198,43112942
188,31509072
182,66559794
194,76141591
192,29485398
193,80262483
189,24190299
189,73377010
181,85389474
197,08108160
190,46505931
180,74477796
195,13889027
197,30632663
195,70682142
190,09373892
189,50347751
195,00339008
191,54690868
185,22835209
189,15571375
186,15442953
193,11319124
192,70877712
192,96734803
193,14076474
195,98006202
187,04386582
181,92541335
193,09743568
181,41662266
192,11819758
197,24981734
186,99062774
192,53698373
184,65079867
192,53398781
194,75726721
191,59845104
194,73698324
187,83465431
198,27766298
191,77132808
192,03106144
192,98155332
188,39024579
192,20290515
188,22580060
188,47349269
193,95931188
192,10294047
192,85350560
186,85244246
186,80941801
193,44386519
190,15810595
189,57090900
193,68263949
193,37345034
190,07329782
186,09094857
187,34035987
194,20158874
194,45854415
192,48770903
193,22812913
193,93357295
192,34482019
187,03912567
191,36984548
188,04158269
189,89957941
188,49868078
183,94163210
196,10631695
189,85800728
184,61645256
184,30739764
189,63588095
188,38092653
185,77620251
192,44076918
190,92690640
188,26074922
186,79850995
196,72330358
196,01124817
182,95009770
191,71261472
187,95852746
194,04972905
186,61632513
182,77857935
192,29745061
188,53401942
188,71734399
186,41279379
182,01280410
189,96510896
192,18094357
197,12783012
185,89275464
187,16377411
192,24366812
194,85908339
188,81964385
188,37139673
192,68842240
185,13156700
193,97720534
184,55910303
194,70939952
194,29513228
187,53047154
193,26435301
186,25252018
188,46428751
187,57804150
195,20431268
194,14061268
175,37506538
194,63292599
193,16325506
187,71329647
193,66164851
189,22730049
194,78035839
194,21431628
185,72355791
192,06684262
193,10462437
193,39809598
188,68865972
192,20019868
184,81364316
197,33491781
184,83456400
186,42439387
190,33176159
187,93929804
189,11617684
189,70416479
190,87261560
198,17279245
193,87777656
185,68628426
183,11834439
193,89781459
183,75010615
188,82325068
189,35833855
186,97362573
190,32066692
193,13901389
191,86435228
183,01806873
193,09597988
198,64317159
186,34085089
191,88899465
188,78759426
188,91816866
184,28443666
190,17473443
186,06396064
193,12982550
182,81290595
184,19692335
190,25896398
197,32937295
194,23808406
193,98810866
186,32102468
193,30139208
177,92526694
191,80996077
189,66014912
186,88326191
195,91622581
186,03559863
189,87400140
196,09692894
185,58995230
191,88954772
178,76351055
188,97098307
196,44086157
196,21257129
195,71044286
182,16677911
191,11349202
184,89399099
187,18675039
191,18644512
189,28281573
192,48721589
182,04138932
196,58068694
186,48797617
188,27699549
188,38656012
192,61216684
180,03535420
197,76903482
180,49585812
193,47925253
188,85939343
187,66982643
184,31826653
191,76583353
182,85224465
192,83147011
190,56036697
189,90794675
186,19000635
190,12448270
189,07973627
191,12868082
187,69563326
195,28240401
190,14806391
194,65944839
188,17572860
194,32665587
189,65915195
190,57138224
194,75217703
190,28075068
189,95449548
193,58686879
192,34350648
186,56049116
193,11756417
188,02958189
190,58616836
178,23484617
193,30613834
196,83550034
189,89642734
182,93393513
187,32375225
191,57632652
182,93587127
186,00722380
193,39716965
192,10716348
187,82318258
185,63263816
190,09947347
191,01994711
192,02102164
184,61568096
184,73769739
197,23792148
197,64223397
184,76401945
191,67915626
188,13434213
187,09965177
196,26133272
188,18499050
181,58395638
191,27951222
191,61801161
194,80749404
183,37093777
189,91225509
193,87640776
191,38809519
181,21958017
193,55565027
188,52358960
189,11372509
190,62168359
186,83721776
194,59454550
192,95764991
191,31629004
189,44263003
187,58162462
184,38013056
198,05277849
190,26389373
195,10339773
190,99806775
188,74655015
190,26777447
181,66766664
196,81159126
186,59667825
192,82573018
192,95607510
192,49388009
198,23941375
192,66248024
181,96715357
190,12960168
193,68335495
190,51440069
189,33527994
195,87336110
193,30397747
192,56799962
182,59587567
187,10896237
193,45816220
187,84078603
192,15382028
189,53962498
186,38628448
186,19137401
185,90204753
193,75566183
185,66066890
185,67730613
194,44583683
188,75919863
192,20195517
188,75783626
195,74352391
189,90255009
196,14191633
186,54946283
185,45823390
188,15636608
191,43151882
183,64081051
181,68675173
192,32539298
191,16496356
194,11140060
186,81710618
187,72899403
193,09243336
195,01984537
197,42545720
191,39616615
189,59198848
195,40004991
184,92151265
187,38367393
197,12187934
186,35875638
194,28123257
187,59316876
190,20360347
185,83250749
184,33233906
188,70274182
191,80116564
190,18710466
184,33828668
191,50285357
195,94283054
194,70406953
185,30047768
186,33229890
189,08711192
194,60383049
190,91048942
184,03443166
189,12984025
188,70293560
197,50002372
190,20240126
186,42169782
182,22908178
197,34141370
189,98402917
190,93393005
187,45958928
184,91621809
191,10764651
193,28003157
182,73376302
182,65685511
186,62457094
196,36514578
195,28534890
190,23054235
180,98089395
186,85595578
196,89069029
197,52583080
194,31553067
185,36058952
195,79194787
192,29913521
190,05436980
196,95146714
189,72359047
194,95312366
178,90231086
190,11911934
185,03431306
183,80763748
190,55382482
192,14732406
190,88306002
182,56586562
194,74384677
196,51098415
186,71866233
190,22089052
183,78412349
182,50094336
182,50353377
189,90851216
189,33931224
178,17068694
186,93224457
187,35433429
185,90711835
186,04959671
194,34962369
180,45114915
188,44928903
178,23505268
182,42537662
192,96192299
190,50119832
191,79605958
191,00403729
191,96675700
182,07931091
193,80651435
196,06385087
188,14736971
187,99092517
190,35331115
187,95864181
187,53105691
188,98394655
189,89769402
192,29091568
188,05650257
186,19068796
190,23135748
193,74274636
189,08373298
188,54847900
192,92926568
195,23595303
192,54670276
195,39878590
185,20385318
188,02337648
189,80217316
183,86106240
184,27090460
191,94020641
186,45647664
195,06389799
193,60126386
188,06573698
195,43527210
194,09039034
190,24169142
182,80448379
185,33511558
180,71065582
192,69364986
185,39028564
186,76861804
190,71785140
188,15931941
192,97474119
186,41455164
189,33570313
189,94169780
194,16250799
193,96490574
191,28668928
192,68201159
195,45918296
196,22251266
192,54000453
189,41560221
191,69332123
190,72671866
188,97317630
190,76049665
191,78372010
191,48473211
192,28222983
192,91854146
192,08913587
192,37480202
195,77431901
188,53238912
195,47208451
183,61356866
192,61119238
198,37233642
180,04509186
186,33652879
174,56799865
189,10302886
193,92391390
193,27879180
187,10367966
191,59372346
189,55845220
187,04258851
198,38759784
194,90774260
186,27651409
191,57984311
183,12946454
190,06549491
190,52835659
192,82734125
190,48774773
188,22748742
196,95165882
181,76083529
187,82016462
188,07819577
184,46633913
190,51376449
192,15362026
187,37382485
188,97016999
192,97984761
187,06658964
193,62489294
186,83314158
197,19917733
182,37095556
187,54862832
194,44877025
188,41670124
185,94172080
184,71376512
188,19791424
189,73060434
182,57605342
187,41632487
188,21766590
191,94194394
190,71676065
188,19485393
183,88639069
193,42801347
192,15241826
186,81920716
192,39767756
178,60827820
182,25817858
194,06656133
194,20009066
193,82347656
191,33680773
194,44160566
193,10199443
185,76381041
188,65787428
185,03254039
176,16418414
190,42611312
190,13995088
191,91915821
194,80197196
190,70552672
196,95480326
190,04562461
187,21972582
187,11093580
193,02041674
182,10849958
191,00816822
186,01356044
187,25186092
192,93326257
190,61491559
192,09847105
189,97188679
192,35090795
192,08462417
188,65488241
184,08052922
192,05967817
186,19101877
185,66879267
191,47685317
182,52295494
195,80571935
191,58970286
186,14450056
179,91694895
190,85319416
191,67507583
188,59691863
189,15227147
179,61964209
189,35280730
194,58821772
194,71043275
192,08806838
181,53341902
190,52459882
194,30069567
194,93745781
190,96247060
190,91128149
186,21359745
195,08476540
184,67265672
194,14688449
194,33563876
180,89994609
192,38848683
189,62796179
193,08463371
196,20770666
196,52584170
189,39204303
181,83184173
184,42836662
188,31571229
191,03116102
194,70968752
190,95696748
194,45807582
185,25438916
183,92804547
179,06608124
183,38953629
189,58205155
195,05656375
186,71636812
190,64436149
187,80586736
188,56840564
189,07542391
190,77399626
193,14251672
186,65927933
196,44787696
179,36927381
191,29168862
192,61298183
192,48182923
190,05126784
196,71296211
185,70586467
192,00616932
191,51071108
190,35536064
191,66512574
183,06718957
192,46893804
187,69941349
190,23299420
188,04253652
191,88666947
193,55608968
195,98781166
187,63521326
191,01307379
187,19263232
195,00708021
188,27859654
188,35815095
181,94617810
190,40477399
183,60476316
190,11582625
194,63802536
185,04635143
192,62991280
195,52314005
185,96695543
188,79836887
188,37794052
194,91578612
195,04468613
193,47944667
186,33961022
193,56100260
175,92815036
186,04074171
194,05302807
196,10676945
196,90484095
192,86797569
192,79694564
196,42667469
191,61407245
194,54590519
193,60447149
193,40889107
193,65803791
192,69213988
191,17759904
193,33317223
194,08039319
191,08717205
194,56063004
184,99928048
188,26500069
185,65381343
178,08942802
196,28011410
193,91639694
188,79600505
192,03197250
193,06183300
188,98978468
184,92617419
190,00265513
184,59281000
195,09798739
186,74984771
191,74258312
193,41548461
185,11096069
189,31805968
188,15901397
180,55168828
193,45161479
187,79742578
192,36667924
192,10868748
192,73161883
193,28035225
182,19555270
190,39230169
184,44412826
192,59274789
189,91003544
193,66582391
193,92628144
179,92352257
191,13553038
187,00089834
186,27038507
192,44708132
189,80994929
192,26007142
192,20946594
196,62966154
180,70189945
192,38684424
189,26648355
192,21591492
182,79544808
188,13045684
181,37103454
196,43618847
190,50854697
184,66904938
190,35492384
191,29820352
196,98745164
191,29021908
193,01573234
189,32152895
192,70195194
189,83061978
196,71927557
190,93056578
182,12333212
189,51493301
194,95138379
194,61872430
186,40907323
194,25321905
182,40173025
193,40379570
191,86320885
190,04362833
191,37281841
194,51542662
194,87927790
193,43687513
182,24183226
194,56522715
192,66428705
188,29406426
185,06407948
184,11113872
180,59013344
188,35742454
193,94409087
191,42303886
191,18380632
194,25799830
182,08179218
191,16941525
191,53536064
191,86595272
184,83189907
193,38463266
188,44697535
184,80267183
188,29848471
198,56964576
190,80151615
194,78939328
182,04975920
195,49858268
187,52619212
189,78281405
191,26909469
188,85551110
192,34337710
196,36852889
190,85288013
194,88621952
190,72097513
183,13641416
192,32519226
193,68597944
186,26561200
191,66147232
190,54964326
182,67721321
192,57901971
193,85763832
187,42426715
192,15132142
190,88772699
192,82408473
190,94273936
179,82879402
191,58588699
193,63394212
192,09078088
186,88869425
183,64879570
193,09839924
190,03159210
194,40951419
185,83888941
190,63445637
190,21024541
191,34724303
182,47129911
191,29322590
185,25101502
194,09036230
196,43283241
190,73776924
194,64078243
182,65596686
186,92053080
187,56371163
180,62672266
191,77646345
188,29664729
193,99170817
190,06015991
190,36262639
189,03308047
196,00108742
188,08325903
191,78287514
193,74523317
191,80317130
192,02533886
190,97756034
188,44420250
183,37850987
190,68759899
197,76707632
191,34399004
197,58931479
189,56411995
195,96769046
191,14162965
195,28042464
189,58632659
191,86413130
194,67993958
188,26641160
186,93441390
190,53372123
191,23393938
192,42018462
191,45759070
185,53988136
190,67995145
185,67007184
181,17275121
190,85434923
197,85856754
192,59368065
192,64268963
190,11229988
194,62399192
186,98441157
180,51154707
190,31066079
191,01095043
185,65808331
189,02734222
189,46032049
194,86446434
198,17608356
185,90254456
188,38983918
190,07399263
186,88603705
188,04729671
196,17284480
188,46780221
189,82048816
187,98984798
192,74740108
192,11606467
195,54371169
190,72211329
180,55275293
196,35672705
183,36920788
189,27790041
195,33454176
195,99427198
190,40638430
189,96646309
184,32351325
189,21446254
186,76591680
189,30998584
185,37574913
191,86899735
194,78289432
191,22994765
195,01267638
187,19493097
181,28113672
190,80298082
192,57915383
195,62327801
189,16655503
188,05562532
190,44085665
195,49195709
194,12644377
189,64485689
179,03157896
190,58656090
192,72691729
187,23655615
190,91403505
191,38328103
198,06312441
187,96530709
190,59333532
183,90597501
196,19620120
184,83304001
192,68602663
184,21261781
183,69753426
185,10925487
187,60373450
196,21199321
191,21667605
191,80034826
191,81711851
192,64954875
181,15941068
179,81683623
187,76988539
197,62716780
189,23873917
181,79392062
181,67871336
181,84229568
197,85208561
188,25725488
189,83241086
194,69777893
193,53656159
181,76273924
187,02504607
188,97086260
189,24066991
195,45563550
187,55680845
192,33977141
192,27587127
191,22832341
189,69404616
191,86940603
188,29046065
187,80094544
188,24425178
188,91625261
190,56894087
188,89308196
183,16285609
184,60801947
189,30006282
186,93075880
189,90675920
185,47218696
185,52387602
190,07227095
193,11400258
189,54341618
191,02972846
186,78757831
185,05451717
180,78468342
191,21249177
191,26180168
192,32510560
188,37108211
188,42994584
180,20848881
189,32855368
195,19221747
192,16566122
189,64241415
188,45767479
188,03321936
186,54866117
185,72559774
186,54946704
184,08355649
182,22243367
186,15479331
186,64423518
191,94311311
194,55256303
194,77959535
188,63353697
180,77835427
185,30710521
178,34045052
193,02126849
191,17908893
195,74902948
193,91388523
182,15726829
194,84697782
190,63353268
190,33728391
186,64396872
190,34562809
189,00028623
186,21009690
185,04507108
186,64957056
183,52049144
189,31012650
192,50278469
187,84288212
186,89327965
185,54844221
191,19604740
191,96254621
193,90394345
192,36231704
181,37489223
193,11276711
193,57862198
181,20624090
184,99242008
192,71430030
191,16511217
194,02593664
185,00304208
191,17932736
180,86655537
187,99025963
197,16974962
187,65277494
192,44316274
186,54196510
189,07378246
196,21415320
185,32491540
188,38982083
187,15418048
194,22001825
186,22936711
192,28924603
198,57272599
196,45349756
197,95814424
184,69454535
190,99697501
196,65514493
182,29397004
182,22318449
195,30680370
190,13793922
183,31282650
192,67197820
194,32939620
190,77538608
179,45609856
187,68151628
194,02032178
180,67181617
187,93563371
183,01199763
178,47427607
191,73210658
193,75232805
199,39625359
188,79382912
182,30887236
187,06900746
190,05063444
190,48726282
194,31749568
197,26342056
190,86593498
182,48179576
196,44240548
189,09806092
189,71737989
188,62454168
186,52456744
192,49601546
191,62616049
186,09044628
194,88809439
184,28319770
194,44415815
190,60841408
191,67977322
186,55386990
187,17963393
192,92303555
191,36727715
192,48026128
190,56512499
186,41453301
186,60173415
192,89663595
197,03450156
188,04195735
183,88388136
188,41313450
195,55428145
182,83433604
183,23297127
183,73878126
189,11217988
189,91476496
195,21804650
188,81378555
194,02209511
190,84259285
195,06369480
186,53891572
192,41928529
191,34666025
197,60324649
194,03519894
193,33867813
194,24227984
194,63293822
195,02095671
191,49516558
189,87252484
189,44562189
198,09813997
186,63497556
186,71682316
188,74946701
192,36574372
187,01534609
195,20678691
191,35835295
192,38153310
194,98524787
195,08791745
193,28234263
190,40437675
194,10300813
190,76519995
186,05888383
191,83082920
186,51861498
195,31531863
192,96848844
191,27556867
183,23157185
189,11930452
189,76635670
193,03847732
188,76738121
175,03035081
187,65222266
189,68040977
187,58029513
187,89480756
190,08044186
196,53212368
184,11467913
196,46837638
185,66514911
185,28987518
197,60293484
185,00400393
191,43642452
193,73896938
196,13089575
189,44183158
188,98883158
192,08333806
191,77923431
185,58897153
197,83096397
192,34488660
194,82541290
193,82441310
187,98049967
188,04912925
188,03259168
192,03299808
181,65321801
184,97071490
187,16855500
181,09770662
182,84691587
190,54633212
185,47278385
178,76628026
186,39076657
193,79722467
182,39685616
189,47216645
181,50290825
194,30484567
185,29125991
194,98582190
190,04999005
192,76720371
186,09549763
196,37550928
188,47020610
190,66998334
190,00498175
195,09860486
190,55676199
189,37475618
189,90170863
197,09972223
194,24728647
197,15171617
195,76041320
195,01573414
195,76315743
189,10090588
192,43269027
186,99841320
188,10392485
195,81941915
192,41598780
191,29463493
186,35638120
187,51571236
188,12320511
190,27956935
195,75379590
180,28038768
193,26030410
187,70814016
189,51700387
192,20101169
191,23060956
193,66339343
186,69291417
182,35196456
187,24516104
187,78505689
183,06441838
189,50763096
192,42647476
187,74286973
193,84368888
194,07293147
189,71535441
188,20652031
184,84141591
186,01996183
189,60859765
179,89872259
195,45141277
192,36263283
191,69494580
197,12070269
183,58459789
189,55576191
179,18387510
187,85917082
190,22531975
191,64751277
