199,42446848
197,04511190
198,00553416
195,98858065
199,32096585
196,72540309
197,25790412
198,67189248
199,54742543
196,08582876
198,31119434
196,11643198
198,48282548
198,29331037
197,67056488
199,28798393
197,93599083
195,81944982
198,88768791
196,24008883
197,97273571
197,06636870
197,95741862
196,31175145
196,61341658
196,13409158
192,56694238
198,38043497
198,79141976
197,93119203
197,84242013
197,79664323
198,29654046
195,90563806
199,16454970
197,17153284
196,30896413
197,54109859
199,26923522
191,90409140
197,36881394
196,07246192
198,12586742
195,38518289
196,79631652
198,14541877
195,39689323
197,38256119
198,31690595
197,48207708
196,24592790
195,59017608
197,74831159
195,64015361
197,92015836
195,73846189
198,25012866
199,32381167
198,10063504
198,13699687
196,48582074
199,53675250
197,36853848
199,19984929
196,86554146
197,70497704
197,73431620
194,27884191
199,11855030
198,27642253
194,76720668
196,33491869
198,62687218
196,55952388
197,48156144
199,15678765
195,45157236
196,26553419
195,50733495
197,52262159
198,88598746
198,92705958
195,06619725
198,25562490
196,99330842
195,49854793
198,02294332
196,44423937
199,19398553
197,31709603
192,88070854
198,49589120
198,13489775
197,87984917
193,79431066
197,72315892
199,28096901
198,28245849
199,88497851
196,89311808
195,68484040
198,73594401
197,66267509
193,30042139
198,71423727
197,58074003
196,43667112
196,84563225
198,85179116
197,18754203
199,25023208
194,73240748
198,21729851
199,01567966
197,91277401
198,90843782
199,17191539
197,64860829
198,72080180
199,15262887
199,32388221
198,52293266
199,18072019
198,69951395
198,14126057
195,71659539
199,31395361
198,55939132
198,56826666
198,40572515
196,23492895
199,70878719
197,60294113
196,56899911
194,23894779
196,84802894
198,59433422
196,48938443
197,61669495
197,95380168
195,76930868
197,93726642
195,78270704
198,07811962
198,42473982
196,32273329
199,32144391
197,85095098
197,69611379
197,50491340
194,74905062
198,56507361
198,25865293
198,20373917
196,65451711
198,11452280
193,87922278
198,59025150
197,58897889
198,02585485
197,98718244
198,02065760
198,88210634
196,74334592
198,09134786
199,79582270
197,78577740
198,85967897
195,79820677
198,40863862
197,10136552
198,34088485
197,96196977
199,68367124
196,11783314
196,39938277
196,28020054
195,91283313
197,72601537
197,89317531
197,91828229
195,14876869
198,07541407
197,13888844
194,49904283
198,95158380
198,92074823
196,10881966
197,58459496
196,56702586
197,28706304
199,51713817
196,70789908
195,58869591
199,14616941
197,31277063
195,87568401
199,08882697
198,91730816
198,68033108
196,84070277
199,02272710
199,14363510
197,65462650
198,45702616
198,15495881
197,08794573
192,87828986
198,43706791
198,06621356
198,15167602
198,77037147
198,44037414
199,28545479
197,17007493
199,60853920
196,49478276
195,55103700
198,17967662
196,39133458
197,63399615
197,44997766
198,29726936
196,48750042
196,95144498
196,34495525
195,98222394
197,42327730
198,58868837
198,06740584
198,60915056
199,24212003
199,43477085
196,87790566
198,57786014
197,57522771
199,06884538
198,01487186
198,86886343
198,65217344
199,16704836
196,46384623
196,37845827
197,84897944
195,97469678
199,51764147
196,32050650
197,96772609
198,48822619
198,35743561
197,48555759
198,94933694
196,46185514
199,20318330
197,78569592
196,67605779
197,01476790
197,63473532
197,42584081
196,14278517
195,11604152
196,76216323
197,25944657
198,46720839
197,62697676
197,10039048
196,77586914
198,00598690
195,57429219
197,46918664
198,07036542
196,63622169
198,48288959
196,85408233
196,08416930
194,25162106
198,27535054
197,80748180
197,81644634
196,67973622
197,63107572
197,31499208
198,22934203
198,30636875
198,50715411
198,23868643
196,66201472
197,52138709
197,84400034
198,50242091
196,44269811
198,74488060
198,95263592
199,03374843
198,83739688
198,32348024
197,56079251
197,40033601
196,76182264
197,95474545
198,24533497
197,99151643
195,55096431
197,05084185
196,91379350
196,39490189
197,36024498
197,39872802
196,40735931
196,48215370
196,81021283
196,31942364
196,74094825
198,82231271
197,42177608
198,55598405
197,09293449
197,90819233
199,60423367
196,84427378
197,56446199
197,93816754
194,15286816
195,47937646
199,38477093
197,51809308
198,44692301
196,18702653
197,83720315
196,69181226
197,64089672
198,60508461
194,53879933
198,57426975
197,92213918
198,62539836
196,83952242
197,84569474
198,26974640
198,05543055
198,70479437
194,42664814
198,22784072
197,73957537
199,00067003
199,20520187
196,02161456
198,34186726
194,80577577
198,05299597
195,01168456
197,61585971
198,93460387
196,89494262
198,19912299
197,97288040
192,80458873
197,74351965
196,24231388
197,01784980
196,68528246
198,27258203
199,11044032
198,64793419
194,35225795
198,33650725
198,87128369
197,79233326
198,29988378
199,38280101
196,93862509
196,82848735
197,62604001
198,97291893
195,67236121
199,07429560
198,36831038
198,23191744
199,77675403
195,81381755
195,97438912
197,82399281
198,06025728
196,28087181
197,67124714
197,74996298
197,03707214
199,17106986
198,17288169
196,83425393
197,55731999
197,84609574
198,82719181
196,02737329
196,29967646
197,24618174
196,41782921
195,22152370
198,74785501
198,66274502
196,50962715
198,15572869
195,15680219
198,48415487
196,66417147
198,45217278
197,39464436
199,49398377
197,55551244
199,23475013
197,26923839
196,39361264
197,24286504
198,08114316
194,64574811
198,98965270
197,29720541
198,05165790
198,04778161
195,83106018
197,70859855
195,73779849
195,34059347
197,26615371
196,74497550
197,16772272
197,60130926
198,03331589
191,68079883
198,26712171
197,59201783
198,55233797
199,48140377
198,50181816
198,18959605
196,90292241
197,91706049
198,17796965
196,30909724
197,74611043
198,38671956
196,66302790
195,22954358
196,82525182
198,60486670
197,79654701
198,66147704
195,42365960
197,63040644
197,38833813
196,40311391
196,41696414
197,63303324
198,85795349
197,55161760
196,57513299
196,41657979
198,79513022
197,57678620
195,02287095
198,19944416
198,98833576
198,61509037
199,20520203
197,48006862
198,35535665
197,17126703
197,36840416
196,02915443
197,45724836
198,71186690
197,25319411
198,73238344
198,20344250
197,85769194
199,24345812
197,24525981
197,31303705
198,17450224
195,84622698
195,45653630
197,66819723
197,68244581
197,83065913
199,47700303
196,58926038
197,84717366
199,03193383
197,84969551
198,62421628
199,28712678
199,13665835
196,07714093
195,93459821
197,74754480
197,50567757
195,93768097
197,74322483
199,33582462
198,16209154
199,10229512
197,72380962
195,41095316
198,01789626
197,56690462
198,25742841
197,53983152
198,32450987
197,77876393
196,39465251
198,59203829
198,00630383
195,18127954
196,38640633
195,26558347
197,76028043
196,15301070
198,65540768
199,16012700
198,85717417
198,66046546
195,83449226
197,57067613
197,12893488
198,90190713
197,54022467
197,63165920
198,49393488
197,12335397
197,15003386
197,28824256
199,55147606
199,09298207
196,88963631
198,43733648
196,62865041
196,50913260
197,87553302
193,79557227
196,99661201
199,26988998
198,36428626
199,09784942
197,01814504
199,33094115
195,27385659
195,87882097
197,72837696
198,06460919
197,95750472
197,31632861
199,59924164
198,58357680
198,19021237
197,50761286
196,06869208
197,02229284
196,22929530
199,50108430
198,92659025
199,10316314
196,95876945
196,27692456
197,57575638
195,74259501
198,57021029
199,11881733
198,68810204
194,74307321
191,24928583
199,14819396
198,05061563
195,87463809
197,97267030
195,93410072
191,98484374
198,96467818
199,10261662
196,34308753
197,92137366
196,51600555
197,12986685
194,26198432
198,83800213
196,24233061
198,90904034
198,06083291
198,42062093
197,70033628
198,02464424
194,13218032
198,90347946
193,30626325
199,15274163
196,09316867
198,94034943
198,60569434
196,73832187
198,65801773
197,93696527
192,38566166
197,85932231
196,25613254
196,28845709
197,62915905
196,20849414
198,37142458
197,85756507
196,96729245
197,50711576
197,47958432
197,57268783
198,28611148
197,84654759
194,36613304
198,12506789
196,78683837
196,63898178
196,72737783
198,47025438
195,05951356
195,42773089
198,28700224
198,07978318
198,27261501
199,28662548
198,15206125
197,52261211
197,50648993
196,93053315
197,76308585
197,62328362
198,33965695
194,02071967
199,07445870
198,63112483
196,80580274
199,05207128
193,95763128
198,76406822
198,30762601
198,93833189
196,34101893
198,23901772
197,40574874
196,56213734
196,39377368
197,83598933
195,38885082
197,40864330
199,11812501
197,26103381
198,69171928
195,90889964
195,79476456
196,15099165
199,34710877
199,38780404
195,73236585
198,60462929
194,25777438
197,93665728
197,35153544
198,79071894
198,87466766
195,97544553
198,15929088
195,30656657
197,31120447
195,87688157
198,22314904
196,54161503
199,49596755
199,19838146
198,36263591
197,30706141
195,96587492
199,62416619
197,24033457
198,46948677
197,03496519
195,74419341
195,81379193
198,74687796
198,34772202
198,82892911
198,17257551
198,65932727
197,31593843
199,30566145
197,80971022
198,30465257
198,22819881
197,22516616
196,92667960
199,76767424
195,31453381
197,00472172
196,35210747
197,19348118
199,10960423
197,31319593
193,57136855
198,31049348
197,17228888
196,78355990
196,65460984
197,57846723
194,53162035
195,69783853
198,98010976
198,10413455
196,41585057
197,32240232
198,17151629
199,21982401
198,26381979
197,48068814
198,10469966
191,58120555
196,05907184
199,81717382
197,40048211
198,62266622
194,58255305
199,09235779
198,86242891
197,78391674
197,78517205
197,51723445
198,77900562
195,08626327
196,42922280
197,59989100
199,32662340
196,76360064
197,00235101
196,41854269
198,91091346
197,92776966
197,05356735
195,61398285
197,19048159
197,97509541
197,00531885
195,78599100
197,79711096
197,11393180
199,76335963
197,06582750
199,16895316
199,47866614
198,07121388
195,72753047
198,13720403
198,25515870
199,19366624
199,30468952
198,11309500
198,66187669
197,73834957
198,28858846
198,00802287
198,65679913
197,53817889
197,53307013
196,42568279
199,24294328
198,72983500
198,82906705
196,71267854
198,34304917
199,55855181
196,66274997
197,62404019
198,76023635
196,55388898
198,05610342
196,55099665
197,77021504
197,73299317
198,56609713
194,52444582
197,17794601
196,33551465
194,06132431
199,10606170
196,19301938
196,08933158
199,05602669
198,10434119
199,34911431
195,43470354
198,18590971
198,52003411
196,17344802
198,10326903
198,79921714
198,72337429
195,55576844
196,33645057
198,46544638
199,34260073
198,02909049
198,25711949
198,92195910
196,65512222
198,28254033
197,77734166
197,79626163
199,15324217
198,63431483
198,62811727
193,22972428
199,39198252
197,92502786
198,32381270
198,79033834
196,87786813
197,90693248
198,22113561
196,54388850
195,74049176
194,40998077
198,77510459
195,55788266
194,04166821
197,76440809
197,95887751
197,90995412
193,00002921
197,06695336
195,74158076
195,95199986
198,62870345
197,89021045
196,33131879
195,67518087
199,15636817
198,83206611
198,49702627
197,55298595
198,94314791
197,08541602
197,95313477
196,01687360
198,44500058
199,64182716
197,43238189
193,58554511
198,29194026
197,83122537
198,56665391
198,77581416
193,77328987
198,96692286
195,39847035
196,04413369
197,74499199
199,39972427
197,01317732
197,00280099
195,50520830
199,19236880
198,87715386
197,16896448
195,28463886
196,99729056
199,77365606
197,49889980
198,15516791
198,65084274
196,48357726
198,07874594
197,89754217
198,35913707
198,65941552
198,64540273
198,20728352
195,30800384
195,14343579
199,23684269
198,15956924
199,15197331
196,85162388
195,73364685
198,38838500
197,81188196
197,12760862
196,67527135
196,92010939
195,28546404
196,18507418
197,73310919
197,82514416
195,94451939
198,65228148
196,53342560
197,89449677
197,58620194
199,73290812
198,52097674
197,58342994
198,43427170
198,44457242
195,86690485
198,95221973
196,32294518
197,53098138
197,33335365
197,58171732
197,25543598
197,61573755
198,46281195
199,06449566
198,46278701
196,43764133
198,44265783
197,04547139
197,58300747
196,31384662
198,46476718
198,35953941
198,28771202
197,14185127
197,72532787
197,58439235
196,91831172
198,76300477
198,54272911
198,48401058
198,49433481
193,47096309
199,20608688
197,63768247
190,04418974
193,77471882
199,70123590
198,75955847
197,95833549
198,26660015
197,52611890
199,18219215
196,03855475
198,49928032
197,24191689
199,58155305
197,07173883
198,01682423
199,52640388
197,18365396
199,32249122
199,27927243
198,43595180
199,17252068
199,88172349
199,03996848
196,26321574
198,51766644
199,64985661
196,40086387
193,73342782
198,20326031
194,47203700
197,47467648
199,08024860
196,44922092
198,50577737
196,72454470
199,31689915
197,92907706
198,88635996
196,65831790
197,38977732
198,69658020
195,70923062
196,82406282
198,32924716
198,32086528
198,76873169
194,30355649
198,24165252
198,01890544
198,25295314
197,75813920
196,26066074
198,47743639
196,05602476
197,02900063
196,52430340
197,61578088
196,78864853
199,21320627
199,12681332
198,09649134
196,08308173
198,00184608
199,71105540
198,89526174
197,02469411
195,10783621
196,87284225
199,18806749
198,42768999
199,44305033
194,79788201
197,31327766
198,47551272
197,87660281
198,32499632
199,18575172
198,98419918
198,78235579
196,40771590
193,52192173
198,24415094
198,16240905
196,97344151
197,80345537
197,26033913
199,13674487
199,40767770
198,52360873
197,83807626
197,17327444
198,44402898
197,60948368
198,64112082
198,15140756
198,19291097
196,39899275
199,73474646
199,26654454
197,25334144
197,98307385
194,09693031
198,31683517
198,58201214
197,57508587
197,97240604
197,34341767
195,16303958
197,84876628
197,28561083
199,50802908
198,25813635
198,86292323
199,08532540
198,98409897
193,65992073
195,27104081
195,74879629
198,70743110
198,30921278
197,56481526
197,60561342
198,41949811
194,94553154
197,04561447
198,08851386
198,04695049
198,31353276
197,97559799
198,36375315
198,12628875
198,13642769
197,92766151
199,19012877
198,21299077
196,75033432
196,77279891
197,98786633
197,73404991
197,01637083
196,35942269
197,28418629
198,83456037
197,94444611
197,19873499
196,34312218
195,27052761
198,69900393
196,53902966
197,12095482
196,52933043
195,89668839
198,31431619
197,02086753
198,11391534
199,20344549
193,21133792
195,67305185
199,44557738
195,32206763
197,57553560
197,04416294
198,09085077
196,95639643
199,13501774
197,13136185
197,64600567
197,36696781
197,55095618
197,33784391
197,22129840
196,99791967
197,24340249
194,26357056
199,32290433
196,27768946
199,24135585
199,31799676
197,57792370
198,70730552
195,96773608
197,04435694
198,12453059
197,84351885
197,89301925
197,42635841
197,86213883
197,69990178
198,08637212
197,59726230
195,07333397
199,00200803
197,19930799
197,89996433
197,74021711
197,10471025
197,92306948
198,74479223
197,63740327
196,29980328
198,01273378
197,99660778
195,68653138
196,03130330
198,30182062
197,66879633
197,66881711
198,18397411
198,57641081
198,34782809
195,27755753
197,91311891
196,36528513
198,59126237
198,87946816
198,66233652
194,69845391
195,73724659
198,10638116
198,19961120
198,81450418
198,45936112
198,84695112
194,83053168
198,47315315
197,34444113
198,29339805
199,18273982
197,55845045
196,46907193
198,71900151
198,01453229
197,04523258
198,31924295
194,81241815
199,01869006
194,26238601
198,86635408
197,41116202
198,56718810
198,21900539
195,41555012
198,21946002
197,13607077
196,31896464
198,05014975
198,84499432
197,87715204
196,25882409
196,71314589
198,38635210
198,78208785
198,81499240
195,94036059
197,32069048
195,65294199
199,05858109
198,62776574
198,47646616
197,54327572
192,87833926
199,49179647
197,72501324
196,90023856
197,28523769
198,32583764
194,43736968
194,87791168
198,71242393
196,45842798
196,08492655
198,39812905
197,05025459
196,74636636
195,05161036
195,56277126
197,51763324
196,79977862
198,86521092
197,66321092
199,75428637
197,96995872
199,56688945
197,09220752
198,15354118
198,74546075
196,92033071
198,49435338
199,65231232
196,68483717
195,55927789
197,74485744
196,32992252
198,19407796
197,49288435
197,02369547
196,09341389
197,66360888
197,09855275
199,13634857
195,73101500
195,14015292
199,12923781
196,46500187
198,01037650
199,24792796
199,37476681
197,26237802
198,87814844
198,47918431
197,20604399
198,11625262
197,57068477
197,83369943
196,31029728
196,47075481
198,57423492
197,65342051
198,43925755
199,38935796
199,26184643
199,47388295
196,89859163
199,22161297
197,63870892
199,52629310
198,18732188
198,91487891
197,97808525
198,14104740
198,69427392
199,35659431
194,39048349
197,08354272
198,94744837
199,20342498
198,14038464
196,95192248
197,34582140
194,34920877
198,16052564
198,94279081
196,38636020
197,34225907
198,39943385
196,38083175
199,06255244
198,04702695
199,81176195
197,86777848
198,57526430
197,08782833
196,62871850
197,08139579
198,33637263
196,66902206
198,62574621
197,69802442
196,80309872
198,92780971
198,63655273
196,08171565
195,01186939
198,66513489
196,75185522
195,34575899
198,89570062
197,93353187
196,79487315
195,40024235
193,28577151
195,18707939
195,74821898
197,32414877
196,41259720
197,23537247
197,76787473
199,11119541
197,89439218
196,24086207
198,00157468
196,45793995
197,36798535
197,19184857
197,13785579
198,65429554
197,67670094
195,56100236
198,19263644
195,37532068
197,81931335
197,37160656
198,83455856
198,05690902
197,15128346
197,61410083
195,46110172
198,57411174
199,23247125
198,00133671
197,34583830
198,69652120
199,25034668
198,33653226
198,69898108
198,32903285
199,62873128
197,20317973
194,57315106
198,87047489
196,13200243
196,47485445
197,20949532
196,84879794
198,98966614
194,90171779
197,52255555
198,44534441
199,67643988
196,78351415
197,69359106
197,52232583
198,86407203
196,78159755
194,33871235
196,06459151
199,69728413
198,96325398
197,56914613
196,86217367
198,15295094
194,75755829
196,87364999
196,94446504
196,89859502
197,93971067
198,11406020
195,79966971
199,11224037
193,99549405
193,63310053
195,08153819
197,07244087
199,18698924
198,91127990
197,57879612
198,76184827
198,36273426
197,67434456
199,03645345
198,52766867
197,50646351
198,03652275
198,61720782
196,90590590
197,31701382
196,36938372
194,82992375
198,76754691
198,61205351
197,34249725
197,40742568
198,79557196
197,67270703
194,90432828
197,87755045
198,64341931
193,08536818
198,52853433
196,73653921
197,82009316
196,44888556
196,98205415
196,66497119
197,93291891
197,59664190
198,68040132
196,29508125
199,14594282
199,08672281
198,65067413
196,58572408
196,09014595
198,08578596
196,55796891
198,40892388
196,97984746
194,24817114
198,69796074
197,26186697
195,11905693
197,51125539
199,27825657
196,53858817
197,40336088
199,60550352
199,27256821
195,79506160
196,62194208
197,88712651
195,51493884
196,40493369
197,04272615
198,41174066
197,22772644
194,23047531
195,57736162
197,05209087
198,99839848
195,13418514
197,46206874
199,56905055
197,36780410
196,02713996
196,88974226
198,11100346
198,87075947
197,20822602
196,59815181
198,67270508
195,15820042
197,92445034
195,93997773
194,32016545
198,87901119
198,64628310
198,76586769
196,84057060
195,12328820
199,34350781
193,91164480
198,33779747
197,20923643
194,91250363
199,03922363
198,52369114
197,73786395
198,38624619
198,40254813
196,02352879
199,05858672
198,94941850
198,07895800
197,68500490
198,32143625
195,61725341
194,55057663
198,41016182
198,58774416
195,12117487
196,95085056
199,29087235
199,06243822
198,82097025
196,45814689
198,78866712
198,64157407
199,45756266
195,33031417
198,68100229
197,33139660
197,98582435
198,07547117
197,96704799
197,97911922
198,21778584
198,42996689
196,82887647
198,87359210
197,03583092
199,15139663
197,80396522
196,27989697
199,08520527
195,54600797
198,79979335
199,41211408
196,59663216
197,68436197
197,86359708
198,06933218
198,60786591
198,21788140
198,47106422
197,12755788
196,17928317
199,32598735
197,06648712
195,27215865
197,95896467
195,19632317
199,07688106
195,94238477
197,66405417
193,54858772
197,53160836
199,45961223
196,90754517
197,88997426
198,04748288
198,33638301
198,34854534
198,99180912
199,00217150
197,77348312
198,89934563
197,98526556
195,98502638
196,41403064
194,15808799
198,47743786
198,07260330
196,65457081
196,75124276
197,83102629
196,55676083
195,99947612
197,29381531
198,79126955
197,65936987
195,96393365
197,50392951
198,50977966
195,63071464
198,73457512
195,43008343
199,78864331
197,44650576
197,58086741
198,14935788
193,85790276
198,61778913
198,29079717
196,81975748
197,95249456
198,53331200
197,17900561
199,07917160
197,84317835
194,24661202
192,12762381
198,11267934
195,90018989
197,75570895
198,59938893
198,27450856
198,36643185
196,29177227
196,54062108
195,12495122
195,92391818
198,33847148
195,84920853
196,57842025
194,43478104
198,32164069
197,10062843
197,16565002
197,61925412
198,38736801
198,91613771
196,19679220
193,89287888
197,51437730
196,49211947
195,12429018
197,37738117
198,20873140
197,43463145
196,15562155
198,57225016
193,46347617
197,65883973
196,18535304
197,68214022
197,07142878
196,91495482
198,26266375
199,32552787
198,82183006
197,12068076
198,75280587
198,28676321
196,20653205
199,30692319
199,10617714
196,28418066
196,73530742
195,86385519
199,44137181
198,45310040
199,14719316
197,23399079
198,95852791
197,97082724
198,54435811
198,29163602
199,36339607
199,08618553
198,76511469
199,04432461
198,11858441
196,74362543
199,60979643
197,32923141
198,33317157
198,78732979
198,02287560
198,51841494
196,89186889
196,50477523
198,54565204
195,64735991
197,76511091
197,97436808
195,34143685
198,07094861
196,17561687
197,52579472
199,40223163
197,22857531
198,97577267
196,15671007
195,73585576
197,92086470
195,47735814
195,10744730
196,10005143
199,58880083
198,60722543
197,24015198
198,95668200
198,62590806
198,00278309
197,49981932
197,93228637
197,58099246
196,68487903
195,89467568
194,61576416
197,62670718
198,35979171
198,23385610
197,94489796
197,28150957
197,28076328
198,85383759
197,31740627
197,15488682
196,72621377
197,34157369
197,84315865
195,25751089
197,19430086
194,28447111
199,22169978
198,13426181
198,00165258
197,49877477
197,30011629
199,18350395
197,38313791
193,24332655
198,88521042
198,35792575
198,83238283
198,40102874
195,47544965
197,82037222
197,05766325
199,17692979
199,31469635
198,18101360
197,79018086
198,67185419
197,89839778
198,68627748
197,59083716
198,50499253
198,13183141
197,20258651
199,22247516
197,95165253
196,51113240
195,62473287
196,53342683
198,21655613
195,34771413
199,63273178
198,26678229
198,14244154
196,87848952
196,30465970
198,18323784
199,11141810
193,94532066
198,63067486
197,10341119
196,61116266
198,91733418
194,48983997
199,34107774
194,91185970
198,23490062
198,27110612
194,70782695
196,16038067
195,30676930
196,77903782
196,39831104
195,80183378
198,09331611
197,99743453
199,35016537
197,34999030
198,59619426
194,40831145
198,50719703
196,90144557
196,88109886
197,33524767
197,35718882
197,73748215
193,31332380
197,11201505
198,63400430
198,22341085
197,89596921
197,72704374
195,93821269
194,92152873
198,35093236
197,29295219
194,41288831
198,14134848
198,47810596
198,98203374
198,08585361
197,88948533
198,77927345
197,34748180
197,54051530
196,77747480
198,33348317
198,25644148
197,51628708
199,70897895
195,49338075
196,60510784
198,21223322
197,39567765
196,70961805
198,79698285
197,00263220
198,38227703
198,51615662
196,92667442
197,81180412
196,13112469
195,08657575
195,20555648
196,41829693
196,12337299
199,00307486
197,53594490
198,06200370
198,38820634
197,44153715
197,15604239
199,14660263
197,93612341
196,63993729
198,96221723
199,21759624
194,67907421
198,04149582
198,18400275
194,99985435
197,94580423
197,09182597
198,81619756
198,27123744
195,65186459
197,18246638
198,70868037
198,29871738
196,86674325
195,96954527
197,34641337
197,89733307
199,04183311
197,31767440
196,92624205
198,40878847
196,57293778
196,70837107
197,56681527
198,74020286
197,74434418
197,97625223
198,21427972
198,51917738
197,63944547
197,82992015
199,10501114
199,10971330
198,48828615
197,56278143
197,74942384
196,35814308
198,58345775
194,64878649
198,21202623
198,45764305
196,14522580
197,23132132
198,36603681
194,23629676
197,47918968
198,20805815
199,28870526
199,12361898
198,71777702
199,64618074
196,22992725
198,93122098
197,65570908
199,37190800
194,82047904
196,29024332
191,82071043
192,05906661
198,08188843
198,30182693
198,23239499
199,38684264
197,39154370
197,49253424
198,40474844
196,34576430
197,90402289
198,65150502
198,85642464
196,78535967
199,37010440
197,67372000
197,60020036
196,98949164
195,55901089
197,00002162
197,99107650
198,91223746
199,58372408
195,66075106
199,19584449
198,04166546
196,36111332
197,90325489
197,86167804
199,08957940
196,75014460
197,11365127
198,99258916
199,00025772
197,25953311
197,54154119
197,12285554
197,62632592
198,36439929
196,29250684
197,50160715
196,95451190
197,54780183
196,52496832
192,90238244
197,78572003
196,87528099
197,33715277
197,72266621
197,97718506
193,99522192
195,14819475
197,14755696
196,80589534
198,77773439
196,95314478
198,89237792
198,51945718
196,92319882
195,54399816
197,84298845
197,33212089
195,95903908
198,98715025
197,84100113
197,57743670
198,91392137
196,53927474
194,57354174
197,05163958
198,52796324
199,50311203
196,78913848
197,99908171
196,29642671
198,13676930
196,94264579
196,39816483
197,48829254
198,79404910
198,49876303
198,63456083
198,40838323
198,38496868
196,05055462
199,17101615
198,48194624
196,83105854
198,96451745
196,42107496
198,30864864
197,40891944
199,02869570
197,73794226
198,02486687
198,88057732
194,54045518
198,30091952
196,73392418
198,77598890
198,28118351
197,36084227
198,55521632
195,32378105
198,51806846
198,17300871
197,30300567
195,85128905
199,23610999
198,19741406
196,86188923
195,29140732
197,87733405
198,87156599
197,73890842
197,15555221
195,54832989
198,24654641
198,91758669
199,04556170
199,29617315
194,43179710
196,02050817
197,47198026
198,52022196
197,87784926
198,60259623
198,19217790
196,36332241
198,80833741
198,17046291
198,07859194
199,33219539
197,31339840
198,13252011
196,25216502
197,57807249
198,86752570
197,07486244
197,59762016
198,32099621
196,00722767
198,83536132
198,38348368
199,47786196
197,54105535
196,62970697
197,08868123
197,03630532
198,40120575
198,88845184
198,53296361
198,19881990
198,59860504
198,42017551
195,30154557
198,26196613
198,77363423
197,66378248
197,39657400
197,93431476
198,93089517
196,47360933
198,07561640
195,52500043
199,20672511
198,13422359
197,92018089
197,44255232
194,67912432
198,58886670
193,34508068
197,79463287
194,25072258
199,17457121
196,38675301
198,01603314
198,80478423
198,41779935
196,94139741
198,68507861
196,44168139
196,72436949
198,12591987
196,79239633
199,18287856
197,57157891
199,23029371
197,22462690
195,45705121
199,20425089
197,33541518
196,94130109
198,65088396
195,21775412
195,47254398
196,33609180
198,01964700
198,37622235
196,62101841
198,52851963
199,30521062
197,03081840
197,85508301
199,06683142
198,74673345
198,10166753
198,95059092
198,59866992
197,85023331
198,25853275
198,29401764
196,70074048
196,40945289
197,28127466
195,77708178
196,68658874
198,28457534
198,81658177
198,78749254
197,09225951
198,40575063
197,30976717
198,33317300
195,11739199
198,30544824
196,59614735
197,84939979
197,46385339
197,10882296
197,52048148
198,71638805
199,43244886
197,68180203
197,54927925
198,66394169
198,03140588
195,91648814
198,64700200
199,30384905
198,72200493
197,83456776
198,02597604
198,90515601
198,39274475
198,91689584
197,46012479
197,74135531
199,16160321
193,72093125
197,86148555
195,69000624
194,90358901
197,00493742
193,68204236
199,15955452
195,75863192
195,72252504
198,93799559
196,82305569
198,62123876
197,61596818
198,72403914
198,31067859
197,93501517
198,86830586
197,31762603
199,55352789
199,70833444
197,15530669
197,43995156
193,77285453
196,87825381
197,51962427
197,38600617
198,75510964
198,86121232
198,98654697
199,46434705
198,22085374
195,95202378
196,28587533
198,99514971
197,42689566
195,58185262
196,28164329
195,35889787
198,56242163
198,45332914
199,53938562
195,88367774
199,37719185
198,39437695
194,03453280
196,50868792
199,03303854
198,14175843
197,44896574
198,74654014
199,06402203
195,71582263
199,07538620
197,35737947
197,07940160
198,71341003
199,35574806
198,88883463
198,57715693
198,39390733
197,42015979
194,06785264
197,85427109
193,34544034
198,14980465
197,64675997
198,32097933
198,62796904
196,24738454
197,18503894
196,39004223
196,72537362
196,94945885
196,58487705
198,65616702
196,78619141
197,56018602
196,84688726
195,12912706
198,82678389
197,05274541
198,77535620
197,32320133
196,88974048
197,23393255
198,35089898
199,59445948
197,29804793
198,64774688
196,77927746
196,61878266
198,76523059
195,97746959
197,89423886
198,43226346
198,02168028
198,07345701
197,41002896
198,93482088
198,50213608
197,82173350
195,97062506
195,54615301
199,11483762
197,97551246
196,98794582
196,22366818
195,24611070
197,50152637
199,72431517
194,19649579
197,21579934
198,71310566
195,11690217
194,79301542
197,03948683
199,53713397
194,16774583
197,22145976
197,60399597
195,82892266
197,19022853
199,10612830
198,38121429
197,73751727
197,17508254
196,03997542
197,71153536
196,80412765
195,87768479
195,70312519
198,46425583
193,93793430
198,11132546
199,09169456
196,60166313
195,97880438
197,97294075
196,97635739
195,68518834
199,53135480
196,14145249
199,51638562
199,23233987
199,25040192
197,95493612
199,40273996
199,04528062
197,34776668
196,89151495
199,06359102
197,54314239
199,11991928
193,43588538
196,24954176
198,38581317
198,99944381
197,85924126
198,72154318
195,55963106
197,59662921
195,67929451
197,26056977
196,88373411
198,09073427
195,52886577
199,48109658
194,75351003
198,70547179
199,29942918
197,74165856
196,70430483
197,12080555
195,91659537
197,62274570
197,15163832
197,35463834
198,15058443
196,96812356
197,46585331
197,89664590
196,73067625
197,92320666
199,52843774
197,43411136
198,83701310
196,93714486
198,88572513
196,68521157
195,48417594
197,47493303
198,14418605
197,16492504
195,88279068
196,36623105
198,93003663
197,74915704
197,21717905
199,08728583
199,06455088
197,79443140
197,53409287
197,55226340
198,71154585
196,81340549
195,10410430
196,38478043
199,05727924
197,28283172
198,18356153
197,58497492
196,04993247
196,23426871
198,74127822
197,35576262
197,28080117
197,38915452
196,89139545
197,74399646
197,36489493
198,46573804
198,03484175
197,07989666
197,70102714
198,89777738
196,44236851
194,00225859
198,96009652
195,76816875
196,67171628
198,07774504
197,08260011
197,81905712
198,19610822
198,58242932
196,98994812
198,68776568
198,35216516
196,23369180
196,58351185
197,06913962
198,35252548
198,05189962
197,15176679
190,18403890
197,55338535
198,42852131
195,97404851
197,08023568
198,18205741
195,33882102
192,45445193
197,49715072
197,67499477
198,42006988
197,82830797
197,97365494
198,65582290
195,98392531
196,61984572
198,71095432
197,33084896
198,42953984
197,76548495
197,91168990
199,45984341
198,31650304
198,52644805
196,69240633
197,04956210
195,61111302
195,18712668
196,14873280
198,81434790
196,72213818
199,08197187
198,35339329
199,06283683
196,81584470
199,37453930
198,91704163
197,74205673
194,67049595
198,63486543
197,46889275
197,17257625
197,97866232
199,56592797
196,76069597
199,51305167
194,12594536
198,08300980
198,04212923
195,57611846
197,71510500
197,45087875
190,53927331
196,51266557
197,04757497
197,01107673
195,57886421
197,20013545
198,59720705
196,37052007
197,06036111
197,57462841
197,58645734
197,70967232
199,38339804
197,73598729
197,65446209
198,24205871
197,99124640
197,84725846
196,70144418
198,08282294
196,16925402
198,65496747
198,09544683
197,84229457
198,92711868
198,61470986
195,95003857
197,56092037
194,98799157
198,32409781
196,30802900
197,69899931
198,43224428
199,33218228
197,56682206
198,40927192
198,59832142
197,10223178
198,51873203
197,95409515
197,71706984
197,19187260
198,54472437
198,12838816
198,29297266
197,55513829
194,51441459
196,17178542
198,87619844
198,31416836
198,73721984
198,88385900
197,74633139
198,37578410
196,14671360
197,23433017
197,51777309
196,15862495
198,18567170
194,95038849
197,51604179
195,96148669
196,03356146
196,83245661
196,12523706
197,99460133
198,13944196
197,68433760
198,82279470
198,35012756
196,11210203
199,31149932
197,63389152
197,12538017
196,80936275
197,80626301
197,35550263
197,18039856
197,47882931
199,24140810
197,71424304
199,02881414
197,91000916
196,56229509
199,19566579
196,18195660
196,04900525
198,60756617
196,65646343
197,42376839
198,01875546
199,09345702
198,07819576
196,77892134
196,28689387
195,93975097
196,57069233
197,21593414
196,81161749
196,03934402
196,16814554
195,28716196
197,98076871
196,67105259
194,61992214
198,81806434
197,53211894
196,26982821
191,85871818
198,78140675
196,13943354
195,75434243
193,43302361
198,34232656
198,01064436
196,60957507
195,43758721
199,71638081
199,05776043
197,88005645
198,29523238
196,01775977
197,52449084
197,50521521
196,06643722
197,51889077
198,32955585
198,00855602
194,79003277
198,16174365
198,52826855
198,94839453
197,68944232
197,03620691
196,24695682
194,62744142
197,02229814
197,73111426
194,66372065
198,65981098
196,55601845
198,27317100
196,17996814
199,27334398
196,57503497
193,83456199
197,88400714
197,64010485
194,77829587
196,93754841
197,07045100
195,29207336
196,42837616
199,08120011
197,83717444
198,95628284
198,86234348
196,96618689
197,75098225
197,72549103
197,67058553
198,20767864
198,28857523
199,26081488
198,16195819
195,22501238
195,51292906
197,60421902
196,30986431
196,58117680
196,60184837
198,01293336
197,30048713
195,88836494
192,74327563
197,06067172
197,91713623
199,34030217
199,21484129
199,53844366
193,26527928
196,23439845
197,89051390
198,50022734
198,06933442
197,88817676
197,24572551
195,86476658
196,63064368
199,03065705
198,19375970
194,69849128
198,73747609
199,15887530
199,07435795
196,81749553
198,48102051
197,37599745
196,45592804
198,66258054
198,18573591
198,65407286
195,35092940
195,12525803
199,71204163
196,46077151
197,77612933
196,14127125
198,75211831
195,79137854
198,72332411
198,50387669
199,04607886
197,21482523
198,39264868
197,40471369
197,78245287
196,79502245
198,42645134
196,10120314
198,37067957
198,78659865
197,65292896
196,56207450
198,39824053
195,65530645
197,68142048
198,24540568
197,65768501
198,07357575
198,88706474
194,65847831
197,77465957
198,97462456
197,78125584
197,67376812
195,30988479
198,92573305
195,13478005
198,79975424
195,92414353
196,39855124
199,29896188
195,35539836
198,98534028
197,83400078
197,27579369
197,93569196
195,70219400
197,58042418
198,73650240
196,52036584
198,80724411
197,37377340
196,81544745
197,63558440
197,23609335
198,27107885
193,49511640
199,24407548
196,44392649
196,82126907
198,86381669
196,23441232
197,49661468
198,53553417
198,01260449
196,44772335
197,23602450
198,26689431
191,65604690
198,92797399
196,72186604
196,85602647
196,78101505
198,56981528
199,44527864
199,61177213
197,23356794
193,68247348
199,15543194
193,19286604
199,15886089
198,32000034
196,53400316
199,27593307
199,17537725
199,27820838
198,01530243
195,71612226
197,91408403
193,02175374
197,75991998
199,50328700
197,62127534
194,03176666
192,70444517
199,06384376
194,20513764
196,80893047
196,18739434
198,16759500
198,58973425
199,41645479
195,70533672
194,55336979
197,07573852
198,02567990
196,35733319
197,79137826
198,17267356
193,87517883
196,06171198
197,15747898
199,31932953
198,11748435
197,52148234
198,06354845
198,32583655
199,66481586
196,57491294
198,74169357
195,14888713
194,51875234
199,11644718
196,14354973
196,49422955
193,76474525
195,95456167
196,76438327
199,24683331
198,23077900
198,03531071
197,65640677
194,74983923
199,05567350
197,45842615
197,90760421
197,28475233
197,56608380
197,50371393
197,43535014
198,50215169
197,66246968
199,00502811
195,65605779
198,25468682
198,05184642
196,31142337
199,09954710
197,32847457
199,68815253
198,43284874
198,08542084
198,48626068
198,06724779
196,62582056
195,46594700
197,90025382
192,72270111
198,95650082
196,11196894
198,82378446
195,21305023
199,01071422
197,26808661
198,94310093
198,35902017
198,59199558
199,04226677
197,34593569
198,85977813
198,75862433
196,87487309
196,09553908
199,16056659
196,46094544
197,91291924
196,65926164
195,64228312
196,74663771
198,21886595
197,59534564
196,85347474
196,58909327
198,37782115
198,04189076
196,13925815
198,29947472
199,26249632
193,24424539
196,50595580
194,48153471
197,70523011
197,24611617
196,34746515
197,39899382
197,35627663
194,31451307
198,45626754
198,03731822
197,06092919
197,55613467
197,28855332
198,61354783
196,09452207
199,44645145
198,74040184
195,09714616
195,93383212
198,93161819
198,01191626
197,31422809
195,27357178
199,09947589
194,48775485
197,22425897
198,23414753
199,49981044
197,40468595
195,73151008
196,14191751
197,81319175
199,17267921
198,92242831
196,04100534
197,90434213
194,07277375
198,00221884
198,09935310
194,87153451
197,38654966
193,05081257
198,93988333
195,61511780
194,60015627
195,24136294
198,03642589
198,14500043
197,75258381
198,43397212
198,77732652
194,03965642
197,37519312
195,08046748
199,32771054
197,69530646
197,85287345
198,94413962
197,32942357
196,17713540
199,58035497
197,86609231
198,08373953
196,98694611
197,07999651
199,44084329
198,89514829
195,87391791
199,60002454
195,79854721
198,09094105
195,45288301
196,27234849
199,25139467
198,61361076
199,74790592
197,03767033
197,08575052
196,21784082
197,81198856
198,28118208
198,26595328
197,98393705
197,27408206
199,63201124
196,26320633
196,65020455
192,14198279
195,36929085
196,62030953
196,07050913
196,94210608
198,05530402
198,82011836
196,87606473
198,30533823
196,76146198
199,44525591
195,61110601
196,73317019
197,92857124
197,87424275
197,72345517
196,93864794
199,10801676
198,50965712
197,59699578
197,77492517
198,57125663
197,15751298
197,60231588
192,26867405
197,43999666
198,05707517
199,21347810
197,40402797
197,66119558
199,36479269
198,26876178
197,84554482
198,58252428
198,30090069
197,26852030
195,81190816
194,82554148
195,92985950
196,64920318
198,67210221
198,79984056
195,88081208
197,99476251
197,06618966
195,73149117
198,03496662
198,53286688
198,81844855
198,88730052
198,87681328
196,31970412
196,38315293
196,38004616
196,43573046
195,14963784
198,47413158
198,32042315
198,71961376
197,48621521
196,00516367
197,70731672
196,97671626
193,53682914
198,01756246
198,14932591
199,68321122
198,44605409
197,96513443
197,66513541
198,21174564
197,69340276
196,88917475
198,39540793
199,24888067
197,71011704
197,07572644
197,19240794
197,75834230
197,55445826
196,85290968
196,67840205
195,78526285
198,61122188
197,18078511
197,62247672
198,03639206
198,97790432
196,99128930
198,61954611
192,66836635
197,93143087
197,56905877
197,09589120
195,93631846
197,28624993
197,53411288
199,13266099
199,58467670
198,99405737
198,32289731
195,60044739
197,57508999
195,90990985
199,07476396
194,51581693
199,01262951
195,33730301
198,98623266
197,70906793
198,70477356
196,30755934
196,79703946
197,71083146
197,83326906
197,02686845
196,82756176
196,92670679
195,94754222
197,59237600
197,47211358
198,57492095
198,69548225
195,35891450
198,26292530
198,03714689
196,94291168
197,23566814
197,74104242
194,70925426
195,80733627
195,89554512
197,60336540
198,21885768
195,90365597
197,80553298
198,19582182
196,70311049
196,53300502
195,75941799
197,39822186
199,01156463
195,89266417
198,70940444
197,40780010
198,50514833
198,50236599
196,61442006
197,58210850
196,45241803
194,73816105
194,47366508
197,11237343
196,69427002
198,17912480
197,29022976
199,29379479
198,35778296
196,16329689
198,24152703
198,93403419
197,34880583
197,59586271
196,42966437
198,86096788
196,54975684
198,63816130
198,45382220
196,54402962
197,21659811
197,29813423
196,44480561
196,82163592
198,43281856
196,91218746
198,09392505
196,50064776
199,51713254
198,69044110
198,54225455
197,83388024
198,05540070
198,80729144
194,43933036
198,96417880
199,33432273
196,20090087
195,27607630
197,85190499
197,88679954
197,17972150
199,28432308
196,82127554
198,46932308
197,16700495
196,45197818
198,44783991
196,39550089
198,44931428
198,66353402
199,11713151
196,46772666
198,12666423
198,30118087
197,77645980
198,02327865
199,04708991
199,06255451
195,87632814
197,95681707
196,32188569
197,76521833
195,88488564
194,61083754
198,41826294
198,39724672
196,58189394
198,21146868
199,57018136
196,89090188
196,09210436
197,32923182
197,23858372
199,52270266
198,21112209
197,03301335
197,39979615
197,05186961
196,00588060
198,52943897
197,75013965
197,52905845
197,71759422
199,06110453
194,84821617
198,97752715
196,90604404
196,34503330
195,50722620
196,50257729
196,56120388
198,13634723
198,10594370
198,81293191
196,49698501
196,80256685
197,16688824
196,23983423
197,63524633
197,77372897
198,56000198
196,62281525
198,96292611
198,07482890
199,32600338
198,84730504
198,67527510
196,44206093
198,41403696
196,13040401
196,47861148
196,34681891
192,79590407
196,17690750
195,49927651
195,99584932
199,03296941
198,11089824
199,11562124
198,36434405
197,86447883
198,44879550
198,90273771
197,39928366
195,52679121
195,71013581
196,25237317
197,12784201
199,06706070
198,16790421
197,10099655
196,53066001
198,08187932
199,07918685
195,47370455
198,05787300
197,70947881
199,31243414
198,11287835
196,90822041
198,73880367
199,47729622
194,53363862
196,48526634
199,41913773
197,62659261
195,44550173
197,87924149
197,75770310
198,53791219
194,80104217
198,53432285
197,28794876
198,08182470
198,30830507
197,90701140
198,73804723
198,70224374
197,28838760
194,54287011
194,14311204
196,47798456
199,02485153
196,41907303
198,87021482
198,17628180
198,08661294
198,83468972
196,81582745
198,27520516
196,89148998
198,62691111
197,74749757
197,61395390
198,71207271
197,69714687
198,83536429
198,83742038
196,91609334
197,74089540
199,01768593
196,62444100
198,81561189
197,47252040
197,78928614
199,13338421
197,92997471
197,79534989
198,43118031
197,61577066
199,05521115
198,71526578
198,12087098
197,32742397
196,60705276
196,60203991
197,32788170
197,02886168
199,19341667
197,20105599
196,86300221
197,88359400
198,90632057
194,80152069
197,15639275
198,75421615
193,95102963
196,55375394
197,01618326
195,72285579
196,93815187
197,08724170
199,62121567
197,35831078
198,43641050
198,08746346
198,03751450
198,02905826
198,75734634
198,58634107
195,48018659
197,09082855
198,94968383
196,60661670
196,95734406
198,77142265
199,18198536
193,46243467
196,00872282
193,31967118
198,75173543
197,37771718
196,53957442
197,41962268
197,06758693
196,73753985
197,61909032
195,45665169
198,64112035
194,60268803
197,58317619
197,74890425
195,43730729
197,68761509
198,81553521
198,41130584
196,00404670
193,09619642
198,54702694
198,53811259
195,82653207
197,87373093
197,62642207
195,87738736
197,17775043
197,01674676
198,65907947
198,31222990
198,46124353
196,39996766
196,06503273
199,20848652
198,55182659
198,56703315
197,25420584
199,68369184
198,65379269
197,69908326
196,94885813
196,20560515
197,80686673
197,02768303
198,11798372
196,82129662
197,63141646
193,73148305
196,54289962
197,82048245
196,66586407
197,06143834
198,90644078
197,37003467
198,38410712
196,02462823
199,22207083
198,85892062
199,36078252
199,00459127
197,01348528
199,68519561
197,39822815
197,56238206
195,27093942
195,81182031
198,61327575
196,93316713
198,43176231
199,14637933
199,56246116
199,20276455
195,86197089
197,19361015
197,10324219
198,96365543
197,96027298
197,82872852
193,41860479
196,43184468
194,33414047
198,80186969
199,36132665
198,59749562
198,20286777
195,43221422
193,24716246
199,48264403
196,76553308
197,46093105
196,66340974
197,05008162
198,20049866
195,49110507
199,01791049
197,83132718
197,59239960
195,67909806
198,43491916
198,59802158
198,15531079
196,87866500
198,69833512
195,00803819
196,13655656
196,15967852
194,76715036
198,72405122
197,73986228
198,82384569
196,29817247
196,50126852
194,43413899
196,47751702
197,89364541
199,60694007
199,29608053
199,53308229
197,14765984
196,91884815
198,12771729
195,75221504
196,71317623
196,74842913
198,21306591
198,49227575
195,15739614
199,21291341
196,85287222
198,35391648
195,87315504
197,82444036
199,51280877
198,93614048
198,14871534
198,93194962
195,62668942
197,45053182
197,17450594
197,88025668
198,68978473
196,49746589
198,80065697
199,25758520
196,31346465
197,45317431
195,60373918
196,49263108
197,42638212
193,39666571
197,66604557
197,61490619
199,44017837
195,79870707
195,52836964
199,30195590
198,08454164
198,26467875
197,60195734
196,67560402
197,54439617
198,73423690
198,09438567
199,18868901
197,93009787
196,97100809
196,09280369
195,07299583
197,74747956
198,90929091
195,26324688
198,25775135
197,46654259
197,26843755
198,13906554
197,13922401
197,37136936
197,98929436
198,64553119
195,47622162
199,67508827
196,71572757
197,81678594
198,04892562
195,45085006
198,98497992
197,33429052
196,31336684
198,18831212
199,10735922
199,10023546
194,15131802
196,13268519
197,99234195
197,96887840
196,14507292
197,95563713
193,43035260
198,45698801
198,81402384
194,80665603
198,81765533
199,13140290
198,72652181
198,28748119
196,41697360
197,21282552
193,70044240
197,62987382
197,23822932
198,46420752
197,21931690
198,04274305
197,24871025
198,64172269
197,49681062
194,17252645
198,49964445
197,26306538
196,38398142
197,47555106
196,52236821
194,26130978
197,39956204
196,72399438
198,59377715
198,55773093
198,62627649
196,53642828
198,47347400
193,73605598
197,72691050
198,75187436
198,93424822
198,71266816
195,69003754
196,79724517
194,24398291
198,99666311
199,37314171
198,69719142
199,11919644
197,15260653
197,93578568
193,64510380
196,70449950
197,50394319
198,92929144
196,30349085
198,78154690
196,44392315
196,12803489
195,93303942
196,51043941
198,89784766
195,19693516
199,60977055
198,84279301
196,96574439
197,38293228
194,09242090
198,59997671
198,14944940
199,63536485
198,09153382
199,54067857
197,61539406
198,27163320
197,75191745
195,93888195
194,10175668
195,37046383
196,43562652
193,00121697
199,05390390
195,58331127
196,88628627
196,82426431
198,08479405
198,51701418
194,67061949
198,79371496
197,04102356
198,27105345
197,54118661
196,82828701
196,64258559
195,89518689
198,43865220
197,97654920
195,56306922
199,00011216
196,08071536
197,02438948
197,53197342
198,67650552
197,85714709
198,61186771
198,89721627
198,59329817
198,19986119
197,77086177
198,54968233
198,63827770
194,02160615
195,09444006
198,99552491
195,52518791
198,68009645
196,57701036
197,38671167
198,92916613
198,88654270
192,62824356
197,75584881
195,12960657
196,66968409
197,83759922
194,18457836
198,04520222
195,44243065
194,84692597
199,33349896
197,90609145
198,84688255
197,72787056
197,77593490
197,38249330
197,21855851
197,89578809
198,76256918
197,32927833
198,08417816
198,72264141
198,79690224
199,11985350
198,39786372
199,56302426
198,31236923
197,64041132
198,50238819
199,11917669
197,28543967
195,51297460
198,73674106
196,03071793
196,17614462
197,39249784
197,84006370
199,60756288
197,38101706
196,35931965
196,79349200
198,34987368
198,28904275
197,78906875
194,66301814
197,36560537
198,90899204
199,06338109
198,57570519
195,70898262
197,43326584
196,45568758
197,79022837
197,90686903
198,58866379
195,78455441
194,61084086
197,70189445
198,47803486
198,00638490
197,98512066
198,12876485
198,17729072
198,18493585
198,59451574
197,61716815
194,70451292
198,38623388
197,51620770
198,07193746
199,35572114
195,52023347
196,62898731
192,11059111
196,04670906
197,25510176
196,62964953
199,34477435
197,57543190
196,67409983
196,51354109
199,12922932
197,97338213
195,17619136
197,38306182
196,10854123
198,11858165
199,37128000
198,74212226
199,40249353
197,93928594
197,25285669
198,90267878
198,71619592
198,71218098
193,27376022
197,02383720
199,19971869
197,56403351
194,91136170
197,34271166
197,46398809
197,51444240
199,69071880
195,47624830
195,32006180
196,21786380
199,46200294
199,13579177
197,10621672
196,58172051
198,65753952
198,43415533
199,02388328
196,22005479
198,15621018
197,41571936
198,86970401
195,15066618
197,83003592
198,89830659
197,43458396
196,99469707
197,72854907
197,39464682
197,08256946
196,38027572
197,78440404
196,41497792
197,40076270
197,78055192
196,53682731
199,29194208
198,05586710
198,43962598
198,60885674
198,31258524
198,50737742
197,19173594
198,55205511
196,34193721
197,61441658
198,75246678
199,22985028
198,24143257
199,17976195
196,70661079
199,56221795
198,48207505
198,57867771
197,38028162
198,41554554
198,50463075
197,64771355
199,43419551
197,51274446
199,22726553
198,76136925
198,23039362
196,64455744
198,18895999
197,02925786
198,34272310
198,40686179
195,02616506
199,09484683
198,58588098
197,86377635
197,54070675
198,54428531
198,88406058
198,34260475
196,34542550
198,93672235
198,61124969
198,88422401
199,01750448
196,48824771
198,71824392
197,87978976
196,13413146
195,45169237
194,59667742
198,44581944
199,36515150
198,34006996
197,32283976
198,85927958
198,81223747
196,96877168
198,74776510
197,26279131
195,15890342
196,52989896
199,23659721
199,13566992
198,53755759
199,39205463
197,88217185
196,57725755
194,82814045
197,13330482
198,64461943
197,70648261
199,15612447
198,83028758
197,77897479
198,11972058
199,64414492
196,78691088
195,94478485
198,25484326
197,48475766
198,45831289
198,35069503
195,16606025
197,33342154
195,45199928
197,75295398
197,22431916
198,30240055
195,02482821
196,80794647
198,54931857
196,14232651
198,32067358
198,39088658
197,84130407
194,15748284
198,18129718
197,26972840
196,95803681
199,61047712
199,21346423
195,75281549
196,23323056
196,43923099
199,14310748
198,39190407
197,11639873
196,81147151
198,38329141
198,44023572
197,37636619
197,62480622
197,90865756
194,62848561
197,89840734
198,06708002
198,48962630
198,24857898
198,05937746
198,37166433
199,10254149
195,75056059
198,07169076
194,57141812
199,13210860
196,33428478
198,34869426
191,48983017
197,26376480
197,32963048
197,84219977
199,20503137
194,18585283
197,81441494
198,02787589
197,43900311
195,60413334
197,97598946
199,11973996
198,07287225
197,86740816
198,42799165
197,53011221
197,37291929
199,51308890
196,88951697
197,48638024
196,28405750
196,59136918
198,05997692
197,89366109
196,29003274
198,46095331
197,98069836
197,60691288
196,80724042
198,12325247
198,64855236
196,70071692
197,89257976
196,99284352
196,27002081
196,90491895
197,87982014
199,40279245
196,73614190
195,18213288
199,19081997
196,77298679
197,89365124
197,65967781
195,91879383
197,17568292
198,54207741
198,79034450
197,62238762
197,02408347
198,36521101
196,56707319
198,78712854
199,52998120
193,37024776
195,66283150
197,15994686
198,28111370
196,67248384
197,48431702
198,88701942
197,80893144
197,85120837
195,80257244
194,04097035
197,76954747
198,02799975
196,38419696
198,93848398
196,89455460
196,61454896
198,79795109
199,27122384
195,04189435
198,26451151
195,84238085
196,99106649
194,77425682
197,58119689
198,93733599
198,50558687
198,15697548
197,82103879
196,12770186
197,38208734
198,49131748
197,77291381
197,41303611
196,61526954
196,27220253
196,47941241
198,71308851
197,56021665
194,76773208
198,79300279
192,52407978
197,73719581
198,99248730
199,15199992
198,91227181
198,10962806
198,39768528
199,13659696
196,14044044
199,00372385
198,62503961
196,93239369
197,96136430
197,99345204
196,84693757
196,66256095
199,52237045
197,77257559
199,06561835
194,76408880
198,22856848
199,13338575
198,45107369
196,92982813
195,26303990
198,34734873
196,83430439
196,38581962
197,34559995
195,96772880
199,37204947
198,60098800
198,78803703
199,18452176
199,14647279
198,34302826
199,06635299
195,87750767
197,69383615
196,97046597
198,29616628
195,55420616
195,56041448
198,77767165
198,47345241
197,65028933
196,08918587
197,47670156
196,90116912
193,29307071
198,20909395
195,51713008
196,72855809
198,31406381
197,01578273
198,12230360
198,60628954
197,12952964
198,46640449
199,77472006
199,79194009
193,83047709
198,86163525
198,73877291
197,14568286
198,43941311
198,72745685
199,14932241
197,78490358
198,40324115
198,26193394
197,31430294
195,08154743
197,44177936
199,42862445
199,61542727
196,83818405
198,39979201
199,10506146
199,49807283
193,89339776
196,63225017
198,09012330
197,80316098
198,46930643
195,27442369
198,87506026
197,48634120
198,88401736
194,80333970
197,66332659
196,89754701
197,58231178
198,78554584
197,98299804
196,77560423
198,07842574
197,99242256
195,07255014
197,98883483
197,38057535
197,73012053
199,30034155
198,93790179
198,84318312
197,24437802
197,59915311
198,71668805
195,87211124
198,38084150
196,52246698
196,98847042
193,57528808
196,24670207
194,06637176
196,79366722
197,17512091
195,80499281
197,20451424
198,58804458
194,77512589
197,79514536
196,90320174
198,63556609
196,06723976
198,14711470
196,11427020
197,77236578
196,85376916
194,25193645
197,07765525
195,36525937
198,43805828
197,57295085
198,97851983
198,93240397
198,97606603
197,47519093
198,49871728
196,20761894
196,82149233
195,10729962
197,74352851
196,99641737
197,49944636
197,59402407
199,52800420
198,03720933
198,09187174
196,61040821
199,19040935
198,45099991
196,75189170
197,03567142
199,12766838
196,94157864
196,72470991
197,95489112
196,78093637
198,68576597
197,87906909
199,30952376
194,57029259
197,21189074
198,55365750
194,89918454
198,30281030
198,56180498
197,49040140
192,73331031
197,11242895
197,25388805
199,34254984
197,51682185
198,19561095
198,08892807
197,40857769
195,16276471
198,67176762
194,41771522
198,00490244
196,50198776
197,84551420
198,34451951
198,93755575
198,16733938
198,18326534
197,63082823
198,18534795
196,86910876
197,64956361
197,87599156
198,26907524
197,13505243
197,61256431
196,39953954
198,76175298
197,58712955
199,20968409
197,84734627
198,39612182
195,19539523
198,75872780
197,43696485
194,67305514
197,22517785
198,61773492
197,05143848
198,51573367
196,22016959
197,83494565
198,11991736
199,00699339
198,96621017
198,11292768
197,94056610
196,29968582
198,18131442
197,00583660
199,01075329
199,13305982
198,15474314
197,42447661
198,60395392
199,59913654
198,24696024
195,48230591
199,00026639
198,60951925
197,86015794
196,92951647
198,78024114
195,36030152
199,34549322
194,48988224
197,48128786
198,97388508
197,00115917
197,46362999
197,25111418
193,06668116
191,59672595
197,82493603
196,09062811
197,89157674
195,08834602
197,41412437
197,47054815
195,07821463
198,46040774
198,29990859
199,12017725
198,57463785
198,13632748
197,62715568
195,78073368
198,07819695
197,05055345
198,29672684
196,06848406
195,81880322
197,96635362
198,10992776
192,78934302
197,29611807
198,62313318
198,23280335
194,55070759
197,64573302
197,82635800
192,84997539
198,06817175
196,53448586
197,00280026
195,93833075
195,83464295
195,45354396
196,47476048
198,89526231
198,29819838
197,71514884
198,45439699
197,21247372
197,93568052
197,35631975
196,80849736
196,91917007
194,92827672
198,84731064
197,91863379
196,40797240
198,61406787
198,41021010
197,17007213
197,65196215
197,13315580
196,66681668
197,84848146
198,54757838
198,07158926
197,96552890
196,69661670
195,88985311
195,89739364
193,67829122
196,40232843
198,41807882
197,61912952
197,46622785
194,86999847
199,43696322
197,27297992
197,07378742
198,02353867
198,62908392
196,40141239
193,37975706
193,89408239
198,22650187
197,28932655
197,60209904
195,04134487
196,36002925
197,46673973
195,43405156
199,29433851
198,34029428
198,24249326
197,32657030
198,30969684
198,49485159
196,76973277
197,68223454
197,11392760
197,09462490
199,24900991
194,84013228
198,42919426
195,40738817
196,92103167
197,17773075
197,96898546
197,60399067
195,60430140
198,24067764
198,23664802
198,96231419
195,71004881
188,77878481
197,96042951
196,62849196
199,65451879
198,05384817
193,58840974
195,14629235
196,70035730
197,48196878
196,66368073
197,43033735
196,53763618
198,68493480
195,98979984
198,64744156
196,80010214
197,05259932
197,88219204
197,57028065
197,99073253
197,59953673
197,65068830
199,74161134
198,97913569
198,96838943
198,38350379
195,80159689
198,34095111
196,46225890
198,46041950
196,42022441
195,90793182
196,43684335
193,36652643
199,42311257
199,00126184
197,28601292
196,04051904
196,54707160
198,51565937
196,61291845
198,84539326
198,00276865
195,53185011
199,36868796
198,19795902
197,08840681
198,72803867
198,26421804
196,06380682
199,06705437
198,24526643
197,93450394
194,41591566
198,55318804
199,37053874
197,02302920
198,69764824
197,96669194
196,95409541
198,78899849
197,32829298
198,92227606
198,10593672
197,90608052
199,13449124
198,88375181
198,44615567
198,51564027
198,52733251
196,68034518
198,21527503
194,51671384
197,98408261
198,02670933
196,99094671
194,79659950
197,78210111
197,59863128
198,73846885
197,90716380
192,91638854
197,25804918
198,03440129
198,35884552
197,68755480
198,72776297
196,98894917
196,71345691
196,76435436
196,97785053
197,56883396
195,43677776
196,11464439
198,37673427
199,61976724
198,48349718
197,65560879
196,68420609
197,94021666
195,26293788
198,42552732
198,30347480
197,10687035
199,14720837
195,40962168
198,82282439
198,26080438
198,57132355
196,12613502
196,45417696
199,42131714
198,50638207
197,10346197
198,52876030
199,04460822
197,32040010
197,46195379
197,52880913
197,94633880
197,96981373
198,62489422
196,71810645
197,11674537
199,07286292
193,50863046
199,43488310
199,55730953
197,24243080
196,44518533
199,51916885
198,09975732
193,76554069
196,19989338
197,89564924
199,69373989
195,64088742
197,26911908
198,66729318
194,46469168
197,74582710
198,39326532
199,39020891
198,41392492
199,35140088
197,40953696
195,59195393
196,96727226
199,25002370
196,70754073
197,56106098
196,67434586
198,18730025
196,61779860
195,49709782
198,68605178
197,01658111
198,65041911
197,02242767
197,82617430
198,21033066
198,07733681
198,43778089
198,44652391
198,94146921
198,49612043
198,76586017
196,96617646
199,17599625
198,15672494
195,96588645
198,49248546
196,94953727
197,40392497
197,61392804
197,66871069
198,21837577
199,23873118
197,96407781
198,93063024
196,66078653
198,19466902
196,41938594
198,61502650
197,64362477
196,54392918
198,26918177
199,16960279
198,37170435
197,41575850
197,88774890
198,87078184
195,94883792
198,47045977
197,45029671
198,94195003
198,07536194
198,09015487
194,78281718
197,35586586
197,62531614
197,30484688
197,96831248
198,63324770
198,12571520
196,95422018
198,01340693
199,61278576
195,39384783
197,74438142
197,21400474
197,71403386
195,88639669
196,28832327
199,20274804
199,51242669
198,71453689
197,26465911
199,10653833
197,02389165
196,28314943
197,39782974
198,10917778
195,60371647
199,34998200
197,73447340
195,15103702
198,39081417
197,81637399
198,16050371
193,04541258
197,96398229
198,43698647
197,51397190
197,25597481
198,40992110
195,85281691
198,75213890
198,21660766
197,63493525
196,16646311
197,23263444
198,37053326
195,23057576
198,06711177
197,68918036
198,70242981
197,38246310
199,11489045
196,99701485
195,85418677
199,13461219
197,90906666
197,80292368
196,67894202
198,72647425
197,12355031
197,53963696
198,49153524
197,04957479
197,54529770
196,59168975
196,40965246
197,30626850
198,55710568
198,31302633
199,03301509
197,78439499
199,27203062
198,05990065
198,23740464
198,69771802
197,57450379
198,76756084
197,18502870
192,49161125
198,74946618
196,37962197
197,08457690
197,28257583
199,27861398
196,88598533
193,35495084
199,25870631
198,96608094
194,93112077
198,59002473
198,56184793
198,95199569
198,93913305
196,08724967
198,43568357
195,23942956
196,54928257
195,36294733
198,26115591
198,77754599
198,28830938
198,90872682
195,17058467
198,08018813
196,07527621
198,44672613
198,36021243
197,17122804
198,13436846
197,69734092
196,44091762
198,11290449
198,31635322
199,39479536
198,85816919
197,68513405
197,48254959
198,17997195
198,53069593
194,62419140
196,73360715
197,82813298
194,38412025
197,65543908
198,09898192
198,92735646
197,78411541
197,11069964
197,34842763
197,80235466
196,65671058
198,98529723
198,46852519
195,50884976
199,64223117
196,28694062
197,94453163
193,95765095
194,12503320
199,09746015
198,42785177
198,25733569
198,86845867
197,96861044
197,88772242
197,20359013
199,05345544
198,04338772
198,70354517
199,41551975
197,82944553
197,55275878
198,28925518
195,94543587
197,73508495
197,64184145
198,50297311
198,41322278
197,44078476
196,63663300
198,18696297
198,09619552
196,99177951
196,63462785
192,44188291
196,32620121
198,85043393
194,93031158
195,18662076
196,73212809
198,83647900
197,24933105
196,40750153
199,04685294
191,94273544
199,58300325
199,37451540
199,41024610
198,22319827
197,85615309
199,06956994
195,55284375
198,74214937
198,84617436
197,89787998
197,95062814
197,36760809
198,61333273
194,70136981
198,48850277
197,51857224
196,70484253
198,07533979
197,65756638
197,15654633
197,10417533
199,42288214
199,33389691
196,98311266
197,87217806
197,17606444
196,04586836
195,66949032
199,08540327
198,99258638
197,11385680
196,49929073
195,27818283
199,71779209
197,63120780
199,56146320
199,28781183
199,28790479
197,60530917
198,54039790
197,52083043
197,52248253
196,53126176
199,32770461
196,54189590
198,11382041
195,12759937
197,44232626
197,41599075
199,42229961
197,52299726
197,84425331
195,84039859
196,69161431
197,31436179
198,14890643
197,37659833
199,03780103
198,93634735
195,68517200
191,73387763
197,28139080
193,95358487
198,57430316
196,14174672
197,49361246
198,77303405
199,66832986
197,49047499
197,91999265
197,79503037
197,53244146
191,03081495
196,93145689
195,92474537
199,39727498
195,63599143
198,61221321
199,32342370
194,23588412
199,51042913
198,08663729
198,00246364
198,76896101
198,79588278
195,19044349
196,64658695
197,90974450
199,19977303
198,01403151
198,53777285
197,87450865
198,74687582
194,39793432
196,56188893
198,83077238
198,64485936
195,68705630
197,38909799
196,73649630
199,42744309
196,07628016
195,83170308
197,13937729
195,73138749
196,44165928
195,64570927
198,54137980
198,94030190
196,82765568
193,65637181
197,37244567
198,77315161
195,89182059
193,95719328
198,60946647
197,79236174
199,04100536
196,49933163
197,84023969
194,16842847
198,81222685
198,13603581
197,69117156
197,61265638
198,02699771
197,16316289
196,99236110
195,12911650
198,44555466
198,69242119
197,97628358
196,69353618
196,94210660
196,91531257
194,93492549
197,03058126
196,32652327
198,18871431
195,78859246
197,21536054
196,29547267
196,91679863
197,20235503
197,63642686
197,38413271
197,21368900
196,84299494
197,72829589
196,04056955
198,59419545
199,31139248
196,66351056
196,11477454
196,26056653
197,12908385
197,95505343
198,64906378
198,85972007
198,99864464
198,89122496
196,38462233
198,88453744
199,35429726
198,17100779
198,91182896
198,03873781
198,62940372
193,22300808
197,29732948
199,31704372
199,58218548
197,10479941
195,09554473
195,61547070
197,41880094
197,57646390
198,68481050
196,34707443
198,83374571
199,09346433
194,54439383
196,78702320
196,76029107
198,52039057
196,49682363
198,69107935
198,54661054
196,19123797
197,35862229
197,19301307
197,95512280
197,21773523
196,05090271
198,35723070
198,74472514
199,29015396
198,35174070
198,84575985
198,67332717
199,14434648
197,88447803
196,58373264
194,95754812
198,10215433
198,26619624
198,60461665
197,74457362
197,65754732
197,64372370
198,73317042
198,22794986
197,31409639
196,52586935
196,50210461
197,71868111
196,14608561
193,87493900
199,74413184
197,66197433
199,14189640
198,46210457
199,33254120
196,45795135
197,13302023
197,76190500
197,86226111
197,86556107
197,37940323
196,30768993
198,60672870
196,37024717
197,90920560
195,37416907
198,06323194
197,48410943
195,92223724
198,23214938
197,09763061
197,59762017
198,66049207
198,62347149
198,62598726
196,87559363
198,96661356
197,45974827
199,52824712
195,22398120
199,10118429
198,76975307
197,32904370
197,29062794
197,43099694
199,68435770
198,42271239
198,54934839
196,91128641
198,39048986
198,00444784
194,03658522
194,80591910
197,99616325
198,01921290
196,22816284
198,39442612
195,32679178
198,18744933
197,69579222
197,52525229
197,40989173
199,03907739
194,95634474
197,19183795
197,94211232
197,56765296
198,90574133
198,71303497
198,06360817
195,96129886
198,88993818
198,58306096
199,64377213
198,59082523
198,49051983
197,55816243
197,82339607
196,59194726
197,93738547
194,65479661
194,19602917
198,58820195
198,79714398
193,71220051
198,45065266
197,95741852
199,77287025
198,40949398
199,24818853
196,89218039
199,30645182
198,02465866
196,64823568
196,78461542
199,00741009
197,70026827
197,40174775
197,31951051
197,97917189
198,44197218
198,54608616
197,84854204
198,05298954
196,74978613
195,01534351
198,19201793
196,75133914
198,63160077
199,03394166
197,18403646
197,86058249
197,36460557
196,97291986
198,39396760
193,24970778
198,11171343
198,06035351
198,16225683
198,86011736
195,94168915
198,74730499
197,68833902
198,45100811
194,12981523
194,26805567
198,22604832
198,75441757
194,94471559
197,49712540
198,64665569
196,47648505
196,40792851
198,20532170
199,13703588
195,45356083
198,99232415
197,64316769
193,30043176
199,02038431
199,48846436
197,20252156
198,50674071
196,37879069
194,87293984
196,87009098
198,45436249
191,37107924
196,97076158
197,56261374
198,47259983
198,99105103
198,51814474
197,84830094
198,35721211
197,89354128
196,19889389
194,38361547
197,55344882
199,26525593
198,21331355
198,51124043
196,86103771
198,56656685
196,56102661
198,11027403
197,63849542
199,07905786
198,57832521
198,85075837
194,94919931
197,02271020
195,63365404
196,65864604
199,09107669
198,43975405
197,11517535
195,96179794
199,14300700
194,01403837
197,29973978
193,42398002
199,05819647
199,44931295
199,28119074
198,98499985
197,32067991
197,71430969
197,21657886
198,50367871
197,72742824
198,44941486
198,11776848
198,12833637
198,48422526
198,62778987
198,37723526
196,23747233
198,14438997
195,52678362
195,99561698
198,13401746
198,04792015
197,02644014
197,23349190
198,78125503
196,92592777
198,12810392
195,24877594
195,73480424
198,57313408
196,28803689
195,75193871
198,02659071
197,22946355
197,99608636
196,03755906
198,48871532
199,30108014
193,46184795
196,70801614
196,98603480
199,11702468
196,66602571
195,04668633
197,41228635
195,58264760
199,52689407
199,00179074
196,93754669
197,88400762
197,41035391
195,12604719
199,30706784
194,89682144
196,25600898
198,88219272
198,51579730
196,83698454
199,74500726
196,58330209
197,04506359
197,42094585
196,94116838
197,68169060
197,76368826
199,38689272
197,89992024
198,99437661
192,19676450
197,88181914
197,60300991
199,46434604
197,77204722
196,64358068
199,56318668
196,63351352
195,20303267
197,61207714
197,67895902
197,74727262
198,18190023
198,39633498
197,09753377
197,01793655
199,31181044
197,50405286
195,78599877
197,84919532
197,91749445
195,27962793
197,59015547
199,32741041
195,07411931
198,11802788
198,53512933
199,69575885
197,59696644
198,39718275
199,38767057
197,58334715
197,47255614
198,43099768
196,10349663
197,43294235
198,90421970
196,86632157
198,06646845
197,59385408
196,34726386
197,24419424
195,08318385
199,36649105
198,23191397
196,69193847
197,27394947
193,92640470
196,56750421
199,16135228
198,07384360
196,95762767
195,51765415
197,49329025
197,21578473
194,81722581
197,62174265
198,86662420
197,21968203
197,82131415
198,50272422
199,34798051
196,15182265
196,97917367
196,97473704
197,85409275
195,90134609
198,57022148
198,91262667
196,74650223
196,55579791
199,19158282
199,55780364
197,28520242
197,04629086
198,88472644
198,51679982
197,96263206
197,70545294
196,19162871
198,91014997
198,53905834
196,12340296
195,23767273
199,16799088
197,26757833
199,21391547
198,87122583
198,71004899
196,97471657
195,64351843
196,44478234
196,66401371
198,68660223
196,90823090
198,19458792
197,46403084
198,16942529
196,18098728
195,99481615
198,31431810
197,69070899
196,66305265
197,83321383
196,71950283
198,50170250
196,18439022
199,03931224
196,93859889
197,26333397
198,31526004
198,34069900
196,76775512
195,95700152
197,88419841
198,27670944
195,56065734
198,50329426
194,36848536
198,63112624
197,59077976
199,38382345
194,06426053
197,20880827
197,58287020
196,91625135
198,12053337
195,77285781
198,51635083
195,92064569
197,37864167
195,18423209
198,37900651
192,02978055
198,53740945
198,21097374
198,87334877
197,70863078
195,78227374
199,08425689
197,76329408
198,64435521
197,61066675
199,06236557
198,14200043
198,38979960
199,59763546
195,20195088
197,62866342
197,81685415
199,15373219
197,67914457
198,63024126
197,38294396
194,84802006
197,48574414
198,21138878
198,93455013
196,36868771
198,18647214
195,53619005
198,87506157
197,63900371
193,90665615
198,47794974
196,13683678
196,90976727
196,63546210
199,18497149
199,18262054
198,85755918
197,88938654
198,10401556
196,77400933
197,35407978
197,49046790
198,06144878
198,75018649
197,40216085
199,03107370
191,32594919
195,62679948
199,07554075
197,79996211
195,78893118
197,45283501
198,36941686
199,46155097
198,20418088
197,33649012
198,63148037
195,59593085
198,75169309
198,67846030
198,71351797
195,08836032
197,74819713
199,33296965
196,22223189
198,96595709
199,11328472
198,41732029
198,44317336
198,48173032
197,12451991
196,23470692
197,16411561
194,39897814
198,54697044
198,97360187
197,98865365
197,11365555
197,45438117
198,54727189
197,19168342
197,85457912
196,73595841
196,83147455
195,80423331
198,04040040
199,43642432
198,53437266
194,91430969
198,97618554
199,56114770
198,80305341
197,30781233
198,63759467
196,38159752
199,06671473
198,05447554
198,34806090
199,58194579
197,26055694
196,85102333
197,82428385
196,95784829
198,39914549
194,65044730
197,98676794
197,11328495
198,90162798
197,63795557
198,56961013
197,20147796
193,93479296
196,28692075
198,95821361
198,39459791
196,72905538
199,77222343
199,18645227
193,62927779
198,06934462
197,79307915
197,14725941
198,53925818
195,58022384
196,70877004
198,39839097
196,11560179
197,09591798
198,49584112
196,22322225
199,44316717
197,54868823
196,59856367
194,04358895
198,95757287
197,11305068
198,86770754
197,29118085
199,00107753
198,49331001
198,23276998
197,90920287
197,80369472
197,65863584
196,29475921
198,92069107
197,90257074
197,92781121
196,93059619
198,59223337
194,56389361
197,78930871
198,99107171
197,01590916
197,49271991
196,34708911
198,96795279
198,23382331
198,47669791
197,39506022
198,92974854
196,34865110
196,21991783
196,50323149
195,14567048
195,14172678
199,33936538
197,96360751
198,90708552
193,50740401
197,99913634
198,26338737
196,50536067
196,67474432
194,71693869
197,99920951
196,54524212
196,40804419
199,38325758
198,70357024
197,59111710
197,83084097
198,48466913
196,91444088
199,41942802
199,53670212
196,54052062
199,23951646
194,49632400
196,37955764
199,10992870
197,06792402
198,99953874
194,57941741
198,17544827
198,59770338
196,01716500
196,64775339
198,49270812
197,93800983
198,42998824
198,20738840
193,71327072
199,27033959
194,25134810
196,03527874
198,53997967
194,63670847
197,99930382
198,24757619
199,28855266
197,08024129
199,03249075
195,79308923
198,30252509
198,21058905
192,59562334
197,89628820
199,47342604
197,94248319
196,41144321
198,69879352
196,62353118
198,12174520
197,32175679
198,25136829
197,32397770
195,64473630
197,57097463
197,33920437
199,63179815
193,64890282
198,47015386
196,53154561
198,21840733
197,89836189
197,58947392
195,65547912
197,20646619
198,20064556
193,57869690
199,46265728
197,00309767
198,66800080
199,23541316
194,88830522
198,39561358
196,06737054
196,36849044
197,45513630
198,63466421
197,95379409
194,69139491
197,86712099
198,21806153
196,50605189
199,54931161
197,14129383
198,37512343
196,92201227
199,57255732
197,06461218
199,22688693
196,35072668
197,79457703
198,57276447
197,41575769
197,50427186
197,67033011
197,12714256
198,37441163
196,70526994
197,38522874
198,22954259
197,01349965
199,60856897
196,51113964
197,68535871
197,26199481
198,15011391
198,40612743
195,95417707
197,28540446
199,17131679
195,95193206
198,98647528
199,09949974
195,82110782
196,79225594
196,31432567
198,74055640
197,67286270
198,82604853
196,20555608
197,33364036
195,49439656
198,08277458
198,81644645
198,05369619
197,36880872
195,35632566
195,77321905
198,05137579
197,61017459
197,67370434
199,44767008
196,76941406
193,46876632
198,73158595
198,03512076
198,86789479
197,53588998
195,53574639
196,15127235
198,71944022
191,90207469
197,65345102
196,53098557
197,95676802
198,32951297
195,82648071
197,09929579
197,86804546
196,73505594
195,09242699
197,25896096
196,64318411
197,43844410
198,42303657
199,28418868
198,62140923
198,07656429
198,57848191
199,20563299
196,75976092
197,46757698
193,03908178
197,88024976
198,17729787
198,58080153
199,84758975
196,37845581
198,14658969
195,99861600
198,07515741
199,45445829
197,37976470
199,11784593
198,32953462
197,39717773
198,30795117
198,82605463
198,13471876
198,19885081
196,98663172
197,31952680
198,56232855
194,57358262
194,16620911
197,23465190
196,23976801
195,89321142
194,19981535
197,34750047
198,79690928
194,42846940
198,33630311
198,14014929
198,41916234
197,74348412
198,39470297
198,11115587
195,21971611
194,20645732
197,80431665
196,46559025
198,91776246
198,75036417
197,30999726
197,69218578
195,99673233
198,52940263
197,04103999
196,73217521
196,42099147
196,92495027
199,24481226
196,76127669
197,70366389
197,25719653
198,72404118
196,98783260
198,35518344
199,32780164
198,04199801
197,78106375
198,61591960
196,18359070
198,83893046
198,05939341
197,65393828
196,06446816
198,42586623
194,67705692
198,07195416
194,78543094
199,30897405
192,79430082
198,45294278
198,44458395
198,69464853
197,12934923
198,06524976
198,24694051
196,95252968
198,09884196
194,03570455
197,08966331
197,87618524
198,13807778
198,73861545
197,97420752
194,77158240
197,29657062
197,54412673
199,67466798
193,55212986
199,01525846
195,78297118
198,57778207
199,20733586
197,15337983
195,12044245
198,10844725
195,94492109
197,10076201
196,52961987
198,93690389
197,73338832
198,20827942
199,24344900
197,03491184
199,36049646
199,16429619
198,19002458
198,95327575
195,44259432
197,92265817
196,37644340
198,60794965
197,79994048
194,31973985
196,60605488
198,97681862
198,92896856
198,47031548
194,54793235
198,73154432
198,06973994
192,65458010
199,07432465
197,74915255
194,93464466
198,58744275
197,16680502
198,51080735
198,02247552
196,57168521
196,46865610
197,46366935
196,22675615
197,09968058
199,81011089
195,86910104
198,45291994
198,12071373
196,13491040
197,75974698
198,72990035
193,60522746
198,70344717
198,24958950
198,77345834
199,20287232
199,33215734
196,38625994
198,41560341
197,33163658
196,67601157
195,91494151
199,27538256
198,63360991
198,84735416
197,96096568
199,58928361
197,54382520
196,81945497
197,57677779
199,12175969
198,17183117
198,45403990
196,03076961
197,52101857
197,78017263
198,11823249
197,94302989
199,40112538
195,86400559
197,45184173
198,13307993
198,14014460
198,26753566
195,10253946
197,38158892
198,03616246
197,82595336
198,20545327
199,67638305
197,85182714
198,82170547
197,97908656
197,76750682
197,55131746
198,07638554
197,61186335
198,21143327
199,29088525
196,61013647
199,26875959
197,14100065
199,18795896
197,59240966
197,29917850
196,11796495
198,44900512
198,45909773
198,12890264
196,51739827
197,77764993
198,33175267
198,56215240
199,03024289
196,63856821
197,89013169
197,21650009
198,11512995
196,23650994
198,82616921
198,02213202
196,55385788
197,88593960
197,09730696
199,57537075
198,16074668
196,82933244
196,10881281
198,61730764
196,32091924
198,65308681
197,08162012
197,79580125
197,10188354
196,02937074
195,82857217
198,42799977
195,94345077
199,20747440
199,07611916
198,14922136
195,16436902
195,95411792
197,02114570
196,46736910
198,17034916
198,48173988
195,93313570
198,61193027
196,75781274
199,27717604
196,89604377
195,41461620
196,89296885
193,87415415
196,76002809
195,44924486
198,66163597
198,82135119
198,44934689
194,70567470
195,06869636
194,64687162
198,58320425
197,25031601
195,92820597
198,08403711
198,23415214
196,74582913
196,34347864
197,72920685
197,21326817
197,79203366
199,03191044
197,32725298
197,38868314
198,57148805
197,57662813
197,06527014
197,75909846
198,71668122
196,60193932
198,17233943
197,33655559
197,21302883
197,50601978
198,32286383
196,92774998
197,91416823
195,41982186
196,54664300
195,92933497
199,08289285
198,20717895
198,79696253
195,98620785
199,12741862
196,06300217
198,21572145
198,32194668
198,56971241
198,24730998
199,31813102
197,57622363
198,77880369
198,09593428
197,74100324
196,06388431
197,72554507
198,63730698
197,45784932
199,53165648
198,36555588
195,29084207
197,91343196
196,81226261
198,51136824
198,01443833
197,12433145
199,21921665
197,33973931
198,50170649
196,91074818
198,29079747
196,80691873
197,78745963
196,02973703
198,34722828
199,23931464
197,64200354
194,98022780
197,02687178
198,53827077
195,96908985
199,31347537
196,86254828
193,53732401
198,89205700
195,80855677
199,85074992
198,17851825
198,62529466
198,89330318
197,36743863
199,04889862
199,09092370
198,97543007
196,78262797
197,05644709
197,54600967
196,33913217
197,06353365
198,95290570
198,26685455
198,56187493
196,70176672
198,54247474
196,80666937
198,49111080
198,67913338
197,11617191
197,62296578
194,05335360
195,56641585
199,78920115
197,74269949
198,35767447
196,74848815
197,40769736
196,19696534
198,33629125
198,49418990
196,87948180
198,97441775
194,98862929
196,72044883
197,20229950
198,73241476
198,29487697
197,97251913
197,47989739
198,25333004
199,56163413
199,46561089
198,80053658
197,81003855
197,64065518
196,62153342
198,99277389
197,72609738
198,35787473
196,30263600
199,39055412
195,66911355
197,11666441
198,89634407
197,87968783
195,53054367
195,83805377
199,44970370
196,03936226
198,10913146
198,95347212
197,83384803
197,67408091
195,64198578
197,06203634
198,42524577
198,56376736
198,15704714
199,06615951
198,65629542
194,56354650
198,57401181
198,06572194
196,61198307
197,19380819
198,74418435
196,20904140
194,22300993
198,20325762
195,33008137
192,95940325
199,04954753
199,32554420
198,29705236
196,82471728
197,83525004
197,47407416
198,99253184
195,28958104
195,03036862
198,02224663
195,17396162
197,64994659
198,44378377
199,64698706
199,45950110
199,04915022
198,66389300
199,32030940
197,27498961
197,66953992
199,12592984
197,82123736
195,77112691
196,69489837
198,22787243
197,47287423
197,16684407
196,69393216
197,85239561
198,35726018
198,30100105
197,34877115
195,52687511
197,73987825
197,80119436
195,66289095
197,34788286
198,57298927
195,79251687
198,09433406
194,76716523
194,14238500
195,75575100
196,78115066
197,92094589
197,14805428
199,32997981
193,94722060
197,50923144
197,86573695
198,20410999
197,31019529
198,44773027
198,20313178
194,99929536
195,87557107
198,84210673
198,39322854
195,01898854
198,91802811
198,56272920
195,45703038
199,45435415
199,01105475
199,21255108
196,20765041
199,47329572
195,27291294
198,85660329
197,30486168
198,55531525
195,16544645
199,19158644
196,71304623
196,88383403
198,32880174
197,05381382
197,42937186
199,05921893
196,61148604
197,81802104
198,76510830
197,36198034
198,47159232
197,81550776
197,92448177
198,80774030
197,72587216
198,58731663
196,13123369
198,23667713
197,28648399
196,86613412
197,99603154
197,09844305
197,51708502
196,45824101
196,27982126
198,02112797
197,12042547
196,56747736
196,55343550
199,10645081
197,66242677
199,07681462
195,75544189
197,48484322
195,25950478
197,53203832
199,05861191
198,37294305
197,22730128
199,26702984
199,08088456
197,88335488
197,83200037
196,92153538
195,10606656
197,07759963
192,15223941
197,62085477
196,05116987
198,65068862
199,24526597
196,96580228
198,73359868
196,40789181
196,38740408
198,76975075
198,07593780
199,67252993
198,92900808
199,16002985
198,49140094
193,83444377
195,66248307
195,96408347
197,94745483
197,01009333
197,58505158
194,46964336
196,08917814
197,04817142
196,80234530
198,57799323
196,42062197
193,88758744
198,19774014
196,63362080
198,81282180
198,19853938
198,87986739
199,03618548
198,73049459
195,83659346
199,24258100
198,95665937
197,93953123
198,54872326
194,26123715
194,30196085
199,53824036
198,11674831
198,00227092
199,56370755
196,48995688
199,16121880
199,21565442
196,80906477
198,38184608
193,57087917
197,12525102
194,60672961
198,25533379
196,26106833
196,55729539
199,44112636
198,70636662
198,79729867
198,68410661
197,09290369
197,53131307
198,27417174
196,48175962
195,40345578
198,90131587
198,38745290
196,31550233
198,44320171
197,63867264
198,94399229
198,79475432
198,53550327
197,38571974
196,52123648
199,43259934
199,12254730
197,71009068
197,72680204
196,38303153
199,49381763
194,45149808
198,52965006
197,84913641
197,21898417
198,94506939
194,79113197
198,76134430
198,29415181
199,53325080
197,37959572
196,41548452
198,49184132
198,93384194
199,27920225
198,44530027
197,83129269
195,97499346
199,05578576
195,69216447
195,97019455
196,31091944
199,37590870
198,89034222
198,21404066
198,63586045
198,14985795
198,22363671
196,43503997
198,69747113
196,52791841
196,67371914
199,00391285
198,34725240
199,08577529
199,16445068
195,64546033
197,60506146
197,93399298
198,85493177
198,40274507
195,57657915
196,55130270
198,36659691
197,59530415
197,91251287
198,33368497
198,01721364
194,87183329
198,42171032
198,38362030
197,67544563
197,29621915
197,28661612
198,61762740
198,03208511
195,97608363
198,20321081
197,54714749
196,98391475
197,26952836
195,97394375
198,11500849
199,32930989
198,19001216
195,20289498
196,95984093
198,53412234
196,27088290
196,56163208
198,98187211
194,80412908
197,75499774
198,52678905
194,62616905
198,68708749
197,59694650
198,91086799
198,34826271
198,56902091
196,62515037
195,16284915
196,37157108
195,85469054
196,42651604
199,38945329
197,47799533
198,36736171
194,75405246
199,03339323
196,98893281
198,83894569
198,81001058
198,13003473
197,58862816
198,21527870
198,62805395
197,10853988
199,39670755
197,09711776
199,18012537
197,02317027
199,19873285
198,63976372
195,81103715
198,07865708
196,88168314
195,10900059
196,82263290
197,03405342
196,74837194
194,25482800
197,25722219
199,31953243
198,18609188
198,42583161
196,53228422
198,84582818
198,17528518
198,41832081
197,58849253
197,12152023
197,35942429
197,89827907
199,41718169
197,40319068
198,40638654
199,32301071
194,34592639
198,83158104
195,14000716
197,25686850
198,51063138
197,03898605
199,12507701
198,44162667
194,50892411
197,80893696
198,44216774
197,52985077
197,95718741
199,32181857
198,16688930
199,61034651
199,60248097
194,48784957
199,60752086
194,94780660
198,93225763
198,72441106
199,84280853
195,71081409
198,12997292
197,07259538
197,85247327
198,53634804
198,63687879
196,96793190
198,03994060
198,29021584
193,82480193
194,11749972
199,04673654
198,18165705
197,64871584
197,65041466
198,73126151
199,23071744
196,89642332
197,89885436
195,00601050
196,04596264
199,54308136
198,26780077
199,09213673
199,37570944
195,25839733
196,13777738
198,18443706
198,46796789
197,78544230
194,01917595
197,92903117
198,31667686
198,41800609
198,87622428
199,17482717
195,61862266
195,96443060
194,30325455
195,67983297
198,07749900
197,85556935
197,54977662
197,08030460
198,96901786
198,69735567
196,88272374
197,36479275
194,56430614
197,63509007
192,51769537
199,10313870
198,81381393
197,01390582
198,22204842
195,85538686
197,30467667
195,95245796
198,62440665
198,17345372
196,70469659
198,67719551
198,81751589
197,20643963
198,28724292
196,25468851
199,02412949
199,52519876
197,71477454
199,52002560
198,00694041
197,83155470
199,16670892
194,68227248
198,37980652
198,11062999
199,37812699
196,02519140
198,80676408
199,38644968
195,09018130
198,40135868
196,77728117
198,61034075
198,30438479
198,66510463
199,38128322
197,89416114
197,98516987
197,14093206
196,34698219
196,35440149
197,30051923
197,44156919
197,83157711
196,04019528
197,47803077
194,93843641
193,95506162
199,23207233
199,31989685
196,48055176
197,82114647
197,45516027
198,71545448
197,87108531
197,40137363
197,10327102
195,94781262
197,98802134
196,81140784
198,95807258
197,72195212
193,16092456
197,60017932
199,17221797
198,15327790
199,48168101
194,69151755
197,43786629
196,85753864
196,35955236
197,51049274
195,79259740
197,33879804
198,72097419
197,81591114
197,27098291
198,37012120
199,07101377
199,37722214
193,75161486
199,36452919
198,82096027
198,43146218
192,81576723
198,79753563
192,38008563
193,51348284
197,27470269
197,32929228
196,25450988
197,46962616
198,05314965
195,16248611
195,83365885
198,18075961
196,02012734
198,57840327
193,66568031
196,59919991
197,96783466
199,60880100
197,41106092
198,91168128
198,04209318
199,57035292
194,32920179
194,42887465
197,35421428
198,68045345
198,11244420
198,44820858
197,97821687
197,09079809
194,55183972
196,72646633
197,17353115
196,90490169
194,75240796
198,55143021
197,38670061
198,44095484
198,30482457
197,51319666
197,52375254
197,94973410
194,19776626
198,62245181
199,08621667
195,60635859
195,52420369
198,05146717
197,00617740
198,81461884
195,47916891
198,57992049
198,27688342
198,91461043
195,68980579
198,20535204
197,22853088
198,19030271
198,04033549
199,11889586
197,51580363
198,24778543
199,43319331
196,53750098
198,28767631
195,22435947
196,09473281
195,10559406
197,01286388
199,46629856
198,50062310
198,59291990
199,63784016
199,46842497
196,04135472
197,82321100
198,15507959
196,30556321
197,50049081
198,39031847
196,02536352
199,33225345
196,93514597
197,83644204
198,59125146
196,96689108
197,85468387
197,43656593
197,74834613
197,51897872
197,04999105
197,34528681
197,80063532
197,53969849
196,55807070
193,68158719
198,67048264
198,23655920
198,37728520
198,60238891
197,45648530
195,36302789
199,02481513
199,34535787
198,65449828
198,51098836
197,93216056
197,57677165
198,83009271
196,99884606
198,47554618
197,55345622
198,69139659
197,08836872
197,21083026
198,39913359
198,72349850
193,59923501
197,52853498
196,91830375
194,33223833
196,68400509
198,11856752
196,27863581
197,91351542
197,89987863
199,08438795
198,68517130
199,06545826
196,86326102
197,70286445
194,39270182
198,46907270
195,91810333
196,63120576
199,14891201
197,80993372
198,41455099
197,81568963
197,66238577
197,94923449
195,11803707
197,73304653
198,91733911
198,29880559
196,94354052
197,99241085
198,12467655
196,66833299
195,61983202
195,00455960
195,64101410
198,21518114
198,66218484
198,08454969
195,21240525
197,18868242
194,42581510
196,60341578
197,48134339
195,54539445
195,32645118
199,55359357
197,84321185
197,34960413
198,72095418
198,33308928
197,21474848
197,76786345
196,89411363
196,62987692
198,89440162
194,92315856
198,55151547
198,82469234
197,33635984
198,74409877
198,62706699
197,36288821
195,16199254
199,04703481
199,05914191
198,07237822
197,29604687
199,53339399
197,60019876
197,87233895
196,93908578
197,79832274
197,82460819
196,75264958
198,07827244
195,42928978
196,23226919
197,31377415
195,58836062
199,27665523
196,53302689
197,62904911
197,21995011
197,89369423
195,62812485
198,09993181
197,21537904
198,35959062
197,54232670
198,08374183
196,86263360
197,87364745
199,52848538
197,78454758
195,49967370
198,11790892
196,17748822
196,98167652
196,64974020
198,00461670
197,85752729
198,28396735
198,63679450
198,42595633
196,02174450
197,39699278
198,39509533
197,29010118
198,91608224
193,94581494
197,33622755
194,46891771
198,46536178
198,59540457
193,51255044
195,47477467
197,60825701
199,61522082
193,30208493
197,53456018
197,79443749
197,28122220
198,04092257
197,39186727
197,32101893
198,36907548
198,03309038
199,42563571
198,02150559
195,99851435
198,30220738
198,78140569
196,47294228
198,91782136
197,89810732
197,80845861
198,95093526
198,41866481
198,14945909
196,35678791
197,38287752
195,49998001
198,94901272
197,05383690
198,03928951
196,73692759
199,13369649
196,67317206
196,67011018
197,23254211
197,46683560
198,10524381
192,82314758
197,07861479
192,10798793
199,67115308
197,11752460
198,93108054
195,93871141
198,20947865
198,33563010
199,42609655
197,89987891
198,63276044
199,26419025
196,99804349
196,36230222
196,30159514
199,31006409
198,42680581
198,87056573
194,46056478
199,41107070
197,11209663
198,01942906
196,47206344
198,72413072
198,24125324
198,53383608
198,86418116
197,43459546
196,98473773
196,47338813
197,15233273
198,01011623
196,24378696
195,96168367
198,77825176
195,25873351
198,39174071
193,11123608
198,37149038
193,03070989
195,20418512
199,47013187
198,67079337
198,82458830
195,00332860
198,03913926
197,09898349
198,63187309
196,19328301
197,34541639
196,88522585
199,31739650
197,93363837
195,65672439
196,73421651
198,34068045
197,99682302
198,00616868
196,34060755
197,33959936
196,34423271
198,04732289
193,76753157
197,28738877
199,48679119
198,54040790
198,12953010
197,90033765
196,00731369
194,99569838
197,79898578
197,31931548
198,48616830
199,09526532
196,58413553
197,36698254
198,54236300
199,41174609
198,67051417
197,82920078
197,29730471
198,95800701
199,11792699
198,15459155
199,16017211
198,92970145
198,82313797
199,06156898
196,83264558
199,21686492
198,51080059
197,59057846
197,82185914
196,41339146
197,29757282
199,31667805
197,98208870
199,04401551
196,52533287
199,26690893
196,60795434
194,90099552
199,59472729
198,93015834
197,74832098
197,88358014
198,35560427
197,32265717
197,68220745
198,76704171
196,96730189
198,65941667
196,29045485
198,28495039
197,26267413
199,16977933
194,42456795
196,08873116
196,22513731
198,09485704
195,55999140
198,34538586
198,63164221
199,02985295
197,44378902
196,39632469
195,58446797
196,37003500
194,62641705
198,40444322
197,70530245
195,52977084
197,34928061
199,15468769
195,45836376
199,40093559
197,81955397
198,06870153
198,15079350
198,32712783
198,24722798
199,51885850
194,54310321
198,46423750
199,24774765
198,43283479
197,96117393
197,53586401
197,97902893
196,12961785
194,22667070
198,63354421
197,19127652
199,22684829
195,02105925
197,39397852
197,95164963
195,09617778
198,50517363
197,29410564
198,55444804
190,31557511
196,73023971
197,46409685
196,86782131
196,45961598
196,07320535
198,68965414
197,21404825
197,64894131
198,04226723
194,24732004
194,76393642
195,10969857
197,16183530
197,13234947
196,52687150
196,09385343
198,54694327
199,40010554
198,43710270
198,94453160
198,07583600
196,38907904
197,62354419
194,99184470
197,83240632
197,14564722
197,02278027
198,77324375
196,58007533
196,62365031
195,01914549
199,38103282
198,37318797
196,65005888
198,39551331
198,04859025
193,93930146
197,31409941
198,64779046
198,70387186
198,66486064
196,91741927
199,33972443
197,54614191
198,51564941
198,74018209
197,64510149
198,70016156
198,71347526
197,87669386
196,77922354
198,34297450
197,11148609
198,62021895
197,50844666
197,74433701
199,30155073
197,48822432
199,59923622
197,40080596
197,53082610
197,25485020
194,14737088
195,93467214
197,97072644
198,00248097
198,24174319
199,20807257
196,95316648
198,94735094
198,76897108
198,07230523
197,56405820
198,91937568
199,25678098
198,19609014
199,69373501
194,25057150
197,77481891
197,59380316
197,23263621
198,84091848
199,16305128
197,61641145
196,84316373
197,51617167
198,49861991
197,50690599
196,56088140
198,77819515
191,80286387
198,91028315
197,98897174
196,76834475
195,82971518
199,12474109
198,67344589
194,21404645
198,07707861
195,52927982
199,31459845
194,76835845
195,89286394
198,51631705
193,73270498
197,31095127
198,00387021
198,58338295
198,42291273
198,45644817
199,76860072
198,47372878
199,26655716
196,72828729
199,28853470
198,36982411
197,94632972
196,71280353
196,70236491
195,85918331
198,96065524
199,05348650
199,15843310
197,85050935
199,19215696
198,43390017
196,22239196
195,37496305
198,21637065
196,23081847
197,99159409
199,20214861
198,37631793
197,24959651
197,60333363
198,30937354
198,41452297
198,54644545
199,68194345
196,93197001
198,60952476
197,75731966
198,39222591
194,05867271
197,80277163
198,55664409
199,20504810
199,38114424
198,22374281
193,77578803
198,96334263
198,20235888
196,91076843
198,20794386
194,16761410
197,27161005
197,30105414
196,30557987
198,09552572
195,07170694
198,24610745
197,43085929
197,95899281
199,75274445
195,36441170
198,88602870
198,60406242
199,28534773
194,76643451
199,38054914
198,57426374
198,89787447
197,21015422
195,23394641
198,27294950
197,23071641
196,55458700
197,21935305
198,00680912
196,04741149
197,43996420
198,27165582
197,99993126
196,25905041
195,82162942
197,95025668
196,47083874
197,08465419
195,69009206
198,57416261
195,63260655
198,83910077
198,27824491
197,37749026
195,51149855
195,81383501
198,44695075
198,09943542
196,64845690
192,81646404
198,27975866
197,53329733
197,01472418
196,64721530
196,68477415
197,39903755
198,68649567
199,21404634
199,16517722
196,87293307
196,76190662
198,55921053
196,32098051
198,19142477
196,45075035
198,38716160
198,09853014
197,68655309
197,45801604
199,67110772
197,21498611
196,07846982
197,83856131
196,29985847
199,04032639
197,02209459
198,46644108
198,62426140
198,67273865
195,88481505
196,49111159
197,98367416
194,06431276
198,83437907
197,68389352
199,32064858
199,77504628
197,50678784
196,71752552
197,85765249
197,44362543
197,43184127
197,02882135
198,02233132
197,07464870
198,80232339
197,52683022
198,68478476
196,19908109
197,73170117
195,26350408
194,95317412
196,45463260
197,68016200
198,03276621
199,28729812
197,96141985
198,34450522
199,04819206
198,89736056
199,34849848
196,10074676
199,11974615
198,95485601
198,78166844
198,70722563
195,15843200
199,41623878
195,57777603
196,21739284
194,05232224
194,90588023
197,14025326
198,36437275
197,13989990
198,93518023
198,06794399
199,08635786
199,08793519
198,32073810
195,28663591
195,31051137
198,79045120
199,15449739
197,11654372
196,79134347
196,46073491
195,84349674
197,71033043
198,56976781
198,73212573
199,06101877
198,49295170
198,99214245
197,72636942
197,80567324
195,04921864
199,60509974
195,90230931
198,56597649
195,58902583
199,04105213
197,96280552
198,94897792
196,66722503
199,24624725
195,89240152
198,75528163
199,40960906
197,16499238
197,50013863
195,96078763
196,59003903
196,84416760
198,54138027
198,42933934
196,03384042
198,49112029
199,53570099
197,34404374
197,83067342
199,15592453
198,81703868
198,55015776
198,51174072
196,57399535
197,46006476
197,28662829
198,73526573
196,90964680
195,09224762
198,90543151
195,45852996
197,68563513
195,67580276
198,15111379
197,20317876
197,89185144
194,54551639
197,76493153
196,10866947
194,91875026
198,87395371
197,42685465
199,42527327
197,54697316
199,31591899
195,90937646
196,45665182
198,60480149
196,17887763
198,79127276
198,16642412
199,80149082
196,14287516
197,75395248
198,75267707
199,33933354
197,74664248
197,83344433
197,89754547
198,20685775
197,22883116
193,30503165
198,23606799
199,15069631
198,37053160
196,96494898
199,17610538
197,72430575
197,35637893
197,92485024
198,47982364
199,31367980
198,63881555
198,17888190
196,99557901
194,60309891
197,61116650
198,96387574
197,58001983
197,99427871
197,07387125
197,13938823
199,05584003
196,77888309
196,47656463
198,31700325
198,27480147
197,07031039
199,58887843
198,70254997
197,23904183
198,48250472
198,50285442
199,41035503
195,68787241
198,13200892
196,54752992
198,75779193
199,56633971
197,89363937
199,45949062
196,47154329
198,05853599
197,72407652
198,29507125
197,94961522
197,94167577
199,25831470
198,74307410
196,41732569
197,71794656
199,35617394
198,63625909
197,93728984
197,88958917
196,51381066
199,57980981
198,15024274
198,30814351
198,65045821
197,54563941
197,28607262
198,28845742
198,25969775
197,33236879
196,81250632
199,52888419
196,71545399
199,16935849
199,30592959
197,80123977
195,94975929
197,27717304
198,40846438
195,86442952
197,34818062
194,91821994
195,94184287
198,01527235
194,83586725
197,78840262
199,19847167
196,94436295
195,79840752
196,11695078
195,94562295
196,06273393
198,40393155
197,89426016
197,94586512
198,17147301
195,04609646
197,41019975
195,41904135
198,24448071
197,72111866
193,76743425
199,30646743
197,83224680
193,67077012
197,39588809
198,13365809
197,75949671
198,19826492
197,49799153
197,32131642
197,98298029
196,40633608
198,11064604
195,24205473
198,31249881
195,90383539
197,04448377
197,77228038
195,74517744
198,57665694
199,01226202
197,18016446
197,65113411
199,02419210
199,36231391
198,86815325
198,01941336
198,44138336
197,18541045
196,82531303
197,35477769
197,41594060
199,57105250
196,78940543
196,37992393
198,01574837
198,45187266
199,26884550
198,70213563
199,53563281
197,45495077
196,35122183
198,39366028
197,90641438
195,64768427
196,00557405
195,52456549
197,68979454
197,71102843
198,51619723
198,18750702
198,26974663
196,32761427
196,05003223
195,99337251
199,44352833
198,08080603
198,61236787
197,46565342
197,50343161
194,80587316
198,35066250
198,46893028
198,85975968
194,43695772
198,12103520
198,69487686
196,94173101
197,93538899
197,26793800
197,47625600
197,28819201
199,19499653
197,61516334
198,39709842
198,14699335
199,26714676
197,33881072
197,63384432
197,83453890
199,37471806
197,55281424
198,85274373
195,68818892
196,95443868
197,36169351
196,02455183
198,96373675
196,56495816
198,27036833
196,90756684
198,94882758
197,66936077
199,15101294
197,41429942
196,56165261
197,81523350
198,53176196
195,53095760
196,16479529
197,13384695
199,01784052
192,35596550
197,40010323
197,96913008
196,35853975
199,30570642
198,56801596
199,22675848
195,95460657
198,21408368
196,11971562
198,96562627
195,75076134
198,23006187
199,46618609
197,21344604
199,07690897
199,16622782
199,19491179
196,50235243
199,70895815
197,53453261
196,03642512
198,54054162
196,86704182
198,87196599
196,16220273
197,65961448
196,74477187
194,56312512
195,64466473
199,30298179
198,58484917
197,60597537
197,24566053
196,06251484
198,27752254
198,83059471
199,26889614
198,96913448
195,12986314
198,24146283
198,47961075
196,93310518
198,21608412
197,60133911
196,11093972
198,93455227
199,13514733
198,37823645
199,80553221
198,49993695
193,76495785
196,24934236
198,71872841
195,22679323
198,62192138
196,79763345
197,03714361
196,49473559
196,54742371
198,17989248
195,25416352
199,47209707
197,06966039
198,30479228
197,42452378
197,54032590
198,38748729
194,56838064
198,27094566
198,65392403
199,31406005
198,78379688
198,11238279
196,97293260
196,61706954
197,06754997
199,28931375
197,44850214
199,00414306
196,18041061
197,83284465
197,98701527
198,39016187
197,94772042
198,10957413
199,66144805
195,82868951
198,42523989
199,23499365
197,98921295
197,53368890
198,28639170
197,05471079
196,82915261
198,46640150
196,00045803
198,92420503
197,64288996
191,83780613
199,56291590
198,35640990
197,45780283
196,86638214
197,77533357
198,32538664
197,70884067
195,43076203
194,19996443
198,67935685
197,75201012
198,07422905
199,40409215
197,95276891
198,22800925
199,03962041
199,60110935
197,18810979
197,34887154
197,21123683
198,44671705
198,58312814
198,37384817
198,07283899
197,38202909
197,28300521
197,91822654
196,31201000
198,77944865
195,44747037
198,68582046
197,42297755
198,88786574
199,45294416
194,26317938
199,58233859
198,51822561
196,42432378
197,81961651
196,41663772
198,15245114
195,89182238
195,00675449
197,57229108
199,16580168
196,33311344
197,02109115
197,77506757
195,89901673
197,99558090
197,55005612
198,44477865
197,04507316
195,45941894
199,56172405
197,12196114
198,44702828
195,95678044
198,24827720
199,14259693
198,56220682
197,66003633
198,18654046
197,80481659
198,66501362
198,49785430
198,01238858
197,44558909
197,50080191
197,33793537
197,47557129
197,68766049
196,18923698
198,95311747
198,69531177
198,57618981
198,89644066
198,34690712
196,79372254
198,59971416
197,39369285
198,85325555
197,85669752
197,55377001
198,56755866
196,74789449
198,04528241
197,52012356
198,53974248
198,30900056
195,58692737
198,40600787
199,30141127
198,40999550
198,36769593
198,61558026
196,01327634
198,24318302
197,99601262
197,01069827
197,88871300
198,07182863
197,84780747
196,70428250
196,80023137
197,71241852
197,31664559
194,92185130
195,96777096
196,79566650
198,54500531
199,19650808
198,79563657
198,76944007
198,72208407
198,22399506
198,64812197
195,76023999
198,17080153
198,13644913
198,87898376
197,42926896
199,14876315
196,99706253
198,50914175
195,77100269
198,27400024
197,76039895
195,99762036
198,66077253
199,21071380
198,23995684
197,97744077
196,89599030
199,00779233
198,26589340
196,21873213
198,08561211
194,97248051
196,22328368
196,82079449
195,19050301
198,44694576
198,76426384
194,13112959
199,61866379
196,89472380
198,34323120
198,88839436
197,93647472
198,50597558
199,67670657
197,33646563
197,85771588
199,40851900
197,92725629
197,00648633
195,89093871
196,51832022
196,48508610
196,58689235
196,65636962
199,37802153
197,59259595
197,17686085
195,65115371
195,89988394
198,14144400
197,90008626
198,73751080
197,93933495
196,53013156
197,83100090
197,57095981
199,21217607
199,06398495
196,65409459
198,40014112
198,78410453
197,88228733
199,30918139
197,39759692
198,29466203
196,63328504
195,84037729
196,79815118
195,48197606
198,16565274
196,75316124
197,13137884
197,05540810
198,92072603
197,92080770
195,67464660
197,37801880
197,66566823
196,42228565
198,44023633
196,19707366
199,22399825
197,09416206
197,58304152
199,19390524
198,25752434
194,73109574
198,43914363
199,19163807
196,29914482
194,35865514
198,36061633
197,90000806
192,87908317
196,22389590
195,36793676
192,91917196
196,81663323
199,56565494
198,42600356
198,00136919
198,28458888
197,80214544
197,99638617
199,18714569
198,54760361
199,55101818
197,66535633
198,92542490
197,72111814
198,62798377
198,36136518
195,95626401
198,49565213
197,80993379
197,10403094
196,80443297
194,52892805
194,03560234
196,55300557
196,49370157
194,86357440
196,21386833
199,52718709
194,63690802
197,23910555
197,42524254
199,71684180
197,37524910
195,63007801
196,58278861
199,22275871
198,05767789
196,30003256
198,91278338
198,01430481
198,26796414
197,00369727
197,86693946
199,42578915
196,63649377
193,34681155
197,38410113
198,04526663
198,78024417
195,81686655
198,51052593
199,48762877
196,55592150
195,41756622
199,64999688
197,71612513
198,15369107
197,79988431
197,15175206
195,16468564
195,64622471
198,75408577
195,35352706
198,08000928
193,56403958
197,25985770
198,21555388
197,21952494
195,69624548
199,06926258
199,32036644
197,83714590
193,74223981
195,80241203
196,80696074
198,67178458
197,65239449
197,67111924
197,28219726
197,44665109
197,62316630
198,22564174
195,92824354
193,66230180
198,80715989
196,95012171
198,45428066
197,56727779
196,79557188
197,63582487
192,46125296
195,95417079
197,83713087
196,36043621
196,83080150
194,73547281
195,83508041
198,38619102
198,77150525
198,60485100
198,67527964
198,05084355
197,02802728
197,53864431
196,66307727
198,21835046
195,87989315
196,76115145
197,66583097
195,81349300
197,72860756
198,50185995
199,52640131
197,36827662
196,76368253
197,77240695
196,96435695
196,95104836
196,78843767
197,50017095
197,79024325
198,05408283
194,05310278
197,23315968
197,97199705
199,47337429
196,92893129
197,52172926
197,94927029
199,06197240
197,69559458
195,65875348
196,16614203
196,35172420
195,66736030
196,11412069
198,21558028
198,79621226
194,00856340
198,60834587
196,35971795
197,53018074
199,18221193
199,40930037
197,21423765
196,05558384
197,61277784
194,79006366
197,06770005
197,41037254
197,26214169
196,85334881
195,17578982
199,48160542
197,57381282
198,80808816
196,79132580
198,97235682
197,78671196
194,51335416
198,85943635
195,38807567
191,17857717
198,92475733
195,72803044
197,43026619
198,67418418
198,19642839
198,73915061
196,92802155
198,52017408
199,15851850
197,09074556
199,09021686
198,72797049
194,94355972
196,85894483
196,60751139
198,79159586
198,28112337
198,50114242
199,08227487
195,77868868
197,51145596
197,47010718
196,20550241
198,11351145
199,59704262
198,08332720
197,04862186
199,47806796
198,00107556
195,53485757
199,12271774
197,40456111
195,47551621
197,40812520
195,97560398
198,60023817
197,66857923
197,88124994
195,37333724
196,40075745
198,19896645
195,08018995
199,11620926
199,14263245
198,94981249
196,85597545
195,99822757
198,70531424
196,96550380
196,02538426
196,40379408
197,95701219
198,24997709
198,71752720
195,33459037
198,26664398
197,95928139
196,75394942
199,54131309
196,90132433
197,26750501
198,81963948
195,62480615
198,80573458
198,73896504
198,06407438
198,46703897
197,61133028
196,00974215
197,41426695
199,18545159
198,42408728
198,28936806
198,03338116
198,23421826
195,41419527
192,15973691
194,86795315
197,25200778
195,80181502
188,98581209
197,70695914
198,20378293
198,23409653
197,79711411
195,53547335
197,63740193
196,62023829
198,67605362
198,14481293
193,58375427
197,03207410
195,26771380
195,87291375
198,31925652
199,06427665
198,87446876
198,06192919
198,82818459
196,07548987
198,35315793
197,58707093
195,99825978
198,72554058
197,99054266
197,78386492
198,51380432
198,40030471
199,01598180
197,65371254
198,67687542
197,30673967
197,26935103
198,90164019
197,19195056
198,59965085
197,38360257
196,96812886
193,61914332
197,76247705
196,63987286
198,34922555
197,82427950
194,75140545
198,79948570
196,47283612
193,26571026
199,50830015
198,19487143
197,32788372
196,96831380
195,07651930
196,58611675
197,18132894
197,93208075
197,91806616
197,00469614
197,82147185
196,42798709
198,19917987
198,42001718
196,90532348
197,74500191
198,02508509
197,25431860
195,53458621
199,53308924
197,77548335
198,82526154
198,15152982
196,02412603
197,26023967
197,02358779
198,55253217
196,99937525
196,17250407
198,28881180
198,78468750
199,02209498
195,66590028
196,67783653
198,57855357
197,91561638
198,37648203
198,75210369
198,63074060
196,95128792
198,76586331
198,00754441
196,16797655
197,43050715
198,44779166
198,09725306
199,13245125
197,99033393
195,10187650
198,44041261
198,48940123
197,36296824
197,91297742
192,83987301
196,69999808
195,14253618
197,47420602
198,05288928
196,16936466
194,39977831
196,57486317
196,13050499
197,41219717
196,93989340
197,10668016
196,67177438
197,90501895
196,39945656
196,67527366
193,92946796
195,20692593
194,50969478
197,66622133
198,98389333
197,67268643
196,85173541
198,57965961
196,27476845
198,62308646
196,83014723
198,56859139
198,09510876
196,22751795
198,14903168
195,46493093
194,34703174
198,63128677
196,22154331
198,89140362
197,50033018
197,30830446
194,89322958
197,67495133
195,98964458
198,12247589
196,80960016
195,09327209
197,59547237
198,95313649
198,53607944
197,51794518
197,93435632
197,48559661
196,20616011
198,23245638
199,01966392
194,54752675
198,76521080
197,32954825
196,70272679
197,98577216
196,95660848
197,26153904
199,08071394
198,44278542
196,70887385
197,16643798
196,76968665
198,45637190
197,37178628
199,43402848
197,83269458
197,64957731
194,22593996
197,30564916
199,19123167
196,36745319
197,37727985
197,78857022
196,15386396
198,74110009
198,77332372
199,08079733
197,90418247
197,12206233
192,98175968
197,01942342
193,29792344
198,45891454
193,53230792
196,60044409
197,60411192
196,63143692
199,36654001
194,19563812
197,81233209
198,58024757
197,68966300
198,38865327
196,02776280
197,52023056
197,99867451
198,19304899
198,15319883
197,78410146
197,96785323
198,63090671
196,32069479
197,31868072
199,09674457
197,51983234
198,18924067
198,91683217
197,43016341
199,05097568
196,85481636
198,90987486
197,56187834
198,16942135
197,50857477
199,39375486
197,78472574
197,36835148
198,30583820
196,32429892
193,99265301
197,21397897
198,58594725
198,07433539
197,97791188
198,36535999
193,19992428
198,88332537
199,69496937
196,89726203
198,28724996
195,71770803
196,97074849
198,91650806
194,76098024
196,42302726
197,74317279
197,50902098
193,62507524
199,23424610
198,33466007
196,55229240
198,32715110
196,44836404
196,82542498
198,89136277
198,49037103
196,83647322
199,58675838
197,70106091
198,73216247
198,81964327
194,36981960
198,93649732
196,69906613
197,14602905
196,63661668
195,83955625
199,45139274
198,59148534
199,24252116
194,56784462
198,59037720
198,46060501
197,77908498
196,71804463
198,99357422
199,03675536
195,97097460
197,68436082
191,77331734
197,91131371
198,34539003
195,47037476
197,72905642
198,57307025
196,44934736
198,73411900
197,57319061
197,98732328
197,96549740
198,02593306
198,56469656
199,08481665
195,25599526
197,50003766
198,31749452
198,82830651
194,59973875
195,81275472
198,76214574
193,15972847
196,42163223
196,74204986
198,07027376
198,84274865
198,63396089
199,21136393
196,87325975
195,77483573
198,31789204
199,50288628
197,54400596
195,67402395
196,18595432
197,86659146
195,07886192
197,55654385
198,92729893
199,46093937
197,76983959
197,99880017
197,38791095
197,09542277
195,49190870
197,44635946
196,00395490
197,09588707
193,97158029
195,91306676
194,87176083
194,79461879
197,20301048
197,41647431
196,89078106
197,45469190
196,92376994
195,18975070
198,84872090
198,75038373
198,91380167
197,91699219
198,43307102
197,33929444
195,34105313
199,13513968
192,76455861
196,32584112
197,22035831
198,76464830
197,90725296
199,15576715
196,66717566
198,70472407
196,38640189
197,70697196
197,76579412
196,29323264
197,64704875
199,75441012
197,18386394
198,36922101
197,66568324
194,67895921
198,46999534
199,72967517
196,97206220
197,24310498
197,40642057
198,22884458
198,86794577
195,28574858
198,62722482
197,83472186
197,75151954
196,06158779
192,88065882
195,51021298
199,35225639
197,39708001
197,48168292
198,01802926
197,76701704
199,13531636
198,10756592
197,61985985
197,61828800
199,66104139
196,76121634
197,90878596
198,21950881
196,55670862
198,34600965
197,86729490
198,59790726
198,75586502
197,86376220
197,58480591
198,04400327
199,27352667
199,09637088
197,84043170
197,57815808
197,33038698
195,56397129
196,71010282
197,45171719
198,38355749
199,02115428
196,11297301
197,95820960
196,50753504
195,93179716
198,79009979
199,30725505
198,29005445
198,58368246
199,24744667
196,69762745
197,88637863
198,66987272
199,06304909
197,62659090
197,63930546
197,83569378
199,36444575
198,80743629
196,88425876
196,73873710
198,78788687
196,44412090
198,13560918
194,90187957
198,06732254
197,94091915
196,28306985
198,74112837
194,99748016
197,36501635
198,50922560
199,14981851
195,39944463
196,56854553
197,38071062
195,94658239
198,28457575
197,95151324
197,68377468
196,53502674
199,26224410
198,66807882
198,60063989
197,70894227
198,28692902
197,33633174
198,73950184
197,91009604
198,98853882
197,60398589
194,81586061
195,71018710
198,90264627
196,34740016
199,35975755
197,76083739
197,49027309
198,28568902
197,79117436
197,87608254
197,88003640
198,16855027
195,89618734
198,24085465
198,33667136
199,21523911
198,26647658
198,65261142
198,56006077
198,40763160
192,49742638
199,32622597
196,28616228
199,04156658
195,12946679
198,21458483
197,99392414
198,63895759
198,41959734
198,08596631
194,10070546
198,34819720
198,91368256
198,19576857
198,41350545
199,09483773
197,88257676
197,70257000
198,87080249
196,91014408
198,77863978
196,45654355
197,44837569
198,38123659
199,43433435
197,77095398
198,50578261
194,25052380
198,15169681
199,27312534
198,06575242
198,64643562
195,86100991
198,29183961
198,70763097
197,94736971
196,60043911
198,00139450
198,91107843
199,20672368
193,53780845
194,27609237
197,25237571
197,48372835
198,33170141
198,54304415
199,04274148
199,12530449
197,82697793
197,82936190
197,18715656
199,24308030
193,55704468
198,04829112
198,87385272
198,46012553
198,65601519
198,38859757
195,15240911
194,93144207
199,41618934
197,96289130
199,01986483
197,25749278
197,72981154
199,02750990
198,85699994
198,67084431
198,08015479
198,69863224
198,16003088
194,47174549
198,73287202
199,25804924
198,04628912
196,96718894
197,78833267
198,84771922
197,64044390
198,71607216
196,76717663
199,54794251
197,90825054
197,04003186
196,76150442
199,43668115
199,12133998
198,54499699
198,21934559
199,04321327
194,77732415
192,61978321
195,18891793
198,65477745
199,18161075
194,61300064
199,72674113
197,99588034
199,35549159
199,21716898
197,71689545
197,00448240
194,67935849
197,47773380
195,12211814
198,93842024
197,57063908
194,45753282
197,03620688
197,34256331
197,83137387
197,48397603
199,07387707
199,00224932
198,14371249
199,48148258
198,11365893
197,16225802
198,96897937
197,85348277
195,36066025
198,96401856
198,72389644
199,58528104
198,11675566
198,83111218
198,87985173
197,86476665
198,09893842
194,91345502
197,28607764
197,58529313
198,43768543
195,72837598
196,29679248
198,37814073
198,85318272
198,90856394
196,52068348
196,72359127
198,47109127
196,05351598
198,25825115
197,29069936
196,79347901
198,36464459
197,81864805
197,27608230
195,27621824
197,25562480
195,26329829
196,88193447
196,98214681
196,41436826
197,67932964
199,47469043
199,06616374
198,21503522
198,62795391
197,11866948
195,37574923
199,52309917
199,04775350
192,30127957
197,82944940
197,39041133
197,21709081
198,71274098
196,57700834
198,06799953
197,43362829
196,01715010
198,23347116
197,31641679
195,67612366
197,92015190
199,26337440
197,81509668
197,70419897
195,69048488
195,63596895
198,94241469
197,58156795
197,35527444
198,31274156
198,29489864
198,57782005
196,93431413
197,86784003
196,87964451
197,51004033
194,80372473
198,06106764
196,09668191
196,83046422
196,25993892
194,77877154
196,91332368
198,98618431
198,53691784
196,22342642
198,91392025
196,01648607
198,20438871
198,00225394
198,38824752
196,94263284
196,71104979
198,06065274
195,62758557
198,02417498
198,15366936
197,24790261
198,35321146
198,13079542
198,76435878
198,95731698
197,90315280
196,10658881
198,34876447
197,83289199
197,96523516
196,85036507
197,55847458
198,66583750
197,93540603
195,40594117
197,96502981
198,90866170
198,89698894
195,04926602
198,85457800
197,46252613
195,15171480
194,01323783
197,61437810
197,27767286
196,38850198
198,88480208
197,47902210
199,08034336
196,17761269
198,08332696
195,77463493
197,04948997
196,85234206
197,89962927
198,12236350
194,11916232
198,38208203
198,93354996
195,64406854
197,42130362
195,48388471
197,09133472
198,29433523
196,97792217
198,19706674
197,96196457
198,76013619
195,09315456
198,10616202
195,56246753
194,51186266
198,37696166
198,48645129
198,20598242
198,74173437
198,98618554
198,47614362
196,84855812
197,57984129
194,58409895
196,13729488
197,98388812
198,18323403
196,96651070
197,72574954
197,75126233
197,10382607
198,50987444
197,66061453
194,12331279
199,82319975
198,18443143
196,41971513
198,58969435
197,66809553
194,80082339
198,33347505
196,83847351
198,28215856
198,31595797
199,24826815
198,94540074
197,27818068
196,41809972
199,21271774
198,08678110
194,30399945
197,58098306
196,54707831
198,63761358
197,70769497
194,36137828
197,89937659
198,19275554
196,98914255
198,23660966
196,95128737
198,80077048
197,77798686
199,19945685
199,23588948
198,20191002
198,05103914
194,18773901
196,86989123
197,21138684
198,45128995
194,76001012
197,39564105
197,39550966
196,01218139
197,00824088
196,70929222
196,64759327
198,20489865
196,25625461
198,06142945
197,86462353
198,89269741
197,72952055
198,55098142
196,30723772
198,05623676
196,83109290
199,27449127
199,02224943
196,60606507
198,32087536
197,91599489
197,05107527
198,99978834
195,70512104
193,29393210
197,61392528
196,71849909
195,30774569
199,09143797
196,13279104
196,58790315
197,17943607
196,75555655
198,04128954
196,61451112
196,87358403
198,39256617
197,22353467
198,70789541
197,17261006
193,62572613
195,74780555
199,29370099
199,09692060
197,82605989
198,18565399
197,96178204
199,34456593
198,92928692
197,66301361
197,04260741
199,08193749
196,92337186
198,02132398
197,85861555
199,26810685
198,91140830
194,19495756
197,08501073
197,61844308
197,70447523
197,30629093
196,64375731
196,58692161
199,19216838
198,37327747
199,16904717
199,37397395
198,32457950
197,29178069
198,04754709
195,06640796
199,19820098
198,24767102
198,54710873
195,84453474
198,80759827
196,73964850
198,38914763
196,53105715
197,79930858
195,37502983
198,15979234
198,41457354
198,49844121
199,09440659
197,09915439
197,65343984
197,48062825
197,05012627
197,32609704
199,00747645
198,35868669
196,53988492
197,26355555
197,91724520
197,35141118
198,00604039
199,02866789
199,42674285
198,49291701
199,08088376
197,19667542
197,06459421
196,21720090
196,35481595
199,36129063
199,28873778
195,06168180
198,85034524
199,64030871
199,08924580
199,01878901
199,12837118
197,45119698
197,78414619
198,46780743
197,53083326
195,65830321
198,87695717
194,31403480
196,62584137
198,42539915
199,52730900
198,02984566
196,22042012
197,67194216
196,26543216
198,41723042
198,77272895
194,72308369
197,50198595
198,61333381
198,49860274
199,28689019
199,53676280
197,67879825
195,50380546
198,54874943
198,00923402
198,51539662
198,95850231
199,10740614
197,15624727
197,13316971
199,30502454
196,28320328
197,97204306
198,39079861
198,02613903
197,19041708
196,67469379
196,28236958
190,82795161
199,49720428
197,24835050
197,61043792
194,59507448
198,74400840
196,16391402
197,01531251
197,06099660
197,83388611
195,40488959
197,63459845
197,65007256
197,97512636
198,10985252
198,38031129
198,62257420
196,77800247
197,98297327
195,03379874
198,10336734
199,61910820
197,42247476
198,46499216
196,19721616
199,19991267
199,19533977
197,04946211
197,33678006
196,20525921
196,92813164
196,98744113
198,73632013
196,90051208
199,07796343
193,37173824
197,17656255
197,79898801
196,91737712
198,65733506
196,71761971
199,46098239
198,17284265
197,85523613
196,35465179
198,54611629
197,38393726
196,82145656
198,24359791
198,73223030
198,72228532
194,89223492
198,03225361
198,66672232
197,90470520
196,94315781
195,93277233
198,05847815
198,55023639
196,52308166
199,21490784
196,67266070
195,60646347
197,76461369
198,58989045
197,53036855
198,89554713
196,34136631
196,77698360
196,13716721
199,38231316
198,78808090
197,03639289
197,44414114
198,10719837
198,60423436
199,55146873
195,72362515
197,97113692
197,47765111
198,72406926
198,69656419
197,40871677
197,71413677
196,76198578
197,73287101
195,67154411
198,94982438
198,60719559
197,92231108
197,10644144
195,41965900
198,49807555
197,43917187
196,60881922
197,89850468
198,36535903
198,52012601
196,63654904
199,30512848
197,43245397
198,00455261
199,04621104
195,59819376
196,79603620
198,61554339
194,57547483
198,14379795
197,45448163
197,62133367
197,52919278
197,07668410
195,24007898
195,97184002
197,71707363
197,67275113
197,31712030
196,98588577
197,58859807
197,13586311
194,28965001
197,03165365
195,41607926
195,11773157
198,77685311
196,61122066
198,48130259
194,37502279
198,28578600
197,38342551
197,75424715
199,23287769
198,61435839
198,39230242
197,28504875
197,98832787
197,77451754
198,66476193
196,04253706
193,65554015
196,76257279
198,89248220
197,97806548
196,71601930
197,17064506
197,94419876
198,07406137
197,76959601
197,25641031
199,23583894
197,18738779
196,92944138
197,73657061
197,47840885
199,28899121
193,25189266
197,37705385
198,01365807
198,47631873
196,92343813
197,78199995
198,97787289
198,25877323
199,09838618
199,12306783
196,00188813
197,04251679
199,20933653
198,81234820
198,41549247
198,31575180
195,51257387
192,33964094
198,56739204
198,70893829
197,58104886
195,46416215
197,38280270
195,36394272
199,90489176
197,47425272
197,65119891
197,83322451
197,59474749
195,70880807
197,50997519
198,35376110
197,86687432
197,50443054
199,43210214
197,04075002
197,83892994
198,61610094
198,20214665
198,58725203
198,70268925
198,73333250
197,23010122
197,40932079
199,15835921
195,81650409
195,66299385
197,04574274
197,36373607
198,70528298
197,54003320
197,57059786
197,66386930
199,09925427
197,85365259
196,75998669
196,82040313
195,92684477
199,73166108
196,93230384
197,73967738
196,92276393
199,73229515
199,05571076
199,66966927
198,34152023
198,67504991
198,19094329
197,77229713
197,00573422
198,37644959
198,17738674
196,47145984
198,65791443
196,54223276
194,00682868
199,15023031
197,93576264
195,25211429
198,40623309
198,72580865
193,93586366
198,70708316
195,29626988
197,92811184
198,25736637
197,09565267
193,61797137
197,86852882
198,62937192
197,56884453
198,57098010
198,02057319
198,03136068
199,68039441
198,77073196
198,87205074
197,41151050
197,32145061
198,08500792
198,62682886
198,73663992
197,13210492
197,03506490
197,80807283
198,67353379
198,99534185
198,79581953
196,97120702
196,55687153
198,11849143
197,82669083
195,93772653
198,73374304
198,62129136
199,04254614
197,02314914
197,42194641
198,77740972
198,14371495
192,16687452
193,93459495
196,96824032
198,94136336
197,64760966
199,35120936
198,19126518
195,10937699
195,66658189
197,83117118
198,36727983
197,77834859
199,26648062
199,39708471
197,71145725
197,19672384
198,55852150
197,67883615
190,55423250
196,05576055
195,61788453
196,51985530
199,31157158
197,40599740
198,58237911
194,24639431
198,78428550
197,74767254
196,79932077
198,18605861
198,54993020
198,66905393
198,59220876
199,73485016
194,27223486
197,14820156
197,09515746
197,88817080
199,29969622
198,99308403
196,46173888
198,86847283
194,67487489
198,66761338
196,67224269
195,69090153
193,72251144
197,74953137
198,18575860
198,38965212
195,92538781
195,60453543
197,87848326
195,95185390
198,86043861
198,48032751
197,90368626
197,36055229
197,18921017
198,17153693
198,96293415
194,65881806
196,13253648
198,97961157
196,30129057
194,94526117
199,05680529
198,01534803
197,88629728
197,42596943
198,30976648
199,67355849
198,55127499
197,51097223
198,05569089
196,91673343
194,76337264
198,19752895
198,18712408
199,64484432
196,77331977
199,02005356
195,80608682
197,14130050
198,98199325
195,93410777
199,77963699
198,60227673
197,06777224
197,10960357
198,01398022
196,89932381
197,30961237
197,65321479
196,51214702
195,63108766
198,49116714
195,35633409
198,66095847
197,09641297
197,73358606
198,48758743
199,09944647
197,45100212
197,01927742
194,94324458
197,84416406
199,22876769
197,41652017
196,10438885
196,76129399
195,33042917
198,06952805
199,79762118
197,64110439
196,62577967
195,17704475
198,22984097
198,49901549
199,27351480
197,32385432
193,84329325
198,60066958
199,09449835
198,07792513
199,04832162
199,63894158
199,62941405
195,94184361
196,44505733
198,94615092
197,08116420
197,92756479
197,11540831
198,71344461
197,00435312
198,19903021
197,67856256
198,53288293
197,86166818
198,22580859
197,77472016
199,57173127
197,93207592
196,48343270
198,92707412
197,75866958
197,55408144
199,18167966
196,46428945
197,68269627
198,64060020
199,34645481
198,88012123
199,41524929
195,22311522
197,97387883
199,18599765
199,17367268
196,51227000
198,88873782
197,54395886
193,40652236
199,09552671
199,03845570
194,45063961
194,26229646
195,07369410
197,81788325
196,95184126
197,41009225
198,50500792
198,29923423
198,32994746
198,29271346
198,95331731
197,08920579
198,78624365
196,27043428
191,14845980
198,75587463
197,14305630
199,66551790
197,76163894
194,84939305
196,06484761
199,19720173
196,96433377
197,50595653
198,43722590
198,51308466
197,19220200
194,78117270
198,73233305
196,39929408
199,37567743
198,21160105
196,86317753
195,54964037
196,48408245
196,90416637
195,76200384
197,42958253
195,21130634
199,81719446
198,61270214
199,39008412
198,10110934
198,52686775
196,40406690
196,83925986
196,49808289
198,51439461
196,45173688
196,77104824
199,58469225
197,10177263
197,83823963
195,80601487
196,97078780
197,35716477
195,78882880
198,32518409
197,52158585
196,67377201
196,86354182
193,41680793
196,61102965
199,37260545
195,62232266
198,20212514
198,09251362
198,05199077
195,89953526
196,46574251
199,56491222
198,37170907
198,02524435
198,69647729
197,56076741
196,79969586
197,93142147
194,37771465
197,29911990
196,47768196
199,76157805
194,73447590
196,21810966
197,12216755
196,89593564
196,62450423
197,23953168
197,57005368
198,23618849
199,37311214
197,86337658
198,47883863
198,58968185
193,86219319
197,61001946
199,31319604
198,95388474
198,96029000
197,55437688
195,94970840
198,31130597
197,61240914
195,29508439
198,52386767
194,96255753
196,54635433
198,64867241
197,05028084
197,17674209
193,21330620
199,17961170
197,47352002
193,34962401
198,33492853
199,37632034
198,05170952
196,27908421
197,58841164
198,21925407
196,92638512
198,56357072
196,12640150
198,26003400
199,24989710
194,15326472
196,48956652
197,40679610
197,52145283
194,83405621
196,88605358
197,88213833
199,01312700
196,98180555
199,31300106
196,93481668
195,69661288
197,22041730
198,35590012
198,95713175
197,88369640
198,21942142
197,70575492
197,09429544
196,90361718
195,89785580
197,73970502
198,10428298
199,34853677
196,79394022
198,85268728
197,45411432
196,81731071
197,01334489
194,61228309
196,49887785
197,80092875
195,30606717
197,27963997
197,41629359
193,70652614
198,66314381
197,31959190
198,70886778
194,88062721
198,52556401
197,44709348
196,68968946
196,16351511
198,32558567
197,76975673
198,71321205
197,33047673
197,82855400
197,91843502
197,43411979
199,25491225
198,62963445
197,98084659
197,43809906
197,04062292
193,76394476
198,55223448
197,94232840
195,77789862
195,86388283
199,55162682
197,33412459
198,94870454
198,29211727
196,38105637
199,05939279
197,94617649
197,40744954
197,83182640
197,89477476
197,38165009
198,62445538
199,02837672
198,51033687
194,27744378
199,47641459
197,96562542
199,01658287
198,95201674
197,12074729
197,77053483
198,07406367
195,58991049
197,12034692
199,05259492
197,97667763
196,69135419
195,94841348
196,86742379
196,89868914
198,35846479
197,13274763
198,79306174
195,97231607
197,98008081
197,51728826
198,45581116
195,58750092
197,09942723
199,66018702
196,29086378
197,34328592
197,49957362
198,15412896
199,17515620
197,23639150
199,53829698
199,21582434
196,95276322
199,22069936
194,45004035
197,44784619
197,35133340
196,66158162
197,09577558
197,01224402
198,52168337
198,43783787
197,50208865
196,08884349
199,30923146
193,98888128
194,13666015
198,12172239
198,72825457
199,79935035
194,82189793
197,72138676
197,16217987
197,35307227
196,46276115
198,47276604
196,40897416
198,99138371
196,90554169
198,88956844
198,29595888
196,83100904
197,57296428
199,09555431
195,79752212
197,51277742
194,86849470
198,49452816
196,37506807
196,01038357
197,35456251
194,32741262
199,31914580
198,63622915
196,67776166
197,12913475
199,24265615
195,75948549
195,61540835
197,96838702
196,50301142
199,82628952
197,33420587
197,28524501
197,19345477
199,41586315
197,51286714
199,08580637
199,06064044
198,25937367
197,08051385
196,70695148
196,92793376
197,05550946
197,31551332
198,48005084
198,06111890
196,97327231
199,49807418
196,21406372
198,10252919
197,90918974
198,81930483
197,28953037
193,94506242
199,05392233
199,04180467
199,80058962
197,75888707
193,24900970
199,04621599
196,95189067
199,44904725
198,42431133
198,26910860
199,48233397
198,14998394
198,31164037
197,65328930
198,25598551
197,85820501
197,80879813
195,62442494
196,11818686
198,42084195
196,18722397
195,32661279
197,33945517
199,03859225
197,49584230
197,80673462
198,55666948
197,72090694
195,27411192
196,89689012
198,95047458
199,00519798
197,71675765
194,65427002
196,59278611
198,82358338
197,90689177
196,84720383
199,41140892
195,62658022
197,85823896
198,58860692
196,14887947
199,04908423
199,30800102
199,15649539
194,92624307
198,02138021
197,42923438
198,35888371
199,21356088
194,05489117
198,57018249
198,54598633
197,19595546
198,55839833
198,39755151
197,39925905
194,55212140
198,11147885
197,63470185
196,97246813
197,34318720
197,77415432
199,19916965
199,44405167
198,12652646
197,12699361
197,55046335
199,39965228
198,09837626
196,45337776
198,04208817
198,73694341
199,28447006
197,06551983
199,02424811
199,83283474
198,73326151
197,39975281
198,30938613
198,57095190
196,49281233
194,04993229
198,37398965
199,43999589
197,56539388
197,38043718
195,39602435
199,42711665
199,22856008
196,15419945
196,84128680
199,05603529
196,21977827
193,51448912
196,97875760
198,31150746
199,10393664
197,44801953
197,94752504
197,00464752
197,73544553
197,38611374
198,22762739
194,99417055
198,71356233
199,03250174
198,03960750
197,32711272
198,27501119
196,86924571
199,25613429
199,16804025
198,56512025
198,16913191
197,95689494
197,67907931
196,06297842
196,62141815
198,37239694
199,25142298
199,20184843
199,75302091
198,61560739
198,89529273
197,92588131
196,56122199
197,65129652
197,37489909
198,81353103
196,70676226
197,75943593
196,53355043
193,56926499
197,83956416
197,56005093
196,71717385
196,46482515
195,43456773
197,19965288
197,86937811
198,69650395
194,56375506
199,14507449
198,50112800
196,76972085
197,58366230
196,29454733
197,16726852
199,13977716
199,09087097
198,93072762
198,34821572
198,59605853
198,92594144
194,39015441
199,42103980
198,26947235
197,64344775
196,91845588
198,08725755
198,99273536
196,57975513
195,27122130
196,11246044
198,77571246
197,29965603
199,79503191
196,15802988
197,30833761
197,82295642
198,84025336
198,56974615
196,06792045
195,94770162
196,96842631
198,13456673
198,41014265
196,82890409
198,38005351
199,54506468
194,98097895
194,33383597
198,33751805
193,69555005
197,25324658
195,99340089
198,03641885
196,99398832
197,30688997
196,29540785
198,75520019
197,99723461
195,33428954
198,79589385
197,95842424
196,58243305
198,59142794
197,69946288
198,61975250
199,03832454
198,94264099
197,61370590
198,50886022
197,74582174
195,46875698
198,70314830
198,87311837
198,11885505
197,81708907
195,76134335
198,94914610
193,24290670
195,71758959
195,92539884
198,86209395
198,47444901
199,62611553
196,96797753
198,93150097
198,41633174
198,91203121
196,19651859
198,37546204
194,56000815
196,34299950
197,82053644
196,52910317
199,27861602
198,39673390
199,21243467
198,13446621
198,40326462
196,93815766
198,92929559
198,05496401
197,59153163
196,18615044
197,25708437
197,67382073
197,57421973
199,46079954
195,93729491
199,12328135
196,58477947
197,59603406
199,36533171
198,43831433
198,26679139
198,13283867
197,30417584
196,70780723
197,57347459
199,31718372
197,67608821
197,31482462
197,59445124
194,68777559
199,37968101
197,84012309
198,88252732
197,90017537
198,10926392
196,60920434
197,93928362
197,76839751
198,17628652
197,94861156
196,83714572
197,71865721
199,27958929
198,66148740
197,78190549
199,73963936
194,95673509
199,35464401
198,62922984
198,12807341
196,51265660
