309,50766212
319,50006673
265,62633385
314,99089438
275,60104271
247,94904555
307,77212767
269,54754136
264,44046128
315,47858814
278,38071688
332,78729284
291,51565981
315,16150437
337,07939242
321,18503969
318,56951597
266,82266587
285,03999898
331,01879218
266,58661929
314,69442429
314,18415132
308,26663726
316,77775595
296,77472278
291,99678245
316,58392696
306,0851202
298,10276078
329,27895379
268,41889074
310,07340663
241,81739373
327,59805033
275,22174377
296,18451078
334,95156859
320,41693743
272,35124231
295,78884860
293,48821030
284,09150030
312,94097349
280,22925609
271,27895562
254,57837302
300,09128029
348,90760928
336,85822418
292,03025440
294,47705810
275,25775664
289,40433872
299,24980335
289,31698777
338,98621883
270,50400792
272,78038230
273,49915215
317,72856892
257,05589788
297,19012445
284,45823964
275,27970859
296,55974498
301,28555845
287,51911105
286,79085857
327,73594220
277,41455192
308,62362056
306,24939592
275,20557453
312,25483335
294,56627560
313,19161493
343,42590533
255,59687027
286,11857025
307,99566036
314,35500423
349,43627383
308,09966353
300,36535084
348,46675346
299,52050320
309,37416769
264,60818467
281,39863871
300,26199380
335,14202968
333,00733128
331,83789136
312,08958585
285,20309822
329,54508427
286,92206603
292,06103959
310,21747894
356,91442729
296,19711848
309,24595722
267,18972013
285,54848366
278,61756078
316,61963270
294,06345818
355,83690159
308,32838693
298,18831101
321,88311823
305,89475184
348,55483345
266,04987932
316,60677965
310,42480302
326,76504806
319,47895735
294,74800801
305,06826163
283,13030529
326,96708445
315,96405176
284,81303895
310,60700366
327,24822031
275,89922702
295,75883609
302,25449810
287,30093602
321,72725275
305,02280738
291,71109204
305,08786174
290,59599797
306,02355429
298,67239655
321,95192331
284,40107549
335,42965407
267,30582969
288,86638676
306,91710160
325,83036463
295,27521238
289,70322767
288,01039113
331,57728726
283,40007258
327,73648489
285,66407118
293,70563362
310,29660384
292,72363383
280,49975224
320,01991542
280,18393356
301,37013286
290,08135841
265,51258135
287,16693077
328,16431618
248,46828214
300,82583786
302,57456261
304,32560623
335,61741809
264,39055521
316,93197089
346,86616480
348,60576264
299,15885308
291,36094633
320,93744647
329,40710778
284,35757052
296,59780684
284,88890669
277,09974145
297,51772209
286,51264783
299,49380068
296,40649616
290,00231581
255,44057797
295,28730534
320,94331000
320,93437838
293,94822158
312,95842812
284,44794242
326,04899801
351,50427044
331,17078477
269,07662467
298,12698473
292,19081015
321,86803515
324,13708790
283,69308099
288,94271941
310,71619007
283,80864601
302,79247175
270,94154424
341,85928165
272,57802831
281,89820997
289,54858909
304,92650907
322,86173945
284,23018548
294,00061406
331,08906735
340,59302543
281,69747165
314,96687327
305,47571875
299,97674413
357,00868399
294,63925154
261,23040861
299,40561547
288,08609952
303,33207920
319,24365974
284,67639064
319,31371979
285,94503151
335,34002336
334,86512726
316,79345187
313,89462358
279,91650932
270,46530497
262,80253452
337,06016842
314,13140992
298,21669566
352,98894706
275,75970187
309,88754388
313,80377602
263,77461987
297,05085616
264,72797067
323,60787381
276,63667563
321,72723247
277,51144047
281,66531952
346,11337627
323,53938145
312,51990427
280,56143766
288,53878768
253,16709001
308,65846048
296,92520698
273,90227791
289,44406526
306,52463980
278,46776849
277,16109197
306,51096331
292,30599747
334,45487621
303,87240362
330,47892907
254,79343932
250,86762874
314,64123760
285,85341820
249,71406085
271,13810444
328,77207150
303,80170524
335,60062855
282,13497487
271,12485624
359,41818418
285,97394916
342,91735194
285,30099143
301,84006296
315,81237276
254,69472808
309,85018539
309,94815064
318,93909739
288,04246011
287,23178696
231,26439778
322,71639718
278,04243013
303,03858901
266,56689473
298,29524290
332,32536503
303,19230075
314,51068166
286,51639354
288,43405312
278,67238888
301,88643912
299,23972753
273,54043460
289,07281599
305,97102014
341,90242588
305,02263123
335,47678230
287,63101374
295,78478241
287,94658333
281,39832523
282,51562457
324,58259758
300,28008496
308,11729318
281,12485170
278,82725069
308,83191685
246,06104570
309,35462524
307,48170857
278,11915961
296,06823628
280,16304879
298,44298816
269,58957282
315,38444856
312,95532329
262,28570183
287,13176612
303,75915606
303,46109872
239,90986947
303,63323434
305,10620499
281,70228528
304,57031351
329,61273071
303,71042079
283,54734870
296,54376296
273,33190741
285,33045506
298,49644462
303,22969567
294,40773876
295,72978920
303,45295816
281,60916763
304,29465004
273,98573943
302,30614617
282,16715794
271,59487408
302,70066480
256,69223196
309,00409252
308,47151325
314,79205671
278,90961868
331,44529732
230,92422457
300,01962326
318,16434663
278,88149585
328,07602242
285,40913297
293,15371063
264,28125653
292,52368693
297,44359028
284,33388595
321,13018544
313,47091464
280,82439522
305,65737788
337,75405778
313,37072337
284,71209504
326,23816748
268,58194991
262,34275797
277,62346917
310,85282647
325,06061811
276,73527479
298,92804457
302,50113468
321,63688081
301,95272699
308,57184309
345,43262356
303,38610665
310,14357011
307,58140350
326,62462033
301,99360513
307,00205861
319,54220394
285,89063854
302,34633354
259,63608598
268,18429735
310,56464132
290,51360688
331,67547347
327,25187297
297,82256258
292,95379259
310,13045674
271,67441469
314,20203152
301,26361374
264,46417701
302,01223812
305,97453191
302,81854386
287,91732476
291,63322615
325,04362774
331,32794593
309,03272590
321,90851628
340,32260990
299,87043355
270,52047731
288,35028267
275,16350055
339,61531316
273,04109997
294,60774868
286,63050753
335,88981031
289,72930981
359,20767140
280,21567753
335,42878936
313,26858438
313,08467588
274,58688530
271,35787575
295,63597303
310,38641884
313,58101882
296,94289850
305,95310481
324,40681992
316,02647833
310,90132340
301,45030892
282,71245458
273,31652609
301,78625836
303,37614713
310,68285912
311,32836591
277,39436913
287,29643645
312,82799906
273,81972798
354,30280567
291,33559848
288,60415626
312,80957570
274,12621858
277,30020619
311,55807892
305,49953925
324,15205464
343,44498697
297,22488129
300,22584965
280,08317897
297,81853997
273,00073391
302,50957975
321,75964532
284,91062899
301,81058334
262,70273391
294,46614089
337,45262203
329,82683306
323,91191123
292,22696339
289,34461467
314,94666683
315,01068330
287,22961253
318,95226547
256,55986553
319,24049273
254,58599238
302,74942416
279,02929688
309,49278760
296,88484894
277,24524077
271,74522466
326,49963428
300,89376788
273,40157975
319,83708367
306,83763665
301,42931639
278,59959481
327,03623765
284,00014815
273,89844234
313,16017528
322,63255002
336,11502264
314,63789221
296,35778835
311,40300734
314,16954275
317,30225892
313,48276708
311,88546660
282,68355691
312,66016423
321,38823794
259,48324249
299,11690938
266,86386080
308,36215987
320,58825023
321,58412977
313,45163205
282,18468454
293,90535075
294,65513679
292,80408136
297,23333588
321,95194284
313,01633940
307,30109889
294,18515537
268,61249375
264,52945944
304,67035315
333,11400432
327,22573355
298,72466602
302,28005027
343,55701811
293,72177785
296,00395988
292,85986486
294,85429450
275,99732046
257,87351992
274,22624632
282,31001427
333,87691985
340,40395043
294,09880325
362,07010785
337,70522344
339,36008586
279,54794990
287,06264551
306,42526977
282,20343224
282,21895203
272,90233301
325,99264618
329,92328573
290,72927505
255,51530301
295,00655957
335,76987271
256,87615476
268,52401811
276,90498226
286,94504157
277,94296920
304,67439009
280,76190809
306,59351161
319,68994243
251,25685562
313,88521206
295,47649952
305,87077631
304,55154343
304,76189238
295,91272395
271,83923976
292,11441041
280,66179626
300,49707358
341,23706153
298,01666950
310,89347171
337,49126423
279,23359568
283,42595056
283,44382146
280,94730442
306,96962968
284,87288462
255,91653614
276,24191727
292,86205285
293,50736864
281,09786997
292,99021367
335,85322619
277,63155386
267,36282988
288,18442159
328,23245476
333,14924954
308,34381745
275,81883950
268,96266577
287,86585885
264,20899577
304,07984060
340,58910490
314,54709157
305,54567428
273,45549157
260,25114315
333,46181583
280,95181506
279,70037966
345,87539852
283,13237625
298,44994631
330,22110170
283,83953402
256,21374563
320,47132898
341,67987096
315,31517568
280,80278631
309,50025623
310,08851584
280,73736859
318,78848362
309,65215049
322,89778480
318,50218443
302,83197713
291,56278351
265,32316966
339,20692272
329,03282724
260,47123597
291,13307044
310,41473998
350,82522528
295,40804940
279,32198603
288,28701060
318,74505400
351,35088044
315,98792922
348,50630473
314,92168797
255,12308677
249,37832742
309,45740010
292,32641153
293,61530440
329,35658043
265,27459619
281,98983183
289,29947150
263,38342418
294,39465996
280,14483350
318,13338325
254,06363631
302,50609151
319,12786742
339,21485957
303,46205322
307,39080500
296,25847427
307,54195239
306,26588522
349,99368176
301,95929793
322,86641257
301,81498579
343,04678404
276,05553038
287,57331085
260,55298403
305,47125779
284,31356109
307,77032931
313,28949911
284,35709853
291,20252741
277,93364219
308,92001824
304,78964123
287,83767082
261,60251209
283,79305759
340,88746268
319,93133725
292,52390564
309,64306633
315,09014061
293,44703148
345,16539447
248,50603383
305,94231584
300,55641870
316,50061501
262,82812065
289,08801222
281,41473507
348,01185924
275,94204400
294,28674650
318,45624439
315,03972109
300,76445338
296,91056659
301,45869554
329,51227069
318,16232924
275,70004054
328,18311149
303,90557584
295,55232539
272,82947296
317,57161861
292,45419039
293,25736852
303,83837842
282,34601493
307,54996286
336,51015179
288,16060562
269,05944774
271,50075134
312,85108993
310,04544987
287,31605794
297,62200099
285,98932194
345,02995971
306,03760534
293,35401152
315,14935268
285,17600127
285,96117934
285,80013364
336,72438607
289,16544080
339,49565299
291,42874047
301,46112338
316,75023298
330,22479727
311,70322311
297,14325386
239,05454802
317,77765237
294,89448871
316,15771245
311,07794910
310,37238424
289,97195426
281,21875168
340,80824964
292,69206812
267,78494823
260,63229007
299,56333403
263,75175147
317,16228137
327,96306456
267,17981098
323,12001255
269,48682428
337,23282613
266,60620452
287,88487196
316,29246939
277,47588549
298,68800799
309,28703657
310,00938550
316,51279934
318,00198220
347,44508352
309,73112810
277,20349694
306,38514225
309,79322412
256,89082188
287,83926465
302,46742705
337,40205266
238,62778137
291,32061624
333,70804173
290,47392514
306,32724675
312,88826375
276,03629181
310,05251089
282,87428851
294,84980872
252,29387817
254,90965365
282,27220536
285,51146132
291,98776279
290,61433985
291,29419447
284,85814704
306,42935564
289,19502427
292,33665568
294,39503544
253,94867661
285,00604473
310,78978291
302,93692463
296,24046766
306,13144038
284,32020135
314,19750666
269,44075354
303,35776619
299,48766115
250,68505714
301,12557755
284,97604823
298,45667229
299,22259773
309,84657037
291,79276840
340,16939622
342,76583830
350,88802750
295,25752990
290,63160603
278,07085700
302,54966490
291,80307812
293,18373000
280,38542352
318,96430051
256,46924944
355,84281272
297,58932742
245,01728545
284,42037681
311,53662986
275,04724191
270,32223819
328,74918187
279,00432321
263,90147018
260,11370153
321,95994612
292,52089938
319,01633035
346,91022665
293,97638954
301,12773763
285,85075933
326,83722013
327,60785535
267,23102031
270,50522741
327,91255474
282,70348817
321,59852712
296,85148454
273,94110401
258,54859556
319,57323482
321,29553681
327,66550428
266,01224757
300,10506229
318,71671577
283,14695463
322,24381428
298,32873100
275,39403271
289,58261340
320,47874946
266,32140395
320,38175240
316,18566791
302,84875823
291,04892873
311,75813049
265,73335925
311,63851146
254,73869962
271,71428067
360,08630709
269,68582325
291,45383617
293,66586483
298,00653372
268,16183048
283,48873818
332,05550442
313,72730126
341,66476907
308,80064965
301,03175000
320,72088155
321,36634083
281,07770337
292,60011544
346,50230325
288,01061647
311,52784042
310,89248542
278,40363377
315,20589128
273,71684033
327,56860637
327,18456772
346,40927222
255,56244633
278,96995837
309,03412508
292,67111058
282,83195943
312,79011340
283,65157779
286,82835067
332,10188855
314,65672439
288,93851606
261,42661758
234,75004156
326,38629777
294,03221764
343,45710479
295,77255715
320,36794078
318,04941291
326,11788203
285,80454457
318,61464806
265,48086797
310,07089272
296,00795590
289,93296639
311,05597284
291,70352880
293,74466167
313,39739176
307,07937895
323,46148322
326,36611293
292,17816714
280,19646797
272,52905939
298,10830527
317,63144074
325,55268215
290,39523574
276,66703864
282,02851073
274,24714813
297,40798025
269,08812574
324,28050904
249,68087125
280,82372447
309,65108063
328,10242476
317,88385443
285,64137288
286,66640581
294,55366028
320,05481398
303,71566498
283,94205250
307,61794810
305,93276610
318,37147739
285,19380210
281,85390939
250,48131818
338,80273870
307,16586515
289,93293047
356,09696906
284,38484177
312,48390528
304,85762013
304,86952895
287,53144536
291,81026596
261,40082149
289,34325289
291,96968546
313,72504039
298,04475187
305,04358535
313,16510281
332,21658273
288,38626938
337,18230114
259,75018153
309,95446752
357,04907762
277,15148718
273,51809570
292,24495928
284,96304487
261,48045891
258,42066450
259,23120274
287,48366298
305,72363373
312,64519665
277,65169294
330,41049060
291,81078415
305,50255173
315,72385295
258,76084558
289,79134997
315,98084720
280,08586233
314,47875365
321,93572782
286,23890731
323,45890851
266,70237242
263,59862638
304,07395436
316,79794421
249,83059075
299,88377487
295,53991780
292,47626470
260,11225995
322,56902251
313,15555957
323,26447319
296,35653181
309,01242900
253,07903549
321,60149293
308,75146087
287,01491911
267,93148005
333,36469791
282,36267746
286,82033745
309,73197803
283,16770500
296,95868215
305,64346298
300,42146930
282,18343072
347,42668982
303,11782906
319,89895285
329,45354280
254,08558702
322,94174604
293,56146554
264,55701525
278,29277725
289,03495139
271,15529281
303,54709085
319,43031103
311,59487084
311,98206383
316,53288672
348,22454629
258,60409901
314,51427429
317,39567770
323,34289846
292,02953056
301,14300410
274,54267483
281,14302317
322,93171686
300,28380282
299,45506144
280,92632220
321,19276717
290,83430472
320,69980021
316,94607478
306,06120712
295,22725095
280,36739239
306,57184564
303,93512301
249,58220491
284,75485969
305,29215856
303,37808796
330,08177357
299,48485767
322,37629983
295,81479999
291,76474157
287,61643487
296,48902236
283,25767119
292,91252269
318,84980245
259,07374073
312,93608394
327,07035056
255,55762044
331,50779130
241,24486746
240,59650249
317,65291522
338,48895856
275,18643059
281,82551776
280,56633060
295,74199583
341,74694135
300,14722531
276,57488522
295,84650248
323,27198235
281,23167199
297,10725753
252,54290338
285,61142379
288,53436353
322,96514733
272,49938058
318,97330393
292,21208471
266,07719299
299,47658139
315,61102715
285,49556843
307,27703280
297,18491993
260,08752953
273,86593463
290,41884134
304,34666750
283,05928071
331,64728978
314,46865794
294,39062476
325,55122968
308,90741811
292,96854243
323,04669150
295,44296826
269,56967868
335,55981077
303,32876975
252,06272244
316,39518365
301,74531967
367,64817894
256,61944416
266,93860511
302,91051694
306,92736633
285,40729066
325,37760169
284,72947430
275,77514880
299,13897359
310,40602899
305,84703281
284,39123080
325,20612667
324,79375081
288,22167073
282,61159753
320,32885096
312,12825512
298,37678765
299,38211915
285,15502520
360,24004747
351,38400419
336,57140067
309,52458033
267,05618138
320,85700382
291,78278348
280,36602719
263,42343242
283,40576872
274,43932757
286,21564583
336,14375809
287,21185126
286,41229191
264,92976998
320,51365167
322,01920963
282,38724242
288,00401591
317,27634163
295,58328654
292,24831595
284,11023502
283,46094584
302,82690188
282,61910763
277,02079084
295,05644675
278,67873542
288,15124802
299,18590871
265,50645405
273,78796903
267,62540218
261,92511810
294,29715114
275,66101533
325,62414443
333,20845848
291,77902901
331,12631553
293,79492289
307,87569521
314,52784226
305,51731022
296,12760247
288,84570160
265,01575723
264,90202251
326,66784311
290,27765797
268,13231732
283,66120249
310,74943123
311,42663748
279,59142149
356,05431149
297,00139359
283,56684457
283,06918606
339,99936696
300,48499786
353,91380663
293,33127660
326,16806876
267,08125609
349,39982556
306,10606206
314,04941806
287,51793584
338,50597973
305,02908540
299,20724129
273,20748303
286,92114857
271,85613984
290,61788538
276,49961763
322,82643698
275,06544602
260,26236552
300,42617703
301,27621042
307,57894835
319,07141726
329,00728486
316,30850486
314,07592190
299,48364015
290,03124335
332,08579995
305,30723906
268,40844677
331,08123246
325,16675999
311,52530728
290,69522687
293,19560943
322,39626905
283,78531808
314,85848479
297,02151868
320,83389254
270,21468335
331,83987074
270,13937353
311,67951867
280,90783314
317,99687921
319,55409544
272,36368886
304,48717456
301,58797400
307,11247295
340,96983046
313,49969008
332,38559916
325,02814124
296,82647017
314,72319689
286,70890330
308,69910494
278,26958011
298,90211590
255,18517471
276,52531456
316,01948148
311,22607021
310,66390893
277,29776312
315,01939166
297,89196366
240,30817510
283,06616901
300,15214560
337,23901149
321,78455996
277,88607478
307,52773251
278,60168304
293,17843840
259,02026212
277,06199445
290,66493770
322,61883975
300,50921072
311,31281610
306,98355212
290,10934340
298,02780002
275,41191569
322,62135877
325,76611550
303,51619506
287,31122299
310,81603700
303,93571258
309,82139423
327,52046091
315,70339959
326,97323778
329,24879634
294,23284829
301,83415005
324,08210253
347,43106419
335,04295310
291,03539949
326,95623949
343,83187888
309,27018619
283,14112383
298,32706923
261,99950860
307,25346768
281,22671353
307,26272050
300,46029337
309,27137264
311,78551377
312,98077620
295,47236353
332,49232873
303,63757308
333,59706098
316,90012102
292,87439619
281,89921857
255,98260896
300,17375799
285,15464128
276,09406648
277,33746200
284,38987954
299,38526857
325,58697004
277,38471549
259,34102051
273,52827543
286,57572904
295,50337517
293,39122471
269,99463052
326,69094941
272,12085706
267,89693404
280,98722368
276,32824547
281,92559411
301,74173273
286,39914198
297,83949536
297,08683476
295,33774335
285,00244509
288,42289959
339,27829989
286,62063451
273,96894102
268,07950940
321,90247473
299,69044317
301,01202985
268,24207431
311,23259970
309,99326767
286,38235867
327,41054170
271,79189320
332,20889338
300,38335382
328,02017429
308,07164211
278,29157515
254,98067499
288,03798683
312,18744281
328,86337510
291,85479345
319,49755692
317,57044223
331,77970982
296,78954463
341,38762606
307,07704563
285,95106570
295,31539395
270,46332343
298,29994483
242,41015414
285,77728199
260,26142415
308,94976627
284,97703254
302,11579761
305,73722568
313,82761440
274,01498172
298,04175630
280,78158541
289,81931498
326,22910675
305,37161711
304,23289212
295,59020097
311,03997466
305,12512632
273,39176958
311,16499635
300,24905491
315,27564998
310,63443851
305,11564682
285,25599131
311,47334813
294,54820848
294,55290428
308,90172678
332,27186952
275,03339542
285,05975946
306,23625795
338,40783845
302,61394831
309,71814938
294,41067867
309,51602693
299,73335567
332,86520262
270,67797589
319,77528635
281,42204288
297,48320206
286,26441736
268,77878007
309,73323200
300,31804968
312,99295099
287,83384995
316,51516157
308,82724040
327,62591384
325,83962213
312,15250511
312,46626745
314,88844670
344,51850710
287,40593984
282,69877149
308,29533755
305,04481097
253,99526406
301,56563938
305,58434251
305,67551005
301,79191440
295,32779964
331,15187640
268,34486488
302,58442171
254,42251859
292,98302374
300,16533869
294,88102065
320,53028648
278,60049119
294,49831583
300,26076598
280,69894268
289,95313471
271,69954131
294,58591179
316,27814030
305,32332492
256,20956495
335,26355091
314,53896821
287,94742311
320,01268330
307,68981678
296,06677563
292,59247358
296,67501583
252,44906641
324,24261747
318,21292235
315,45977287
327,18332585
287,43904705
291,12277210
279,69082885
281,16709041
313,95804154
269,96526866
283,89536903
266,88094833
315,17843984
286,35790651
286,96757986
299,01204424
309,30667654
264,98242380
338,26863829
311,35660300
305,78097383
334,38253022
270,17506036
302,45982960
286,87669929
298,88320456
316,34259432
238,72175962
334,40691009
293,75555293
319,51504869
278,27303054
286,82106569
327,37418256
281,77058487
327,74827985
328,65947895
309,21715342
292,04307757
281,56375332
339,29275796
248,49719128
261,88491020
286,82145958
313,38206763
297,60361534
323,45283207
372,18822533
293,19260386
311,49103757
328,51867581
337,81761246
333,78479798
323,96136722
276,09068657
261,51460103
288,99590907
281,63014868
303,71176535
290,65053645
311,04399354
315,65972865
359,55745154
308,77718136
313,19924714
281,29488232
309,73953564
270,04986001
324,20551974
261,43984131
304,59596195
314,83200752
274,40160859
301,28349614
313,84101277
248,77847131
335,63491859
295,77529189
292,71041475
329,12243924
267,44253853
266,71286653
301,62480109
311,23740600
338,44590752
233,76178147
337,20048360
304,79143819
269,19012634
322,48303661
319,70336054
302,73840719
248,44167804
350,11956219
289,19959521
297,69893996
304,14391628
299,14041955
296,47913826
308,01501625
257,19316280
308,22578827
257,02431363
300,27707641
322,55861220
279,81457415
318,97879386
312,45877131
254,40700000
275,22502000
296,31307314
272,72204926
268,40389984
311,97782637
303,23398297
331,57607124
276,05197549
264,37791161
323,16628131
339,66315704
299,24542610
316,94044979
293,81831652
326,87546243
293,76796605
269,28872606
293,88407163
327,77509393
276,40925048
301,06786408
278,01220907
282,58928618
340,21361356
288,01411401
280,00832059
295,23909396
341,72169279
305,19354364
272,82228078
325,08285681
287,54442377
295,70370358
286,61867420
277,18209334
306,22657915
325,22267337
272,26193951
282,77272869
334,25572813
312,98660647
345,11295756
283,18931065
314,52918268
306,48294958
302,53375374
288,30027399
314,42275148
326,28671651
307,39820717
288,42603839
304,93817492
284,85522527
313,79859209
291,88783437
301,17015692
301,45142557
318,67194179
336,50781649
379,84149861
295,76818529
296,98232165
297,21589104
262,37938576
288,41322880
324,91424846
277,81295888
324,14615073
325,31679842
310,38537466
327,78762917
308,34684951
287,59709941
316,96285011
289,21922844
280,58972859
317,20726917
306,63897921
315,45539562
296,70847210
325,84435009
305,47681295
292,78430465
321,99290269
283,46361530
341,41753882
305,40834662
286,29260623
330,28474836
306,65944315
283,58176647
299,33391388
318,19103436
296,13377755
325,21582481
320,36031687
337,63067427
270,61579110
282,47206380
306,03749441
315,33430854
316,25565062
311,19387437
245,13568600
300,27075020
346,75528000
271,89908952
251,41401186
294,67975952
295,24145009
269,74959622
299,89237535
297,49992380
287,52078839
321,65758575
282,90416846
320,69490859
259,73694777
276,35967122
302,99403532
342,95914518
338,87216532
277,13462189
324,32836372
298,12835139
269,61257393
328,28968651
318,34073282
317,43673627
305,35029261
269,82823412
264,27353836
250,74226673
272,55868243
300,38021961
310,42089675
318,33808437
301,28421968
272,10017027
326,36757784
330,24802298
291,70646485
313,46085236
306,22770286
304,17693921
302,60704833
244,80063343
316,03669497
286,73320910
278,44146215
301,05669862
306,57416500
297,20060800
330,83511067
310,05010883
303,57102185
287,07192365
303,09983364
297,99184834
282,46174169
285,92573011
275,73345633
301,38119488
294,96295988
295,50341633
298,67368676
307,06850189
318,28243958
351,55541534
307,01914875
334,94616481
308,67902460
315,46452571
257,84157627
337,33807159
247,30492957
330,84853230
293,52054075
260,86114638
282,44846958
331,07627175
307,76210912
326,26246089
276,21148494
270,41058396
321,54728472
267,50408951
314,30216487
299,01361147
312,21672808
303,33809716
309,78960656
263,78455277
318,47171886
334,66332357
307,27339907
283,39025662
308,42143257
309,61655009
281,60144102
322,85673977
307,72951887
313,34856804
250,19850276
293,29120536
273,80057492
290,56215225
318,87417776
290,40485585
288,70604634
257,41801540
285,45289780
309,19186505
291,30891349
270,17279208
294,10500651
287,20575545
316,44982993
285,74153801
307,59512457
335,21771295
269,00604389
291,54271346
300,69983832
252,81981708
293,04502480
285,65456029
260,10632588
314,23234687
286,70646015
322,91534691
247,80851779
283,85417738
331,07839739
289,95484345
313,55820434
307,71033408
277,73772423
323,20033289
335,98364283
280,15584471
303,65281906
283,07851138
293,90561796
302,02599163
326,93940178
280,47768142
303,05024580
311,48640841
304,31869766
309,13253659
313,25504867
266,83327634
304,64528247
324,15048457
302,72244709
304,36615796
317,42419574
275,65555836
253,87942699
318,46109161
310,62772156
295,04378244
323,89785471
303,69712256
291,66174095
275,17921037
292,97989943
276,07789253
269,26926632
309,62606543
281,33380964
295,97897440
264,19695420
322,94097402
271,05032624
305,83966862
299,68623525
313,80518875
289,54545225
293,98684702
263,82172377
296,09761455
274,29391289
286,70522402
288,73158862
272,05665757
312,35498863
301,14047712
286,89490519
346,70626838
283,93903635
324,19481749
296,20010654
303,22351091
281,23489568
300,59632125
310,77875403
292,87024339
283,45452199
279,06681951
309,69116583
314,73172786
288,54107717
354,33814047
292,80149509
300,41872913
333,76413454
253,77179607
300,85003577
282,46827645
290,86089456
285,69555116
287,79530851
282,94164240
339,96104707
301,43061724
289,92193361
309,21495640
271,15990543
348,13894146
312,38462129
297,05092017
288,97623911
290,05634721
307,11498842
316,75599725
301,39327807
281,92695802
308,83288950
301,70595979
316,70246295
266,83319349
316,22843785
317,42973213
284,86040742
263,68422077
274,24713373
285,07910721
292,80457075
312,96865766
291,14701828
283,49812068
266,29321939
305,39471153
277,85923623
357,47555983
294,76095705
337,48236965
278,22629254
285,85106836
314,89011236
296,35700839
335,65172069
273,21841572
297,40127278
363,79696223
309,17288227
293,23379521
288,17344148
286,88095485
334,76618952
300,77285267
310,98244016
305,74195739
287,37037796
307,16745251
273,55349297
354,10351122
292,14700755
311,71229987
256,13747780
300,01771178
304,66945007
316,32528204
319,82092230
313,33186549
310,37825343
323,29097069
282,42608950
268,70489202
306,82846162
303,63528259
241,34163521
319,12283448
297,38122383
356,21336737
312,45796914
250,01311321
270,55776905
302,14815961
350,28887051
305,88485837
278,46150717
280,46803193
331,61084658
304,56779419
269,29382647
276,59446112
266,76919478
307,68932236
303,39505183
311,21627705
278,02846510
297,25586995
300,56450202
277,56703939
284,33955692
258,83724011
251,53822096
299,07642212
334,57139907
273,76409969
278,48108042
324,50685728
287,43827535
328,89901460
302,28534955
315,93510356
294,52531457
321,46645991
316,98664806
335,17988764
315,87311550
293,03258471
353,54702875
288,94727781
312,67528112
286,15295229
301,56777032
252,47092289
315,38547229
291,84595245
305,48113662
317,90184364
355,82537090
290,60579936
268,15147218
317,97213127
314,33387228
284,15260013
290,30729874
275,51882482
298,22803196
282,23812017
324,32537636
307,08695340
314,63289117
303,71700158
307,42503896
275,96075286
303,68112446
312,68311172
321,06168921
312,03026393
277,38830388
292,04330412
294,30685494
298,85924516
311,24858060
269,96403920
292,36003243
308,87991696
289,67743877
260,69656508
247,55258990
325,16689643
250,00786740
298,53010159
348,43609302
270,46830568
287,36792391
311,01948634
344,80534330
288,55689772
292,93289612
288,35293162
300,59082102
311,50759902
268,41187344
290,41825855
333,75207357
293,33540930
287,21172228
300,85391043
307,04149924
293,34045632
298,05333816
327,25048570
303,04068888
309,60634473
304,73904419
278,90636062
336,74798393
289,83116468
277,01756992
317,94589946
273,09360186
299,73098667
314,48769787
299,84696320
320,22072256
275,05468503
258,25736491
293,64417507
309,90860400
324,83898720
301,53148693
328,96068811
295,97935146
288,83588279
296,72426459
320,82204296
331,89978993
315,95132855
297,89350963
331,66370907
302,89336628
299,49903096
305,63726644
302,83829702
302,98530663
319,11764355
273,61318745
271,83607788
304,97470507
252,27263942
304,47228410
265,67395756
319,14778429
331,23305538
315,64350449
307,41226920
283,23259520
314,52406936
279,19689254
281,50441255
316,29600166
281,68795636
293,12336584
332,02233606
328,68771377
300,27465200
252,47587064
283,04167325
275,02998516
293,83002963
323,91614330
356,14390275
322,40104550
298,21889693
317,56789975
308,94743827
334,69217215
312,90570460
307,39226563
288,47131226
275,36289123
323,08356287
330,57377761
317,89663935
247,77922310
272,70017390
268,23511315
305,10951525
257,73101161
322,66481338
294,31153268
306,41419852
271,78659203
305,72341606
259,28963584
300,86668682
312,37016258
284,30279500
302,26565487
318,66727816
324,05002751
295,69527514
322,58169688
312,24164603
303,55052518
313,46492978
298,51034360
284,96249548
277,84608173
287,28556782
303,48843121
304,26991724
312,12174395
297,60250104
287,35922467
302,81652601
311,53031687
320,57464936
297,79422474
310,38593589
331,18965682
287,67102195
293,41358494
276,08363097
302,24138455
256,59346391
281,72746125
324,43472242
335,56949625
261,22110047
300,41866598
308,37579816
273,73660785
303,09351907
309,75713639
284,04511298
309,91088772
288,07247244
322,66806524
265,84348657
267,95580865
297,02511140
304,06163283
257,82200094
331,25087438
309,53168551
295,09982197
347,41703797
286,99534127
300,72255673
288,37236134
282,02956991
281,91451455
291,89394106
300,64001786
301,63487818
308,29278246
286,94938540
338,17543668
269,14052038
238,06268625
307,89650741
319,79831144
324,98130766
266,97190443
341,06252528
336,32956660
329,59996661
340,88555539
311,37994277
268,87997189
299,64195355
345,61668759
288,14430399
322,19930841
296,01165332
289,29022791
305,59477109
270,34496292
276,57213350
320,46523185
276,07231122
307,63938293
320,50320160
303,51866977
354,07261299
296,42122214
310,63687699
303,63588717
295,77913020
253,19155355
247,27393958
285,08652602
285,47261372
278,79328613
248,92556934
297,02709280
310,47588102
300,18612117
268,39052805
265,50013169
289,31113534
262,87728966
346,83469435
308,08535576
279,35433699
290,17714823
318,66650003
306,61814542
317,85480576
269,07733274
326,69011341
299,75240579
310,42718051
267,06720404
319,72929822
309,15834103
293,04964294
285,69680552
303,33838200
328,11355632
315,46963725
312,64966281
292,91350931
284,52498744
319,79501716
326,05257389
313,77839104
283,06240103
281,18623802
287,32125146
291,18747142
253,45571741
254,05652016
288,72175647
324,70178539
339,58176450
265,32699340
315,92827724
274,90107211
297,48388164
281,81252878
287,57712406
281,60256551
311,77116483
310,11827012
301,16956258
295,87440278
337,32020372
301,75869853
315,69318207
290,74574342
339,84542681
301,52283294
301,28286809
291,63451074
328,62356409
297,24262224
312,55048867
311,67058160
278,97587349
301,43994259
281,09833603
300,47982242
309,27171774
306,54779309
317,22203961
298,46072589
316,41825529
298,89799850
261,00883758
290,45160317
309,21044578
265,69085487
353,42800185
312,01879123
288,16214106
331,29021500
325,10840638
255,74837157
279,85633210
312,71018420
314,03078956
281,96781012
334,87265664
292,01760138
320,33471944
262,53378794
266,65635592
309,43472101
303,09711921
308,47432982
308,74114424
270,04865241
314,46000053
301,98735103
285,25142581
307,92751780
284,14721725
331,40100120
303,05293732
276,19506335
325,05584696
323,11417902
314,63562201
304,93076224
344,41686684
328,96866753
326,63663090
245,21205490
289,57302017
285,58266106
334,30248440
280,90863387
299,64000679
275,68806905
336,13079184
283,44488354
307,65182436
335,65933949
270,31724385
309,40365967
287,01095159
314,50471864
287,17355200
321,83713019
314,83214863
275,73129641
308,78950402
310,43102167
315,77174702
351,80038208
300,71171188
304,87476936
330,04206060
286,04373845
299,17180898
306,82894682
286,89199413
269,09720337
301,69658219
305,74764687
270,29612561
303,80044311
254,74603648
302,01298909
336,18145561
279,36993109
283,77200476
327,21095894
351,07511292
288,47444308
344,04594008
257,73418191
312,88779446
282,02760805
282,38357338
329,78904282
254,52724839
323,03321308
295,79403197
329,60265192
283,06955391
272,53227840
291,26030752
360,66477207
307,76956258
256,57446118
301,07990746
320,02287353
349,09956776
259,43881873
302,03833764
285,32461204
336,13802308
247,41268420
361,65315160
270,65053136
300,23367090
282,87363694
277,78044119
277,28920177
263,45396586
320,76515845
334,56530897
260,79689008
324,15554620
307,96263105
295,29914771
340,44921965
305,85356525
297,15044593
280,13546881
263,60060645
322,71032309
298,43444463
279,14683321
305,38387672
319,02718761
300,93024382
274,42332178
325,28183687
318,04606614
293,96034459
295,52242736
291,85556973
282,73923435
332,96440929
282,03579138
339,60647726
322,59176466
315,63578841
311,19687321
299,22494338
313,81272990
290,27486532
338,92453488
285,69933176
250,56476062
301,53759178
337,44884692
280,60363055
335,87116661
345,85124350
289,64697273
285,10592757
324,00439428
314,30737494
316,23846638
345,23275733
338,04075241
268,02153949
300,74639443
278,06285701
271,92651705
297,32401112
297,13688793
301,59813646
321,05370665
299,39124551
286,01367160
315,28331922
283,12710269
333,02802459
305,55274098
289,45827938
327,37264372
262,57300739
276,60500771
302,21935595
316,42077873
258,46909295
299,76665056
264,94825725
281,15579108
310,87482163
331,15654776
291,38881857
310,91965668
267,51026096
275,75268018
319,34012480
310,49847766
302,52642464
309,23696771
346,83364206
312,51938555
267,45039637
296,56349294
311,82690609
306,90240678
278,54219983
247,40449448
286,86470698
278,63416386
316,17140470
289,91040112
273,78349671
314,00899612
290,60225574
298,38326879
290,25975689
299,01462631
298,33575585
267,99585724
304,69324511
332,91980043
281,21718928
312,42380644
303,38127038
303,16023918
280,76626503
305,50565854
272,78859191
285,53961886
308,84590369
304,68735099
352,20961243
291,16381613
315,85746416
287,86763874
329,57664538
280,24592668
304,34624722
328,53916690
301,93006595
321,39560064
292,20597373
309,71200197
298,60403249
295,26125592
307,87021701
285,98922737
267,49753458
321,16372233
283,40227950
285,86046149
277,91494252
295,24020703
288,52410468
346,05346650
331,27774843
294,45938291
341,83149142
295,93310896
299,16793814
282,47207642
322,55979671
278,25456729
296,43704809
273,89117053
281,08584462
292,65175654
294,23262919
293,09079077
306,50799764
321,65509076
312,55099289
345,06838697
321,49613644
301,42123451
312,57957003
336,07413052
275,56981184
303,07252114
307,16994670
276,31158521
270,97022706
323,33774171
294,04300957
327,99965684
308,45396684
292,18564906
275,82581336
302,09676113
283,87367657
321,38895427
310,32778975
272,89798170
330,58638882
313,78710302
307,91725208
257,66304328
292,52236937
273,61788695
301,86338340
301,54479134
267,22828004
324,98337004
317,79308348
265,71451884
307,80356160
304,69146480
325,09756846
298,49245084
297,42981127
272,44326176
301,30079985
287,40949234
320,22523510
263,77516473
323,98857945
339,33394171
297,01893861
293,76538236
313,49172401
334,55988208
309,06919349
314,77573944
320,44168881
306,66964122
321,86403360
290,97146195
312,17158139
278,30756531
326,72959114
318,52401180
267,31643112
325,80151398
306,53155990
318,46583424
322,83625090
304,48063355
349,71402826
315,59562441
317,84985014
295,70982394
338,28848487
315,36225489
316,79290696
265,52821266
281,83294507
323,39162612
278,40615087
312,86459103
270,19719341
287,45357753
302,10249131
313,18360569
269,47677632
294,99129145
310,31561121
289,92128023
310,46295672
284,10544777
285,70915703
288,84056716
323,40932370
288,44177811
299,35040452
268,90679501
273,90983530
289,14821467
281,87942466
318,04354713
298,14365860
269,24859566
307,00229972
295,43002175
299,72990984
273,54099778
329,13722461
264,95236633
296,68711594
268,39196446
249,02678475
305,33225032
311,93511533
287,02850392
324,54901817
322,46960528
344,65956484
296,05885489
303,82328638
322,65555737
306,01174460
280,04715453
339,37991184
256,07015592
253,39322101
262,69262141
275,59472263
287,38794894
306,82013097
329,78411675
334,89399011
322,96607603
327,57936230
312,83775529
304,35557793
358,03650407
246,02655255
343,58665607
265,99229117
297,21176457
256,70308972
330,21670651
276,95608416
266,23649272
286,30733970
277,08909820
273,24660077
266,16220712
258,20197109
312,46454170
318,26452970
313,34268509
310,00043069
288,98381151
312,31605109
268,40031533
305,01365408
296,43659086
344,50528672
298,44666510
319,90916934
300,09024284
292,63864604
294,50872406
291,36814168
302,96117889
311,99452835
291,33866737
314,65349046
264,26561330
234,40717874
279,82874547
288,16385481
308,51559046
285,60123633
279,61307111
326,12671130
310,13190475
303,32130376
294,30586665
258,11121140
283,85015321
281,44951960
271,81285471
344,10013892
308,52413798
338,35777033
285,50936466
293,56151017
278,87687865
291,83840196
326,60203137
278,72233251
299,14210432
299,40938022
280,12728683
318,57150179
314,29835385
280,30847680
285,53949567
283,34849458
242,62917106
305,14525679
299,42404873
270,55368927
315,45896907
304,08755296
300,68333678
336,81491793
282,20434704
316,05583630
317,15473210
313,36906868
281,11393527
292,03443310
309,01531800
330,52746495
271,54672846
321,98737668
298,53529544
301,12975250
284,31021210
332,40752011
246,27291162
298,58336034
315,77652394
287,36127911
318,18497191
315,04410639
343,41219845
289,12488712
310,39193380
313,83694563
308,88697399
316,75194062
287,08624826
278,42953104
267,53812324
295,92648644
281,63733227
300,12250628
289,16514936
285,52021529
259,34946095
289,52845374
254,98965561
330,92204718
306,38059742
296,67832574
269,85462152
298,48524059
317,79341458
314,83618473
299,40654815
299,74389024
249,68065414
314,67537943
298,00587410
264,91874456
302,78140929
294,24004959
319,91163479
273,03526447
300,09149975
291,67169391
244,05767370
288,70364813
326,60338094
322,81574314
309,65425779
331,26435672
329,28321277
276,28939485
306,59215373
310,57914302
302,36852130
307,36062160
312,35434320
346,60146873
325,66280843
293,03194209
334,76397814
269,05732385
286,01753831
311,98699556
326,22714799
341,66402970
309,32045749
312,54595879
306,86078237
309,42088519
267,63578694
288,06779092
320,28842743
308,56708700
287,11336925
304,00849558
277,64761401
335,76988101
288,60576895
289,02705789
271,74077695
303,58174767
255,60177903
322,62199521
312,47251731
283,57748637
283,50035665
319,70175036
300,21865166
318,61480857
271,23057196
293,13770473
303,20876300
266,32062079
286,48784611
323,95728386
263,11005317
302,06830743
304,29766838
293,25089388
313,53291862
303,23144352
292,16518036
338,07294466
305,38237173
275,25729763
295,39976751
307,73944469
284,38897010
255,19527751
357,17682736
318,67971934
298,13504627
324,46361675
292,56772023
272,35139773
288,12525042
313,33587742
257,55541142
286,90185822
301,14193267
266,49661609
273,45636899
272,26030801
325,98849951
282,78087243
318,30525420
302,83640982
287,76472982
277,18988871
296,43469191
293,56476815
349,32129868
313,96639561
334,25866737
311,74977156
336,05934322
296,18749389
304,57167635
309,24093857
282,22062200
306,74373693
273,39637454
275,90437392
322,46757033
311,79236268
334,63422869
313,07112882
276,03840423
314,67057308
248,75549945
274,77991569
302,83338060
294,53804403
306,11361786
295,66302936
270,55640095
273,46358642
339,83138597
325,39217372
308,31755499
257,15311342
335,45054095
305,89154926
317,43239226
312,33488552
275,91916887
330,04830294
334,35046402
283,43231433
333,53664506
286,65309174
282,56425478
310,20916170
315,47887019
285,46726184
311,78826746
290,16023634
283,07762172
312,29820958
276,74941765
334,31673821
288,60151563
283,78850027
347,25027403
285,58529696
308,65446946
299,81047752
350,93528175
295,86731394
282,41033014
350,06451516
281,62757512
285,10628083
305,92121385
312,41288429
304,41656576
264,83734654
300,40259503
276,85906020
282,12124038
337,12375335
298,03477513
309,41880470
278,22646305
315,51981099
342,03744094
251,51605050
293,27543620
292,29906887
281,85108185
288,40288246
325,69214645
253,95024913
268,47590275
300,23334496
313,70088213
294,70038158
306,45509250
278,54284452
264,33203741
336,14096607
274,04622926
298,55579617
305,00511429
309,77622812
289,15898019
270,85121772
280,95129195
328,16280577
246,43975792
265,06852071
277,55203071
255,62327136
312,00376072
268,16549804
279,94574587
301,65872594
359,77505371
337,42731997
283,40416137
329,69573871
334,96073259
309,85181132
289,08393055
245,99229002
352,42083186
310,05440774
268,89741055
282,93606844
257,89382638
304,25765504
295,33597450
282,83139016
306,14147799
307,87693859
317,36866744
319,96742704
337,32658794
297,48688649
299,92956698
255,72033688
348,08301436
303,65090846
260,60331368
268,09133570
343,93553303
313,66984948
285,66023381
264,46928083
269,47645364
250,01299454
321,11911114
278,34409072
332,76988725
286,74997714
318,24266141
332,13498939
325,67173359
265,00406143
309,36665418
299,08075678
316,51447083
309,99916145
305,55875089
311,59092772
304,21825068
311,63625132
309,83740078
303,21082337
246,41721035
331,32407952
303,35546867
309,75115115
303,53299798
234,58197579
290,79037021
242,89316252
303,93200519
341,92884867
287,51414877
324,66303193
291,02933011
289,29866958
313,75540124
292,90958933
329,17330697
296,09823430
314,40241710
350,91633749
274,80877330
334,16535041
323,96908560
312,44014973
296,99386163
310,36363935
297,39177517
299,66608498
294,74178508
299,05187354
338,72194242
315,47270289
315,05555456
260,42494313
259,15484746
344,19851383
317,22284592
320,17403540
292,50683714
301,44685150
323,51700056
285,73671366
260,70218533
300,73131436
328,92090063
285,12825818
292,66322034
323,36029294
311,79646109
296,53633867
298,98235618
324,63076222
339,12919368
290,57716863
274,79240416
291,08892093
277,21885323
311,00415862
292,47351992
298,47757951
323,62865730
278,65494663
316,80795002
280,32351119
283,81421341
274,64299954
288,12301055
300,97725058
276,53908062
310,30749905
303,02349311
313,92215245
311,16442127
331,13495938
290,91132965
293,58377437
287,99544942
285,26120560
312,64245563
327,09958445
333,09326870
311,10609186
294,24602515
290,18981128
297,25417071
291,95113758
334,03709855
308,92437760
326,50381081
289,60631320
308,91590147
312,59742014
269,53306075
290,88209248
282,92939542
298,21754703
301,97616176
276,66503174
318,05702930
270,73483676
253,01468360
330,92924356
298,21199088
326,03263804
273,65491518
307,62661257
340,88465248
322,20588569
287,94461840
286,83848230
304,71317391
326,80146661
318,25881867
325,54350023
295,79707609
262,91404831
338,62608389
286,40728135
272,40502377
317,54288270
304,44592258
287,27842257
298,70139183
310,35693297
288,47026481
302,63151772
274,79885941
284,58857525
273,51478329
276,20653587
303,24449106
262,57756656
303,82267085
266,55236016
282,10103826
303,68122402
319,25217696
301,15249475
336,87622289
292,38542757
287,32884931
272,70092570
315,48276654
264,50230350
292,34136653
307,81312687
283,02522961
324,81826801
293,20844957
303,54468221
282,92720788
321,00351582
291,97252275
359,02863401
324,18754968
292,70993144
305,94333257
326,32614453
309,16672661
282,55492537
326,17430665
303,25830866
286,90563545
300,88629609
285,69167549
320,67187530
323,54316462
314,97063752
292,92370103
306,23293190
285,63378137
300,44407341
318,47177987
305,87935435
282,67177522
324,89595869
319,60059918
310,68316217
259,99661877
301,24998729
309,80659940
294,22021396
292,42696196
317,40885735
332,31731997
312,50414694
253,92519453
252,88276663
306,78412087
298,77530079
308,76647749
313,25462021
311,63749745
261,03950184
312,31626094
304,28600019
273,27449674
331,57259282
329,51351355
326,82834439
280,71502293
333,82624853
318,37811204
252,02456396
294,32847886
310,99435427
316,09882037
340,02018035
315,73450706
329,91997165
299,69230531
280,04234504
290,97214169
302,93846482
305,34496419
276,38659782
316,53954205
289,03741449
302,88911385
289,45514737
329,26674848
292,18760753
253,63358598
294,19564345
290,67308614
335,00511460
337,87089518
291,12805148
309,36911196
330,32153907
283,12922158
353,92178659
271,87417472
290,11396575
293,37482856
301,34336461
336,96137845
298,60380497
322,51473760
291,33542315
298,67241882
296,17769973
346,10807167
277,37631509
279,81795644
291,53510382
307,76124332
308,37567113
336,73198152
332,99060667
323,60263332
285,07267393
304,77743573
286,15259445
322,13096351
263,55825905
292,32647726
322,72133925
287,15338560
299,92839140
284,27274310
282,26047827
301,99414999
309,45143815
316,32400499
321,09110903
272,17063567
338,43658722
272,94100069
313,09422533
337,00131250
311,33972021
287,27946694
286,56395169
323,75285382
320,51530390
268,95996297
329,83158383
334,45273627
241,96869330
296,63790720
299,70865138
255,15437905
311,45380062
289,47535446
312,05396767
311,74884602
309,04903319
321,68585207
285,75901375
248,96679099
263,19243583
259,45057392
290,81302861
312,07563999
292,15688713
330,39047796
286,72759797
295,60821881
275,59227078
356,98711164
287,49504345
301,18307127
286,84695497
270,22044197
315,21167100
280,10879636
276,18915542
298,69322191
284,09557925
299,52969206
306,49967657
329,35895889
283,73284787
307,99621388
272,63521774
294,94140635
301,56177601
309,19981008
258,55538525
267,54583178
267,30407225
304,81096752
320,13829954
313,18860254
340,80599179
319,34717143
298,41453856
262,28461560
311,61656316
283,84903075
303,42325866
301,99748031
310,66890367
287,45367223
339,79164936
255,03649040
271,10582277
307,19456831
270,91938195
281,20156579
292,75173881
285,17263422
274,05096423
295,32012913
302,66311801
309,45238006
249,11856617
260,89668554
291,74769966
305,94358784
301,26371629
256,07706214
341,36210031
271,25584307
338,47180565
299,33327509
282,72510684
296,21377145
301,75693388
299,67979316
284,62981319
278,67743236
256,25379303
304,02629870
300,18107408
290,24753685
311,08127323
293,50991357
276,86520971
294,63361812
310,80136382
308,30878385
275,85783647
307,20545172
311,48010594
277,09397316
290,41545451
299,25521977
329,26634334
307,06025263
327,57715051
305,84733264
319,47176069
314,45811644
294,33474961
274,95841651
302,02175990
285,69656077
250,95646530
299,16427393
302,50518354
319,41011711
296,42686242
306,55335477
320,67122470
275,00369453
320,40190486
307,45520767
317,32311231
301,99654267
298,49838206
259,89862547
291,84733285
282,30494146
305,16901535
290,18368123
284,79551597
299,97499375
309,08813493
324,37487905
270,85672353
254,10441285
302,64415463
280,51106099
313,11425771
321,43219647
281,95857132
279,67159811
296,77381693
298,02563786
334,15680472
264,67773277
317,89503818
334,10239467
319,00319233
291,43361788
317,42252741
310,09220244
295,38620332
317,16021176
256,88536613
300,32517707
347,67577144
332,25189042
292,72105634
242,94616361
318,56717089
314,28398281
309,27721437
313,75905544
289,85515206
318,56892089
308,21724057
301,86174536
307,10305737
303,93285426
330,19691801
341,23974990
341,63799643
330,76755569
335,27171862
271,35170006
280,77300957
290,41359522
351,31615414
317,46963634
314,80599894
300,19289388
342,80311299
311,91068425
323,66429068
317,06511600
371,69364011
299,90582481
304,28203142
310,83034216
289,18272336
280,44857212
294,97369426
346,59817243
317,75492747
270,96039102
310,00280372
285,63185310
300,85001885
251,63894283
336,14141377
299,78041323
328,71211554
277,18174749
345,61076123
263,86003487
307,53952938
267,33244843
329,76957820
296,78646200
303,25239809
319,93035874
334,09657158
333,05374033
299,48942910
306,93714951
310,00728255
293,55270653
292,36595013
321,92760575
331,97854353
307,05109232
335,03459612
339,22756051
301,04325021
296,09033845
316,37540117
299,13272559
298,54962077
266,18495408
288,21629599
333,14059824
295,68099457
322,08273428
249,64138480
300,88454422
284,79758560
305,08220551
334,72869766
291,82934795
275,68364700
297,63466830
318,07450111
289,94565289
312,57182424
295,60370318
320,18862519
270,40967745
313,22926891
282,23282447
335,78503707
274,39427035
254,83819458
287,23536910
338,53499116
339,66182203
277,74294539
289,90759227
302,45959734
284,59510989
323,70102361
314,21069747
320,16082768
301,92727518
327,66493016
247,69494835
339,13416322
314,62837008
261,44048589
304,73600009
310,35707085
314,55676375
284,82455059
293,30907578
320,67539294
288,69945402
298,56557838
286,39327784
284,52902612
344,73862806
304,99061123
306,39814517
306,69503287
331,55660960
296,79438307
285,83024535
242,32915837
322,62503623
319,53899361
278,39153681
263,60091661
341,92165403
314,87850111
247,02064759
266,69235641
262,46236137
293,15960638
310,35773095
264,79470651
308,58437549
299,82075831
309,27853524
259,78307286
287,35131503
300,98001435
332,42152479
325,27479865
242,01694358
336,95988027
267,11567460
251,67779594
290,76300743
353,35590136
267,47852413
305,65156325
324,11876135
290,42390751
298,87190209
302,59763895
304,90065808
320,40435538
301,93828977
296,79624122
313,14541084
318,63473603
304,06285421
355,89103179
318,81119441
252,40213408
283,15824366
275,22551492
279,44825630
304,32956753
292,60607727
270,51523269
297,12791864
301,32507067
303,03328614
284,47101438
295,82461622
253,62625556
310,18179304
365,55848543
288,89073183
284,47397044
317,34155873
307,11108111
312,55575525
316,25921474
314,11947851
261,64901296
319,51988255
323,49961061
287,67708570
288,84801199
312,40238064
299,22070006
339,99183156
287,12287648
300,45581276
310,72790557
319,10539990
289,23674024
263,45714426
300,84797489
310,64268793
290,50867317
268,19060065
243,19725850
301,90798654
280,13493092
328,59907900
278,68649227
341,78288374
317,70942548
291,69697498
245,42810586
287,30812221
313,81231330
318,59612325
314,70449810
288,04621953
306,70882879
305,62611986
293,56013421
305,56060440
289,31227191
315,69797593
304,37544568
287,32982141
338,09882214
312,97112918
314,08980668
318,06950312
340,00520580
272,48640219
229,76820215
340,60223858
298,03499923
278,14506882
280,95591877
315,02239165
307,88478287
305,85911850
288,73811973
328,84775699
300,04932164
298,81403091
303,40590546
316,36774043
286,93940855
322,72229670
299,01245446
300,49688753
285,86525320
342,87483515
311,03269773
290,24250531
341,47012563
320,06606162
293,45631344
286,64526899
293,23992360
295,60580130
297,91487624
270,68230567
309,35162219
368,90373611
316,64684510
301,58842328
325,88967430
345,07453675
280,55037887
285,23134256
254,87509806
309,95844241
301,89137166
351,02214339
344,75134799
284,10109606
301,34939056
276,43349304
292,04450975
302,12886679
282,32116738
286,54915224
227,77426995
305,72369231
296,52383989
328,39587168
303,17649148
303,48387389
313,23298373
304,78919441
282,02142142
274,54162225
288,44437242
319,98492701
344,49408935
281,78614481
334,19190345
321,16186236
273,57749937
299,81838435
302,45373135
322,27439066
297,02146495
270,76182502
286,78533962
328,98330639
290,99657395
276,72087995
279,76937114
352,12140470
317,95344524
341,85312865
290,25362357
328,42246273
295,88370955
294,13524203
356,59221370
352,93089330
310,27414202
300,39118299
270,85071817
290,40025522
286,71737545
289,29968364
287,08639243
256,94670903
318,19263331
316,27860805
318,28430346
294,03824956
322,59164590
272,03390279
265,14826112
302,35770815
257,91202692
295,04164192
313,22833381
304,17190179
297,92401645
332,72999059
307,59128487
330,82112823
318,20269169
320,80253663
284,71351511
301,34137492
359,21680215
358,90001122
299,54757105
297,63358639
276,63629483
301,47716551
309,00059355
299,00936502
316,85420601
307,40840688
314,89022198
287,76536899
338,73542347
257,01163631
309,19917213
291,87711849
288,96353963
295,09621785
308,62631380
297,32388298
298,59102295
309,88867923
287,04039166
281,71421182
304,64478070
295,26903787
280,33857560
283,25474560
263,87038969
303,15653227
283,00559829
333,74954661
293,30749980
298,81495082
314,87390715
277,38558513
294,39350089
338,47907557
313,09903452
280,12099020
321,81692370
274,61140895
247,89484789
309,96230195
330,39876508
272,57938998
283,58634148
308,19118853
271,04942552
287,08972794
279,45060118
291,47920110
311,17986363
297,99859222
269,97888467
260,82595075
287,47971060
286,33427427
328,47996920
294,48073580
286,61678040
303,48487968
304,42049367
277,42235999
329,08091142
313,52155563
316,26672661
319,94340977
266,98077281
325,41784921
272,19369559
305,95071696
283,46929987
359,17819344
331,64630294
320,94433960
297,51008736
281,66172584
324,14588942
321,79650796
305,23712863
293,09281902
324,26382805
293,35697465
293,56128684
307,22257059
279,26153248
284,37590377
309,80233261
281,82212749
271,26179968
293,38836544
295,18912116
308,50226743
291,93191100
319,16437809
305,36583451
357,41578804
259,48412478
306,50070278
261,75718964
285,96412065
335,32859945
260,63849200
304,36786449
264,43033158
318,91317174
310,62226214
309,13039611
314,93794359
301,99728808
293,99774358
290,38865611
300,59766883
285,41494196
307,17017736
303,64248871
332,85154734
293,81625659
319,32979591
269,43146609
278,70743552
280,97305625
314,80474986
300,30325723
286,97828206
291,80026072
263,27425571
269,77588722
309,05268488
305,15708781
282,47692482
293,30941152
311,68676470
336,91005001
346,71223237
278,22542319
308,16410003
284,31471349
277,05621084
307,75516065
274,83360967
289,16189336
300,83489418
286,55808992
335,14327011
281,83135148
257,63582920
293,61559450
277,35979659
291,19638344
334,79204470
318,87810797
328,06568962
318,34086466
309,70701097
290,28689649
340,46061279
284,05503973
263,17683070
279,90244254
342,85612692
342,21356734
315,78896618
342,78440438
274,37021544
294,81748055
319,19024434
332,79611203
243,53800571
328,25875950
257,51228933
299,06160296
323,52864230
309,42288018
330,00976420
302,49547070
286,41901468
260,94136100
332,55023288
299,04194599
348,61570524
320,53283273
279,07667063
315,21905761
289,56787213
332,75899267
332,98678258
268,89600541
321,94326231
300,06845033
308,79891364
293,70232046
328,17887749
286,89264752
301,77552412
276,04704614
315,04109933
301,40737351
261,58750383
300,02483148
322,68744672
267,68622499
293,91589671
327,68919674
263,52741954
272,47365372
283,09910092
307,69534176
304,51995935
304,29513412
270,71057395
313,53889621
337,71839600
294,11592681
324,76833481
293,69585121
292,23815965
268,48359362
325,70133513
323,23650718
301,33291148
313,15130169
328,78207043
293,47914172
270,09901945
313,75926981
297,81756704
326,86628354
303,74732322
321,72286039
321,55238511
329,91276438
248,53337237
276,27588703
280,12440316
341,57675391
279,92579754
321,04376187
266,09754995
303,01322990
305,79993350
310,22811508
272,94134327
320,62346885
311,54524774
273,11639372
291,23786656
265,28764734
276,13246940
275,07132090
295,83479126
307,96840675
295,40569283
302,05016029
315,56144683
306,82537071
344,52537656
277,69586244
324,82300316
271,00021677
328,55175675
334,59727928
323,74312160
300,84298572
293,14095428
272,56972956
349,03770594
306,56744940
301,07352453
327,94247431
305,31996505
318,08407417
343,47691661
293,47113467
274,80811313
275,95195538
292,37662837
301,75286663
278,55491144
262,27057026
302,86353285
316,39248852
267,34360698
339,11589990
320,30971358
263,10997687
319,94320663
319,96692442
312,30523282
285,88731153
279,14554812
303,02858400
288,37384308
328,84317854
353,50075669
283,19347152
320,00615044
308,15628694
294,36837175
280,65902541
279,35251974
280,60335190
336,14436756
300,01400255
293,73285718
343,31641885
338,18701286
272,15760719
323,95001477
277,54885012
304,80990374
332,78230687
281,23841191
291,87999917
332,00558976
295,84440205
344,52892311
273,78378258
303,78151953
301,22720278
279,20472358
329,24651923
261,50331891
354,93121624
342,80244231
281,94101528
296,29549464
284,45549745
287,62049755
329,35928504
311,58143460
283,76114102
319,97433977
325,08478404
310,16969799
288,31981274
289,91456895
231,58058193
345,68851606
273,54176352
330,08331469
305,77570343
259,50480467
335,14852983
326,15573482
312,33604102
305,74310169
307,25184090
292,32365897
354,04602056
329,95960782
332,87314110
339,28426698
273,66851121
266,32210606
350,08953737
320,90358180
270,51314002
320,97037790
337,71144450
264,47984907
323,03585213
293,78212172
286,75006139
311,62238660
273,88787485
354,67068192
266,27436688
302,78060314
323,77998556
291,34283858
292,34655926
312,16309017
280,22209404
321,76293255
316,48904475
297,96999204
338,60663410
293,33851464
285,48612846
298,82342377
337,34338603
324,97097202
252,12058757
311,83657798
321,61948954
332,04212607
340,84758786
285,75218736
324,19379782
338,85133173
304,91216265
321,33529200
320,48066473
304,46970346
285,34454553
281,01392474
269,91340886
279,70372507
303,70169186
343,48166228
278,44708438
293,45695238
306,28279752
301,13221572
291,70650440
300,10572145
282,28947382
302,13166956
276,77795797
313,57516130
303,43736636
247,02108641
280,31429298
309,21791791
324,91970701
289,52797937
284,89444825
280,32231993
305,36214576
304,07121729
282,32009951
284,35480854
282,50203670
299,72750455
320,99030007
270,38992398
306,27513319
307,51126493
249,94734901
291,96983258
310,69849100
313,18422885
303,09515619
333,23242546
273,78248129
307,31934563
275,47172670
278,20514960
299,45042228
293,10105478
302,90893845
290,68946630
334,71496217
289,86136648
348,42346427
287,17715383
274,12383439
298,99586762
291,78429368
295,50486001
306,81503929
270,63418356
305,53904304
322,75059591
337,40463818
269,43180680
253,07310099
321,71343220
295,71973070
299,75548389
297,66591687
317,24899150
296,79606335
317,51117884
307,30713672
313,26729979
287,16961340
296,84290442
279,66564745
310,17209856
331,89215541
287,47940133
285,98981650
295,36937401
308,96593671
295,38356099
326,61656458
333,90973049
285,28520002
295,33007360
290,35200161
293,05371632
336,59406932
311,18197104
315,40334665
351,10883288
324,59202150
283,00531069
331,69960856
331,29581707
313,82145534
247,32645755
258,76469636
309,81109571
305,11569819
272,22770858
308,56843581
261,04304481
291,43829953
311,58519729
312,94867261
286,86034492
312,03853625
316,74537294
289,65112325
275,27905848
295,22504548
296,92754829
309,14678122
355,16789743
295,84911633
257,64936294
338,48895050
322,02787032
316,80762666
286,92037020
298,20676557
292,06868916
317,84333573
257,08533175
307,07560849
299,92311478
327,95597068
284,87884030
335,39551501
313,66704134
310,63028852
291,20233682
314,20752407
312,74059003
306,76478704
303,93704708
337,50658707
304,49933671
280,75285711
291,44125349
298,66849426
326,28193982
310,15762432
287,37633117
315,28400475
278,41274836
312,06005616
285,71546563
312,72693960
320,75958204
322,03526521
343,04641348
288,76379053
280,81789721
351,57821898
274,86055634
297,80208097
300,69994392
308,64140633
281,38515096
295,17732129
325,32137756
331,12707725
251,03014253
315,57993675
309,52269689
317,18558180
261,85515854
306,62161112
290,06226053
326,92459517
317,13353094
290,28153858
296,33540165
298,94640275
347,01027664
324,75696586
294,80075395
277,74654189
321,92794634
310,77598743
282,22023574
280,26903423
269,69592095
303,43926836
261,45208668
315,21102874
317,00549577
307,73250838
288,21735163
327,24801513
269,41671145
277,73990405
298,93359413
307,64445979
311,90656800
296,52557824
263,09252308
287,77260859
273,52627376
313,54397608
287,80061614
227,41039885
286,11405261
291,66671756
319,35175380
288,90682232
336,19118114
329,71584599
298,49762010
291,50430239
315,56566611
268,50956816
251,99275168
260,00516838
310,75562884
244,67113545
281,69417336
289,13423308
307,61041116
313,52910127
315,28844551
258,97746937
287,25176352
304,65975205
327,61529291
299,65481802
302,20631761
270,04033609
306,37454726
304,17873461
294,96685014
306,32782121
320,97606308
320,93780189
298,46895568
297,27678462
298,24880667
298,87239096
306,19194561
319,24514354
351,22721747
305,32540854
275,59015557
349,00684928
276,30477527
275,61785316
313,37140137
332,99246418
290,20879641
327,29824496
288,88538508
315,61755911
297,26116423
320,15895517
299,82906337
331,36039061
279,22648184
285,69509220
283,93644963
298,28055252
296,93454948
279,56848119
285,76014229
317,62515148
292,99947796
299,61491604
319,82093339
342,58022129
315,01658660
283,32475079
287,42851578
278,10219425
277,71073017
308,52281877
240,74214905
296,08102810
305,78987980
308,55140972
288,46167881
294,03231182
257,50962698
312,34038937
285,87793630
315,31174298
286,87963182
297,57467227
304,03055825
287,37393584
350,78601801
304,91025118
309,37116441
323,62653841
305,98908473
299,35588943
324,55727543
297,46328092
312,02876597
289,31258610
298,62034042
286,26097656
289,10114964
275,16248413
267,36378420
273,80486643
300,01339471
299,53365921
333,85577281
299,81533690
322,94851852
316,32737758
301,46469845
340,78102453
256,18481285
297,27412031
331,34051941
283,79231081
263,58000449
287,68843938
299,93365725
289,06762445
302,52599797
284,53576796
256,88085308
310,80910188
271,55077726
309,35148452
343,85751874
295,65770062
279,84875501
322,20915767
273,60846380
280,11467860
313,65962074
308,33828569
327,17481208
278,97700263
316,42437708
275,34762881
264,30139094
365,53151481
316,29970641
270,75860861
306,49582948
251,94946396
292,17360406
310,54773552
317,35824686
270,86887379
262,73955939
272,77784780
294,97959948
298,82173053
319,84995691
272,64074724
304,14634044
309,53966760
331,99058609
272,75710911
316,37803976
300,29379269
273,87880111
297,13995676
356,72892390
273,75769298
291,81622025
286,09463412
320,15871208
320,76362141
297,00456634
280,81088623
265,19891016
323,05589940
302,38109208
278,18666077
336,31493253
293,72461673
304,91926033
280,55701605
303,83314797
326,93342045
323,33913953
296,78769119
298,85857332
290,87813026
317,03839607
277,09132920
307,89602346
282,80511897
287,24713983
291,38540666
312,63412614
308,57335448
286,69813736
319,46145991
316,70509555
356,21049711
300,11137620
262,97646614
319,19188997
280,58084209
270,44020800
287,85679593
316,57138277
305,97994189
276,72322275
306,47028340
306,45399577
287,46816234
310,34318796
329,38965803
328,05847419
317,09940437
353,94382090
277,26940368
244,78335679
296,21025182
286,85257129
238,98951418
342,85821530
321,15211802
323,49327269
332,65787312
292,65229005
280,53048030
335,28547966
308,77462275
301,61493300
309,51327083
328,04815716
339,84333397
296,94385588
311,27092966
307,33618432
275,17820174
294,59645190
333,58013680
309,31289632
295,81163292
260,17114914
307,97236092
314,20423175
266,78274117
284,00045436
313,03390552
278,00368850
314,98157126
311,16186723
334,70787582
280,61558998
358,21062766
297,68506840
267,86516656
263,82918031
336,73838331
263,50518203
319,52031613
296,51104767
316,90034735
338,76746326
300,76247023
241,25030377
265,25573927
294,19042798
320,55846823
297,82870505
307,31555767
324,83006023
296,49545514
305,26009606
289,13356569
301,75033544
310,11538228
326,68985997
276,66308721
281,98000496
316,08428983
250,60990484
334,17829658
278,14419466
285,28669596
294,59012518
322,21357726
309,59929847
288,28634618
290,92221153
328,54841029
292,62842394
304,29058910
313,82940617
281,16051851
344,37346872
259,50465161
276,54341826
297,49883785
265,83292317
267,90400925
325,30231933
310,41676039
318,79065729
319,90424525
249,92661255
314,15505606
304,09360349
288,07893430
277,51740312
335,39937945
343,94373863
289,83656358
311,07935166
315,08033267
289,41953284
293,89738584
300,49043843
293,21277750
299,37808829
338,89370080
273,72689423
289,72333008
277,91688698
285,46411134
264,83804823
266,75714504
304,37159323
313,36193982
294,32161679
283,15087160
339,50734960
318,21011946
298,08146075
269,01308103
323,14854026
270,06792426
271,12370360
343,48992099
287,70512198
290,90729047
292,05596656
286,97323955
281,41794459
349,41024813
331,67872500
307,90173216
241,17238290
287,73343510
320,71512921
371,65455978
294,13952825
288,47403031
245,37298080
275,12081985
297,73588384
312,13448329
287,88057736
293,17655506
291,19993600
322,98264141
316,46748491
289,19908843
278,56473184
319,46568819
322,79641753
296,33934665
318,01934312
309,11236373
298,40617479
301,91398903
283,34910028
310,17968758
313,70979734
307,46250057
276,27103963
320,64158066
346,60052168
323,49526766
303,54640679
287,61926160
307,81714731
267,33474707
311,88451212
267,50958142
291,45147154
316,24730407
276,55827959
312,50268731
297,47779436
291,29589219
303,05135289
247,39740913
315,87542622
302,64608538
283,79065684
310,84907637
302,66608464
298,68420968
289,27311089
289,68635905
299,27058004
294,39093456
291,64035622
262,30558313
293,92027951
268,59946680
305,70913351
309,94617980
314,23152949
310,52873923
310,95140749
291,48340854
299,08441527
341,03955729
288,54731465
310,52347326
266,74802807
316,24690250
304,71134858
340,20562216
268,11242600
309,18303645
309,29376675
263,42242481
330,34762128
283,83621742
271,56736738
298,22734011
270,62971636
321,00826858
299,17191421
321,86549117
313,68608007
306,79960414
279,98676324
320,88412743
241,30528902
324,98067779
284,38298759
308,94066841
267,56886592
330,66119511
263,36774240
310,00018719
323,12183823
301,89354923
335,91894949
315,18445748
304,20060467
273,70026217
247,78771873
286,75888243
326,88417259
297,78712847
333,70883290
284,10404870
281,59250412
289,80532819
294,07638959
256,29390072
301,32739675
291,20401796
338,89497727
249,27419478
286,93426943
270,61401272
303,18012544
327,72952421
305,33220133
295,08640003
283,77578199
281,64897877
280,18089913
277,98360788
329,79022593
298,25660567
323,06153406
263,79861252
306,66634946
315,04068157
306,99311343
279,15272995
318,42523534
324,53565873
309,17446486
282,41114250
304,11375751
303,78631303
309,45313900
274,51128391
278,68812771
318,21347360
259,63102575
262,80178518
307,70812033
293,56761009
262,96898425
322,37111565
298,51436350
322,35139251
276,68393303
298,50702268
281,78389620
297,50547804
319,29245167
294,28842913
279,81133156
311,43974375
346,28603285
315,35897487
273,09902930
288,05400378
273,78780992
314,68687623
298,02433817
299,77552217
299,72040146
270,88904791
265,48699876
323,24656477
329,91799247
294,63921997
303,17597530
282,38584655
317,03030454
335,11466968
322,50991231
286,31517777
264,06377168
298,45268881
308,27462713
267,37097296
250,88671795
276,25956434
323,54880079
281,36023544
285,23186609
338,80982922
318,29930738
294,38575042
305,19815889
343,90226870
305,79681869
286,51036569
279,51247853
300,77418951
300,86066675
294,18322088
307,67102742
318,36116486
302,09675290
338,71931162
282,18290103
323,29242689
264,34520623
323,42065256
270,57952379
324,41119103
303,00543324
335,02149628
309,46037303
315,41957871
289,27363803
298,63514737
262,86519975
305,75448346
290,55884396
293,10365510
290,68847027
306,55772699
307,36481848
313,21566016
257,62612852
327,21963361
311,71680731
318,86140260
295,44823408
340,00731004
263,70718534
283,04663128
329,91735751
256,21537621
255,94259755
312,74982434
250,85246671
312,52569297
297,86439584
300,47446531
341,60644370
281,35467366
307,06056398
271,43497483
295,43202799
287,34885486
346,07649990
313,45251218
289,32013521
250,10440826
266,35420051
275,54639455
302,99463249
291,95793918
303,29659736
313,23354386
332,31067111
326,72718359
317,68491202
286,09310682
319,00883470
316,09791245
281,35557144
282,60262145
272,39430450
330,76879228
350,98843841
299,88016234
303,59006527
293,84791776
306,95662233
313,78716033
256,63004607
310,04631561
266,97538037
305,25178423
288,47038705
283,25430949
308,98536692
286,47396089
251,40568344
273,87102538
299,41357169
303,04434712
331,82670948
300,02144913
350,38436437
322,36895098
269,20699900
290,46029828
267,16850005
277,23414138
286,51630153
283,02840295
348,02740650
265,23037173
312,74064274
304,17525129
317,93526234
298,07073548
301,29453660
272,37127789
270,07738403
318,08027342
290,55087231
278,34865942
291,19753569
286,09820185
297,17405318
300,27556230
299,52431637
326,36261239
274,27764596
296,19080310
328,83743860
359,03039701
286,89019667
284,67054011
266,42586136
319,09343748
294,48247681
292,01830077
284,73015492
312,00777050
256,05308211
310,43489812
293,47631331
303,14412721
278,27718015
320,90712295
308,02923475
308,28151719
349,07638641
336,83901560
248,54503175
320,89212045
272,31152044
294,55703943
355,78292247
273,00361907
338,22334305
317,80421239
347,75056575
287,76347754
286,65355956
321,17473083
289,02121659
307,75806886
252,57808261
270,71198230
335,64303143
335,18551009
316,11291288
298,84777569
297,94630577
371,17936113
307,16485405
252,35195967
277,53488215
317,74775411
325,18431733
278,00670637
291,92639048
301,55517200
258,08879139
308,86128719
291,78218733
310,41827365
319,40284605
275,50299531
297,03416291
298,01927936
322,39663215
310,62069313
289,63879851
278,29040028
302,42978811
316,43668825
261,12917523
317,81567254
327,71776005
322,47416823
298,29823246
270,78202184
295,88388036
283,90897909
349,57592447
274,71892903
301,11347846
331,99739670
321,48920283
282,99945611
306,15996147
279,23215725
269,78119936
271,91212137
308,12875491
283,30692074
306,60616200
323,33172390
354,48561933
323,43434604
279,34246387
300,11248686
295,51916529
275,23458090
308,62757131
289,37193249
318,45752371
324,97146042
297,40396455
295,15354860
334,70414272
314,49833373
309,60701793
316,93237329
274,69510273
309,06593386
268,29241422
296,92519405
275,10364160
298,15173104
328,80951130
313,67617114
311,38316662
325,88868610
272,50940817
298,37544239
275,55793675
287,79482001
330,10602764
291,81701201
308,00440184
299,09475722
286,31179075
289,04505015
268,53529950
302,65139511
314,86152832
307,71968654
300,23713633
282,43397704
309,75781411
299,62414831
354,02129743
300,23428812
304,53039409
329,77993513
306,47711060
318,26868416
303,64239102
296,69013084
305,20669821
290,78465955
290,26379510
281,81128955
290,45436472
297,74842063
278,85161933
321,13490296
310,47759556
310,82662098
287,37537867
284,64766969
289,39720614
321,73869734
318,47552147
274,21749166
252,76965444
302,99774205
318,62332052
286,56387639
279,30565462
329,79276339
337,00424400
317,45101878
276,00286403
280,91036348
321,98169897
322,40131573
305,13097649
306,85314167
315,34091479
297,74906122
280,69689745
326,95092203
293,29226473
317,59794432
330,56080103
332,76391314
293,86564142
248,50398872
301,90245944
328,18400367
288,19763028
299,70868774
295,61711278
304,46682296
268,91895567
331,19061083
319,81419846
321,70866417
248,81792494
310,49137207
287,02853707
273,81066779
262,70654987
323,67784946
282,89125351
321,43822893
314,62905140
282,84999496
265,80946672
335,30359693
264,01012618
304,82789355
330,70107958
248,86504791
313,64237108
307,73682138
315,91948312
282,26874697
307,25465518
329,35511276
278,08975890
320,02641133
314,93596500
276,46772603
263,67889019
295,51780525
291,89297748
282,24534122
301,63405215
308,69611360
315,68316171
301,62164968
333,02427993
298,13802067
293,27184022
292,36202942
344,30672406
270,33850281
303,28504424
288,95079780
285,12520965
273,81094515
323,77846565
336,96040484
303,75361571
288,16839247
346,54328101
305,49854663
255,47804434
300,02377373
248,60641685
315,21849504
332,91115516
335,59011007
327,74582354
318,15484278
291,63706369
284,93096745
316,58874819
311,54056960
278,71476792
329,53104705
324,06805676
310,16356396
320,83100801
330,55266930
283,36963443
292,87525702
297,86651786
314,32631845
281,84125562
313,76690994
317,45107368
296,92717587
325,87001856
303,21891228
290,39384341
353,27743045
305,73257239
293,52873354
281,06304518
305,00495052
273,95432817
283,16599132
299,00139483
348,93396958
273,27356078
329,67104420
326,04285752
278,59901769
243,45558789
289,34206161
301,22782032
341,28486859
293,04450334
352,43808893
287,68753690
300,57996793
291,18477095
271,21809507
261,54426450
300,61312989
310,95185070
292,43688544
289,99437372
323,56213108
293,04937979
340,83925735
313,92808350
268,45362263
268,65320153
283,30659682
253,55814671
329,56693512
301,84460860
316,66416254
293,07365160
338,30809776
318,26128748
275,23751926
333,91198903
279,96602999
309,26801325
290,29766980
278,88217380
320,15836237
339,38342933
303,34908173
295,82507472
253,49581248
276,01874305
326,24995129
305,84277361
314,75081851
333,76338987
310,70820587
291,25840009
309,85858523
322,19925632
272,82838726
285,92603646
306,08037180
322,92466418
325,30499192
300,40789582
293,83453547
301,41636279
341,54993691
303,48297303
252,22372249
317,87887387
263,36356198
263,72403379
318,04229936
321,56916438
353,35475478
310,26232593
315,17171051
337,08121852
325,12742492
305,42067370
264,15644643
294,61425662
318,08463036
296,58909516
296,71580473
320,07832968
289,10639987
280,80592332
332,20659993
270,52485652
289,57023060
278,59058911
288,20812411
311,30984925
345,15629789
326,64462753
256,19918120
287,20179524
306,16541455
300,23963198
315,87503593
282,19862568
253,55336263
333,91614114
313,31555222
278,11534955
289,35776107
299,75460898
351,30129864
318,01817057
263,97467386
277,57605759
272,52012377
332,26368526
314,18078013
328,88697241
288,99632394
338,38261670
278,53622144
252,97096677
305,09731746
341,48216109
290,26116887
333,75780827
272,67580963
270,91491227
264,19229273
299,84446171
319,36534871
358,09136021
284,26809378
302,11310865
284,88039274
311,62039042
304,43916676
330,59359016
285,65637944
300,18050934
309,12046551
312,08389295
338,50013776
296,74313736
255,06146189
306,31842605
300,78747879
304,21634943
252,98039597
279,75751221
288,10887591
265,19105747
259,65228373
296,31513464
321,22353894
270,00986837
329,43358424
261,16697461
311,26325784
283,42931571
314,49977435
286,50099774
351,71069562
317,95837381
304,76593784
352,24312613
318,89082126
246,11234333
317,75162993
321,15283773
319,94540108
264,06668690
318,25404251
305,16832071
325,83886060
274,56752722
286,16734158
309,93269286
306,66048982
299,76691325
288,09506665
270,03166550
280,42036383
336,72064700
302,42584644
294,35086547
247,09825771
325,93405656
305,97017728
314,21252531
307,19057254
323,49746468
254,90744455
290,16685712
338,86191666
313,75585792
325,62908764
309,12182988
341,92228262
276,60620690
268,65507150
320,99929607
289,59210007
327,42507895
299,41112850
322,20099482
283,50388481
332,26191943
289,07533096
339,19733930
260,62313258
288,27474274
240,35968785
250,88424023
300,59340142
289,32650987
305,33703655
288,03878848
255,22961723
300,77952377
313,23082320
299,12258373
292,41181227
269,60752272
314,92221886
263,19873624
316,28677391
294,07234900
341,25505749
277,09100543
274,10345930
291,77513553
275,74722385
303,10081139
295,00978799
338,75462841
348,46886016
312,80121399
276,95230422
287,72670110
308,77233616
283,70683654
329,61952519
262,70015119
258,39072621
324,76175905
273,18055994
272,07571985
314,75709148
308,70440429
335,62606274
291,65105799
343,65460089
282,09329463
295,40725700
341,58006088
294,02417210
252,17945197
337,82626136
278,17032439
300,18254556
311,22952107
280,71798309
313,57144725
321,54809192
294,48346294
268,95261778
275,25550541
241,24879870
307,55922461
317,99185244
275,87830988
292,56806822
305,37611465
341,53349079
339,40907393
279,89283907
317,59152405
269,08597973
325,31887477
284,71407826
339,99721466
285,10765184
339,11730792
277,46761869
284,79338371
340,92240412
271,92545203
293,56559323
326,80755806
353,20422658
315,39413604
280,95839717
281,91815517
316,30086666
315,83092373
277,55759384
290,47061914
340,39103989
270,02965849
309,40756879
271,93083680
298,67822082
253,09889128
260,82227639
295,27507648
252,05746268
285,20555886
342,46392333
304,01696620
304,37881684
332,48702000
289,05474664
325,73290108
285,40634478
336,20216979
294,99655522
328,76887689
282,43545177
338,88522034
321,94837714
286,52528217
308,58069080
282,46166109
305,87646104
299,56755690
275,23899516
291,34084639
320,53167352
275,92250665
317,73334046
297,76217856
313,33768963
279,31893521
289,60636910
286,98487867
268,03144753
312,54454958
278,58965965
325,80941624
341,46093413
304,46478840
316,26361685
321,63826526
274,01058626
265,72588704
301,97517777
360,26394894
300,94307935
281,64433031
308,81842052
331,76643985
287,41060750
261,73813664
291,87641072
313,96938492
296,00538192
312,91580089
291,43006149
342,19038125
320,87089757
313,93873636
304,44232488
293,96281885
301,36394464
326,12608099
332,44112508
287,09941951
271,50655618
287,17621275
299,57645028
299,41913773
342,06217130
295,59894541
299,47357958
297,77464456
291,93806582
310,16096696
313,10554059
287,42763766
321,65654610
286,80837586
263,06778563
309,51113009
276,39630428
289,90679061
286,64609457
329,61585640
352,17587981
311,12600515
293,72863229
313,17164016
302,10355836
263,70062336
313,01005763
321,00316324
293,71229408
325,88368485
316,33878655
347,71195381
322,09085330
322,58724530
260,66388685
324,83010505
318,30001361
307,06024961
304,36162023
305,43224770
271,12694975
361,07388574
283,91758689
285,25687863
296,49849659
349,04432979
272,64429892
275,59709297
348,13582851
282,58402751
272,52552213
321,86169835
270,22180997
266,82991632
274,48405311
339,01564109
295,78913428
309,01887658
285,34583287
289,42330932
329,01985910
289,29488372
274,90118117
310,75829391
329,70870118
273,75699639
284,00734465
296,10704527
298,94568160
328,82564037
294,35444823
301,15943548
267,87034424
303,24316508
301,77863389
274,81500601
262,61743554
275,84922671
319,19096074
311,69790057
338,17203838
305,19283042
263,03875592
322,80341832
310,23698951
307,65921455
286,75955562
301,65251075
279,85784258
271,53938999
311,26639732
295,13353042
263,90334151
286,15896927
316,46054998
324,96070191
245,56281072
333,67536938
345,05440961
300,65118735
301,78171465
302,98917051
291,85891579
314,70477723
263,04363540
305,60006768
292,60995742
351,56563540
301,68369675
332,64360701
302,09080554
317,08956777
280,95746180
289,06865680
325,94356313
273,20539249
332,32837832
295,80356513
299,16200243
270,71288716
291,80141453
291,26308309
332,59347589
248,93663313
303,20834689
321,33685105
294,46105172
334,13689469
313,10583409
316,88590923
264,88262779
327,06994384
302,92631504
302,52932684
265,66727322
293,08232535
265,99499119
277,72863481
299,83818969
331,18676771
312,72139819
301,58597516
257,34866460
278,54047731
245,39111472
270,41368180
289,42651152
307,99340077
306,62396279
310,37256090
271,38612758
321,77691715
287,63050373
300,18301099
295,39247119
262,85929996
316,91209540
259,74533257
251,95186378
289,33794450
327,26202142
304,26023763
309,94862709
294,52104882
311,27211203
285,61649958
294,19431336
319,70271202
284,34945547
322,36438648
299,13542368
369,83588396
307,31411027
276,08766479
251,76753318
258,36265907
314,51758531
298,64908642
357,32800249
313,76807081
248,57582025
318,80180448
303,24672910
305,90865422
303,80700905
308,98882134
291,27876624
287,45802973
296,36616147
315,59874064
258,75583596
298,12366747
326,86174847
351,37089871
318,41567690
294,05419456
312,41313614
258,65781077
289,12281694
291,39643003
280,10258660
257,27249224
320,08816654
285,88171268
296,09505884
316,99344595
265,14920698
306,42890211
295,28819588
269,12852701
330,43833388
278,89373229
310,33574523
291,37241174
320,16163580
278,41974805
270,01999243
267,92031696
303,92764654
322,66437222
263,69475495
290,49427200
263,52251983
308,64909892
302,98703471
295,30929722
337,71543829
301,22276940
287,74041185
277,86197786
259,44998390
302,58974656
312,63293182
342,07067283
278,54429321
265,43985691
324,43744281
318,08369455
315,27741355
314,89926483
292,76402211
256,59352259
335,73103066
311,21774138
330,60411157
329,37555514
297,69103658
322,25277440
322,04569101
309,49189724
306,33014766
309,09098417
303,80057686
259,06608542
315,57033559
294,90602559
244,83167032
298,80787428
307,46034469
260,45234110
289,87065037
298,38666533
299,17350137
280,33026275
301,49006281
291,79666676
305,55478410
275,03864626
279,30253968
333,30597640
286,89854877
310,41209714
331,60308274
326,62483303
292,80700504
327,11381825
310,69919257
271,85754938
280,63315122
309,34530759
275,70315392
282,38627058
315,51357244
294,89611103
282,70864273
287,83981999
309,48802751
307,15279643
318,10581286
299,38129358
320,43059983
304,88385771
262,61512341
330,19533499
295,71457555
302,00840823
315,42530508
325,91833568
287,84157729
283,32690948
314,71439866
302,84004973
306,76384496
355,09939168
278,21042506
301,18628636
368,14398882
312,76951819
298,03033213
302,85962698
261,21776249
314,16908554
328,53777309
272,22675599
332,63776567
308,02192841
313,73348780
293,31823732
315,45681712
297,81247009
270,77936983
336,04902743
339,05945683
270,03633680
316,43789744
290,80952633
313,24049028
269,94249030
259,56844284
281,62345013
327,18373910
277,93060306
288,16615232
296,22018131
288,29310024
320,72578352
308,81469311
305,77547003
286,74287702
353,40656187
323,09295891
324,19795579
297,77393482
283,53653560
299,90685087
330,05688039
287,03436837
318,01841557
313,83001170
290,14342433
297,84000102
292,71128866
308,82626832
291,43794518
347,35602705
315,86593647
309,57474743
325,59531640
313,68648306
250,33035404
346,31600301
294,49092135
265,31986411
316,28157835
283,21641982
313,53002770
250,27511790
283,81756390
294,45140295
299,18541490
293,31534952
300,35511876
320,60979396
283,59196569
301,21097853
264,46586130
302,90117092
301,84925460
271,98528482
250,44150173
293,42088269
260,26933016
295,14328426
306,72388859
225,02199021
341,35939612
298,99508781
322,97896902
298,14757019
343,61784367
268,90120105
332,46497094
277,41260454
306,00525483
274,82101045
288,28963041
315,56089539
279,35449768
312,80278943
303,54560851
289,61194365
238,75039223
257,02335725
332,96293476
308,48021010
341,95558119
310,05402038
318,31552425
280,94535107
298,41834111
308,03062268
318,70197656
271,43778744
283,48587137
265,84214173
286,47183403
289,84559513
240,74779358
293,49839059
288,08640023
267,81698691
266,82978826
289,33888460
286,11754296
283,53260747
356,73205967
279,07237436
271,64731986
287,83295469
285,78629673
331,50808862
333,21776381
302,93402164
264,65330242
268,87844971
265,75410740
273,68010636
282,35042314
294,15434019
303,71165338
299,21860365
373,36896406
286,80872817
310,82526177
364,71841993
284,20320606
269,89836611
294,32091813
318,14915693
252,69229754
321,07147706
278,28097604
301,29241927
258,71377942
269,50151672
318,30459517
306,76651001
322,51275071
291,62152457
288,47483631
301,19815594
270,16632577
304,39209995
319,29180137
296,75057758
308,41534005
253,22063975
289,45272130
313,86189744
281,56387407
326,06805483
309,19117918
342,81167042
305,03265253
280,00776931
310,58351415
344,13030036
332,76503585
289,66083241
310,32523563
284,79577708
306,24151519
322,59037084
276,96155696
299,85542759
325,40174610
303,23559426
306,00918122
279,87946219
288,79256456
316,27874109
334,34564581
326,54260878
293,50061466
327,97561060
342,36587224
320,51406970
312,73555680
285,77830431
326,21040318
297,56344127
277,92512950
355,03538393
331,34596633
318,28572316
319,51043896
309,88025267
285,52866132
301,88702684
271,26897826
270,45072712
300,11858132
299,38340110
287,11725372
275,49768039
288,31370571
277,60759514
266,95962261
251,72376224
267,03228116
320,13551432
288,52600991
314,21286794
306,75457088
276,18215559
266,57106606
308,91977176
281,26282508
291,62165162
313,47326498
335,02803829
270,59230411
277,89970513
297,27962064
261,97068485
294,95441222
323,52427341
305,28349553
283,78634708
277,73947203
255,73099833
277,25534917
290,04842157
256,77278739
277,80102396
333,70503492
286,04374394
295,75462004
314,40580037
288,20038104
310,83088368
326,85104498
317,68144449
326,58033909
285,14875025
286,39220085
277,18281810
340,03566201
300,88331258
256,29628715
269,38283704
229,73584409
325,81383160
307,25043025
307,08170062
293,34443610
308,73085760
304,00863936
290,61997378
326,76270382
280,79223642
313,49842874
286,48977366
267,89197278
309,91661131
326,00244531
315,55884447
284,62926505
352,90230588
292,71416122
320,12757767
309,26910966
339,86729642
299,24598418
279,61575807
337,83867153
296,18248137
324,58592520
320,45111831
345,79318216
290,67720152
256,74756191
287,52742506
294,35991805
327,77652807
319,46569809
316,11437374
332,34027360
259,45899369
312,63611058
307,02604234
294,92489266
288,10565612
272,38730174
297,61412612
331,01313912
326,17650522
309,37349353
353,63249823
298,91073283
291,09059486
296,59898305
311,70463331
289,70412776
298,33239964
328,50499335
320,49285296
270,67230219
259,02989239
315,08484967
306,57616638
294,45743901
341,40806518
311,12669049
335,29250289
308,17280149
346,31260449
280,07524025
335,79898885
278,58663180
288,56725621
301,85640501
280,51010331
279,64474835
322,94442282
284,77994231
297,21652872
268,76532791
340,53973247
293,97364059
302,90374034
272,02566518
300,38882265
301,94877228
284,57563302
251,44194438
304,70564776
270,79213804
344,60738171
282,92070515
313,67511725
278,98101164
269,29903138
286,11451351
317,21790915
295,32370783
360,90196685
305,83860750
259,99998494
351,59814975
332,00151176
337,74266128
279,05613266
338,28689583
277,36973160
291,61927644
305,02584206
335,72066014
312,28538099
292,96469590
351,68646558
292,98002988
281,07048845
358,43404925
282,19577102
288,86493856
273,29266338
321,89703552
317,05124258
281,39665666
307,03005153
295,99161782
311,91304790
303,18710340
288,30747917
335,81602525
254,18629126
267,14692474
286,65924065
324,67555342
312,86249356
307,89394780
319,16640330
324,37382463
273,32967191
315,32455158
265,42256362
288,69370717
349,49542681
313,95872400
291,94123458
301,30749144
300,90829706
300,54246644
295,86907099
339,82933565
283,92516396
302,29455960
332,17752414
283,14968859
278,75301582
273,99914236
321,76427834
309,66920005
317,29642154
283,30055544
309,51246543
279,94545936
278,82411225
322,80744197
338,02061467
280,10601793
291,56580473
285,17416314
291,39584425
304,70297748
313,47619571
335,31432477
298,77797141
305,84152135
297,58563086
329,25599548
311,71994762
281,42875170
307,61626147
295,05360948
275,97566628
284,88690120
264,25821658
266,36033770
319,99456291
310,85657508
256,79317561
316,69897891
322,30519716
302,47811033
291,07124921
298,63728936
304,17504776
318,28511514
262,44950490
289,94175337
309,92223983
266,17025512
293,14000525
268,87093061
316,37387617
313,08575237
267,86978027
279,00847747
338,67711927
331,50056222
249,47138904
317,96042422
317,06770313
296,05636661
312,41087726
283,95550159
276,95276211
287,26698445
335,97841085
290,67837279
284,85308005
249,26938343
290,01841449
283,09958281
274,18091209
279,36964766
273,52997137
319,15388390
306,13161767
296,73096283
290,79108022
271,10305489
316,49398512
293,18373068
278,63030599
258,76973086
297,00330876
301,22888402
328,00258011
275,45976683
287,03569718
329,47295921
298,46323175
265,44221535
290,46458611
308,25329997
352,89576837
317,41967412
293,46629652
283,96666671
285,46076859
278,99956088
283,48397864
327,10814498
304,42601429
314,05162253
302,47640275
317,96765329
285,46641183
306,26240520
340,85535954
292,90743286
347,59539360
304,82295918
249,50328769
327,89476574
304,02670584
307,51740149
311,61893163
344,11786303
292,54308919
375,24794872
307,91854710
332,64098252
330,84157708
272,62360979
249,58485050
306,21630668
317,60854014
315,82042883
309,14878391
302,97221838
307,55676899
311,10463268
316,33299519
315,10488064
313,77987568
309,73538023
284,36786647
291,75525008
268,08495138
288,87399206
271,13548916
283,44189283
285,62764554
275,07367555
298,61885312
313,41214531
300,14282291
314,63349960
285,64958901
312,99889395
290,70478106
312,40934879
290,97891792
291,90261816
295,03023444
272,14643962
346,21200918
315,75088128
300,20727971
295,91716457
300,12116614
340,06870778
330,33403255
339,54063589
308,98921777
343,00018405
272,99522073
295,97954705
313,28819416
288,28330301
334,30855391
324,05251936
294,85295655
330,27933217
294,32107117
283,72239287
308,59631451
305,48514543
299,98505815
312,46938960
282,56605400
275,36599151
253,00102054
306,12889943
306,34518037
341,69235006
306,30151926
306,35643808
327,02597579
265,06231144
295,86182199
268,35537039
315,20534609
281,87440976
305,56064661
336,20769877
330,71110886
339,94287285
323,47082050
311,24859932
293,64957625
297,31288227
299,46148373
284,15472142
321,12104475
300,16357513
310,13679030
258,29777002
350,93424544
288,14231137
271,08181793
352,25292923
285,62966398
279,57982166
294,76062306
275,01080497
300,81173591
329,38183984
292,99603765
282,70433495
283,12396552
328,11855755
328,70076098
304,64404513
304,98931573
319,98729538
268,48984974
279,05614204
316,21277053
257,23709421
326,47065959
327,46252821
286,57137242
317,48827209
305,67415959
302,21719830
297,54881505
288,62553270
336,42750503
316,46355778
278,36328757
270,72884509
298,45471008
279,13329558
351,71858122
317,82598097
330,29828894
325,00125968
329,69396367
268,97730162
287,69966246
300,04021951
342,40452721
286,78004396
307,33628352
313,26842572
297,51632937
300,51897414
291,04869963
343,96698177
315,07843230
311,46337929
300,21561706
304,50466254
314,22166932
285,54152718
322,01383101
324,52928546
299,48320269
284,60736622
347,91935362
312,50975492
305,75617942
336,86942055
309,70760962
288,55730094
311,38818945
266,92717033
322,42436251
313,69398376
279,04913422
340,56938230
290,41151702
270,21898689
322,44010820
312,51967905
331,44613562
299,90157613
287,00691084
286,00477479
336,72805209
274,20037989
302,76328623
299,14942678
301,29216034
289,81130816
289,59600124
305,09474836
301,61676873
298,87042423
277,78538337
320,05679270
265,93559239
281,55791308
349,15419508
297,55584173
317,73332733
297,32659857
356,35048684
269,66257200
334,63956208
300,93339446
328,58972873
304,92056839
281,39745343
289,45720871
289,92887915
265,33781283
336,15563656
296,58610283
333,73759173
284,13667222
295,95858360
330,17652112
258,24576222
311,37075140
310,23319394
317,36689747
350,74998008
310,88282080
295,60275297
283,58226204
288,35156697
271,90272403
313,74175562
308,21031552
315,40209301
316,27857483
299,59971646
266,30699458
312,54236222
292,98134224
317,64701759
273,66624095
253,27500772
271,22188099
343,17980691
303,74000948
290,55473301
303,89679537
286,23479557
311,11323775
305,57485649
282,32723838
337,46832512
309,58518502
258,66887197
295,61943234
319,52297636
306,34983981
303,87243016
269,97756304
274,71680168
338,34779792
252,76079566
293,46851612
339,65086665
301,66167763
260,92867223
310,63551835
292,22331412
269,87750733
284,55691475
295,29768708
254,20629475
308,32814649
255,79373944
323,75123415
270,92311831
266,37519922
304,30592049
266,52287439
293,27120877
286,47590000
347,66732015
295,93033282
263,30664175
276,85245532
308,62377222
307,78850229
311,00433292
267,49680652
332,83453030
328,08385340
292,18842157
310,14916741
317,03357350
312,29582727
312,81484026
300,81650538
271,07186050
275,14467820
308,44989831
289,43428761
303,60574178
268,53265452
338,11247743
245,70028005
258,19713607
281,79123113
309,37828388
305,84338028
296,81852090
322,94642202
277,01862767
317,28331363
311,05598148
290,72172190
306,69210981
280,28581647
312,11819056
295,48193167
301,73382460
308,81605468
287,10739516
344,08073606
283,06432941
334,01117355
297,40863943
322,93030813
301,41914689
270,30661505
315,69164441
333,29503299
297,43819194
269,55015183
294,12191382
339,96724026
296,49105724
281,80820505
293,92533483
271,43331768
273,64073282
255,70660981
334,85143966
284,78061427
342,71861432
349,44029208
281,94541591
312,30921619
294,38349881
289,44260289
298,85404968
317,73356100
313,53938183
278,91966245
306,47609533
329,29875691
278,52527151
282,21249015
285,73873373
282,14385545
284,23559933
298,63367941
265,62550024
301,96710425
287,73291661
288,79519511
351,14369977
263,58748658
289,74134755
266,70214472
307,81092646
295,68903642
287,33628445
270,71791568
346,85074241
331,21377144
285,02053504
311,96025205
270,17138550
302,34687914
292,93599263
319,81861032
283,89102697
290,18698730
284,71964174
278,31226350
319,31210903
328,04014006
287,97715054
261,67309449
277,11420677
336,46107816
300,00393433
276,50372288
295,38089202
299,28712175
341,37595872
346,61268275
324,47246209
306,75586043
283,99050972
267,44849450
315,69008358
279,55391752
320,87302338
331,82854100
272,52176387
339,52760972
288,98956576
276,52875511
268,61229315
259,32469265
263,67264411
313,50555601
301,15724225
339,70247460
289,20264952
289,93430747
294,40774920
289,66181918
299,65657056
275,43381152
239,49110579
321,92783875
305,13717540
350,55466246
298,67050276
285,99075795
361,33633029
296,11200844
332,55893750
313,50281208
317,49497874
268,15018227
283,22221095
270,11555017
283,56765749
323,27821307
339,68431616
277,99535306
299,21450663
300,97709160
306,43950341
289,58715295
309,29501827
287,62413675
306,18889837
291,30091433
240,54178968
344,71673462
302,63753313
293,25846579
272,65891104
309,84428620
318,64818940
286,85761384
301,63203059
298,68620958
282,66060213
285,45399984
247,81664150
296,46294526
340,08341618
304,67539940
265,27699748
303,66901348
270,38855581
253,49376128
297,14023684
290,91665742
327,27494513
297,18731602
317,66477162
314,25643869
286,25762366
276,24231698
293,25707613
322,18700612
335,06286787
266,87659218
336,07881077
312,57932080
349,71418374
253,84764040
340,81846087
332,77702567
334,98261846
274,73807314
319,02042452
296,29536162
318,55870115
331,21263300
292,97925242
284,67849527
266,69510461
262,19948706
307,31865479
257,79625918
303,78541941
314,22458942
219,49204438
299,51757653
317,88649642
277,66046667
299,82517431
312,52377796
308,56549922
301,34081458
290,26135215
299,79180667
282,65622264
303,39407812
308,00330583
297,32661909
269,85420801
298,36397213
320,29664863
309,26914299
304,44557547
276,34219616
283,18293885
295,18637489
273,64048740
320,19193094
284,53230378
309,30406007
263,83027453
314,25570908
357,50031388
276,47312826
286,90366971
343,49873631
261,08348868
327,14738648
285,83945910
342,95717088
278,96848162
321,80397567
325,63939147
264,12685843
321,40694616
290,58277122
314,04011020
252,53126071
291,55272694
298,08800384
257,17977520
277,92312318
322,15458706
283,15469601
306,28106933
333,77864230
305,33395995
313,09148256
281,88042225
292,08025505
306,96812272
319,35662298
284,34418763
300,24845669
284,26262364
326,50336925
280,53916042
319,77810772
332,13214203
293,54514527
270,71365285
328,95569265
285,74212749
280,83739613
292,80421987
284,96556847
306,05062174
280,38789906
305,80429228
318,91529383
299,50281737
290,27645268
354,49565873
273,13353272
311,19394213
307,34629601
292,57886318
295,54248663
322,07980364
312,86382174
293,88348717
313,32854986
294,35238860
253,94694570
284,91469076
288,77213979
269,59553268
279,81245937
291,27623347
254,44698198
316,71761396
285,68487927
287,32380288
317,65395792
314,02799610
314,14023655
280,98335499
242,81836941
273,39870609
286,95314160
312,50328753
311,38862605
298,79046994
256,39344629
294,13149844
299,38525739
285,17556131
313,73429808
309,93661907
321,69458298
289,30188303
332,95919395
287,08163995
314,81848698
279,79714758
326,35096111
273,45059927
292,41609432
337,88821618
306,12048000
327,88308095
308,12658170
301,08143034
312,92255997
305,23588144
288,53009865
287,00286136
303,21803231
324,65021133
302,53597416
287,96807906
303,14183738
294,11133688
309,49409705
288,93543532
285,08139782
260,62313952
325,09045750
264,28616816
271,99714285
287,94683192
291,73206518
310,95043203
331,17635768
295,55142357
251,33480953
305,74025555
306,07029285
323,08091592
280,08076027
300,73571142
288,63348473
312,74910813
323,26607711
323,47835415
304,07683672
271,14601341
324,14156924
293,77396493
258,89634998
305,43153806
315,71882351
315,05630731
358,75870461
313,98089363
311,28556556
309,30554229
274,55837613
321,13273146
270,10657827
288,93660018
288,24752902
266,21774843
311,86210176
338,84712476
330,15664208
262,52024709
334,32601778
255,96496007
317,18436400
312,52129625
284,04574598
261,79609886
313,73924537
248,00329722
294,36352929
311,58810725
311,86580582
283,94143292
310,43199447
271,56964925
276,29596816
278,81862706
293,76631485
297,87563875
259,90323971
351,04891638
274,14387742
269,99962285
305,71536430
248,01105785
272,83593174
317,06151568
235,11706263
278,13092975
310,79808767
292,85077886
299,74160628
275,61059271
301,67949251
290,34703258
266,60094501
316,76238196
308,16533109
307,80602849
284,94249709
324,56579420
307,70605978
296,13598818
334,53758209
294,09153579
312,11580788
306,41402649
263,07687284
322,40621441
247,66167818
318,58968920
316,88158577
289,50075195
299,08595017
317,32764612
300,24280003
319,53597965
321,03106793
303,14010863
293,92211832
316,34161947
269,79792305
294,82216487
276,88621304
319,87960823
319,54673717
263,16000783
307,35397884
308,29617122
275,70690555
280,91116910
284,84054763
304,23044210
316,83309548
296,60385970
292,34151996
254,84330980
260,99899478
311,71977669
303,15377843
266,81244977
291,72480805
312,57164354
292,25695945
270,62456985
298,12300950
318,83344970
309,67879916
327,74707246
322,97786991
318,00909659
356,48661370
257,83433881
319,86962804
318,88360913
277,96211287
260,93350279
311,88921965
298,28356726
295,36201756
323,17425102
304,17573927
306,92055266
291,70368492
292,57791455
334,25277374
289,89583274
309,73689549
283,92207349
308,72156097
354,75869271
304,56166898
313,09266951
270,44183460
279,92724247
277,89977844
314,23621943
306,68733268
329,52021042
265,53525286
305,64717338
299,63991689
274,88458091
297,13072915
302,14326712
266,63468021
271,58763202
241,33067854
344,90551879
296,46490055
268,29533619
293,30657226
268,53467569
303,39866890
299,78184947
293,21758325
330,83724694
314,90348967
277,79015814
333,95513107
261,81927355
293,87685118
294,34705420
284,25774774
324,79120150
282,97072969
270,81994233
295,40166867
285,89940906
319,24041402
323,05287216
296,98961167
277,06456193
278,47219739
316,35908615
313,52241516
318,04878358
346,74109500
291,20901449
330,14540196
229,79011475
292,67405545
307,92134523
284,25242946
289,00327762
292,41285099
312,58279813
313,77400630
290,13114621
276,41298099
307,77407325
318,58125839
323,21716736
303,20906031
298,95411059
344,94071441
294,78131905
303,93803259
290,53863175
315,21822180
290,80380404
318,76959863
254,50526813
270,64588790
326,35811015
321,12484264
336,28777701
266,26540857
307,91242846
307,80120678
304,33282489
311,35985605
312,28478986
306,58272334
292,76218111
244,98743795
295,98840733
321,10609549
304,35961663
288,94201896
297,04339127
288,48642465
300,81927657
334,83523713
323,78747508
304,55052522
298,82450400
301,01032740
323,49425762
311,07490135
283,38961372
270,38884564
261,82272824
329,26031361
322,64069722
303,67837585
292,61554425
311,95798564
269,81370554
284,50664914
305,84906811
264,13380270
285,38693664
308,12564895
287,04124142
279,55706938
300,67305294
322,89817136
294,36019112
311,11921721
337,00224647
337,71284904
304,05017524
295,53168989
303,00756428
309,98480812
300,23914333
297,04564497
296,41355198
289,80405729
302,54300759
287,55634590
288,64828927
293,26383168
295,61803991
274,41883155
294,87265303
301,84971062
277,21638866
276,96687766
312,85410237
275,88722098
291,50504861
299,14916722
294,11857155
304,41858929
238,48631130
329,83996548
348,39018626
281,92721275
298,19318936
308,15473426
342,61384114
314,46710270
291,92516413
311,44650879
313,34265137
297,68741695
337,12184244
296,48194529
298,65782304
319,23097634
314,56863843
290,95770288
291,93369943
301,91131730
322,12736856
325,73109420
252,83925954
285,28982499
347,32465490
336,94863031
265,44999273
262,07100742
260,25772686
307,79460534
283,07718323
320,19060675
324,79716639
319,62069976
302,29955035
312,14397339
318,92393202
254,80077518
293,93817871
281,07171872
302,52038736
296,68900242
287,86741692
293,29961013
273,47176038
318,06488299
289,03017320
275,96706370
280,03992220
265,79172494
304,80316575
312,27437453
261,35185284
327,98448837
297,23479366
309,45943164
243,97377682
326,66929170
350,68219055
342,68931959
287,31216505
276,33753936
345,36563097
299,33059749
294,15287530
315,12881449
308,36847524
272,19593132
275,31318305
253,28049720
306,64890997
280,37940753
316,10307395
341,54951168
306,08659421
244,84430237
310,70042558
312,97793799
242,53085975
278,05238012
310,42120714
311,75952747
290,25756560
289,26114653
300,62847781
314,51845463
326,50220759
288,71014176
298,81357456
306,23093793
298,02817500
313,58087201
332,89307588
296,48632741
296,49941392
302,78493568
324,78230563
279,97068604
290,58158459
320,12309712
305,57356627
308,81951916
293,67562037
339,97857599
285,00260308
289,90770545
311,93245892
295,83627148
320,64330544
305,53837535
275,91075659
334,89622158
284,70379525
301,32215507
265,19933990
293,42579931
312,92245220
305,29495502
303,33277604
250,20622023
345,02294253
247,07540811
262,20480919
311,44626533
302,58192138
282,14060514
324,80886623
309,65280425
303,77950541
293,07123144
252,95754996
294,52802131
345,30117021
298,53759760
317,32528391
324,21579421
316,88809072
327,96875741
305,20757746
307,54557188
280,06396403
338,71964558
268,37747444
285,36220058
289,81545554
291,27795753
300,32330277
277,43319639
300,36425660
297,92307568
319,58871190
328,22585079
279,99751848
321,09922624
305,54091968
281,85238434
273,67949395
300,10286907
295,10823214
292,48453268
322,51083245
306,73647611
306,45443681
297,40352846
293,08751922
301,55671884
291,70958797
251,51340061
237,81275897
313,04218454
320,38044005
274,80938494
305,57946985
284,05633723
360,57875051
283,84040050
288,19273683
282,48599175
309,85766277
293,53380511
335,36445785
311,55285492
314,12811236
308,40977346
276,24454235
318,72226334
317,66980167
315,23081411
317,66409756
317,11575683
311,40380975
323,11452406
290,51617692
307,54325619
330,70910223
296,45960893
350,58585177
299,85640317
293,72283507
295,44248324
286,10813397
350,81419106
288,59603442
267,80083590
286,54500537
301,71975913
320,34477811
267,26368815
310,18007372
317,01016975
294,88598872
285,10305042
285,52315551
314,27686946
306,60024652
319,68275247
277,84615302
307,97019710
298,78875164
303,80830046
281,53338711
292,44044196
289,71555859
324,08622361
325,86320165
320,67400056
299,96442182
305,31854201
320,60956638
280,46582437
321,03663961
322,92018980
276,65977612
264,11127139
277,82235428
289,84216117
286,65275846
332,23236542
302,07934405
271,10425371
285,44944378
292,72342584
310,90330559
259,39894905
304,62428691
279,12076472
324,87317557
268,24885940
285,25960801
281,55085636
309,49293754
306,50556923
316,10199468
335,14715653
283,23971728
300,21218088
314,84643480
315,34441003
335,19617071
287,09149284
327,06130657
300,56495545
327,18473516
306,55647520
273,11688671
302,14846128
311,72840769
324,31451803
293,28630660
277,85183766
292,67640306
275,69803471
304,88385280
316,33123161
268,78487842
339,36106625
291,49670619
296,69397729
261,05674811
275,06982281
298,10945938
314,99882188
254,98608267
275,49874896
281,87018355
298,84225314
298,88160077
274,32416722
358,88887926
317,52834240
298,28904164
289,47901445
259,61446907
294,91729758
316,96975916
283,58452263
273,62423848
309,00212513
299,82741988
310,58531681
275,03111848
337,14430456
281,58269747
300,05665378
278,86986800
267,50316787
310,81176024
336,61010468
328,73878666
330,44346499
310,20518102
287,35032070
295,74524828
324,16873929
329,32126650
343,41772756
350,98577384
308,54351864
280,80962366
315,00249206
327,16808624
290,04179279
292,94636186
316,23413954
300,52451594
309,25836698
295,96943959
285,34053548
307,72033595
273,94753894
330,18665910
318,65130351
253,28053070
347,00358329
321,73140399
262,46003470
310,58039010
324,15480766
274,48926003
305,04036092
295,69769288
328,31580649
271,20745634
276,27577033
241,45658273
346,87238656
264,85659510
309,78354556
297,49962085
318,14180454
269,68547315
288,25537952
344,39893894
286,79406374
256,50496529
322,28439259
243,92721420
333,69946329
291,66766632
331,41071501
312,58707750
304,97991299
297,25534327
279,09662266
298,21476921
336,53290824
304,35585266
294,15467372
331,98391371
287,61035313
289,20093441
289,45438730
270,03877967
299,58558649
313,89777617
331,76636405
278,96788139
329,01049698
305,41316030
267,67333881
291,42598053
302,11429771
238,83007032
280,17976241
319,22044015
289,29819392
331,51704446
271,90269827
298,82097779
310,80005488
328,46726730
292,01840688
276,86411369
329,60911361
315,24773233
298,98626588
347,44038740
269,98810057
252,08838533
298,25043707
302,67059396
340,00664897
253,61069221
276,26219088
316,13295092
253,46304059
294,35630819
325,04642463
355,36994705
298,91143616
320,63649651
321,68820377
346,98617681
289,28265287
319,08632134
275,49253423
295,62250063
294,70088780
310,07907010
303,71334688
314,49142305
269,90038977
256,75389479
298,80004278
305,26765534
322,01863093
322,86809922
336,21668347
255,33697515
303,97675634
306,40297804
331,20668889
307,29784988
320,52247306
301,12166443
335,80792442
285,54216740
285,71586514
259,16699216
304,01648957
293,03458450
302,16118652
282,27557330
333,07379603
302,16221714
260,59680112
306,48415325
294,90944783
316,83885256
319,20616266
299,97572743
258,14282002
298,69867027
291,96558112
288,20098251
295,57802752
315,88067806
313,38969797
273,75773161
260,12161737
283,41664631
314,87467236
339,70807163
266,26988534
289,98404134
296,94404452
320,63844507
298,12030042
293,29720303
289,79259580
298,50559713
312,63561239
303,17108926
297,41832783
296,91102575
279,54112168
298,48684367
298,99361383
336,52756162
287,26522023
289,83847895
279,02197131
257,74350356
289,10658016
290,59954840
328,19253603
275,46651714
337,27532249
309,44017431
273,81731810
255,50100755
266,48006402
298,39558088
325,93510155
314,43000415
325,35387869
351,03780475
273,61142900
271,03673488
284,21322397
310,85436719
298,03491379
291,19281661
292,93918676
309,68347971
325,60879242
294,72191493
300,23806109
267,42892216
250,95572382
275,10664419
307,60746467
325,68931314
300,20318152
337,72796302
324,61474448
275,19127281
252,91390051
323,72065494
295,70603649
302,50777463
305,16124404
329,33170209
304,30835177
325,44374627
271,81889928
310,28235994
318,04340726
266,75668876
304,22019778
258,83106520
339,61693924
306,06855081
299,07752456
301,15601251
341,05732594
303,12582587
360,32773335
329,71634202
320,34802554
287,03118520
313,83950894
267,22980182
298,94290315
296,62974275
298,28563309
345,85971152
304,05656121
320,67623354
257,20124047
315,83311771
331,06550104
292,27851647
322,16014715
316,45382125
294,01506546
307,17872381
234,68100759
261,09806388
336,67962643
343,70040905
319,06824531
312,91556737
306,40761049
325,76920921
291,27316504
254,33814637
308,11271023
279,44403010
304,60449051
270,57123537
281,72225799
336,67972439
309,40717890
289,91788367
312,27005543
313,86409505
246,92363666
286,12610968
299,44692681
249,23062034
337,29687787
308,45730219
320,36918687
278,35014161
334,31241746
290,57066886
304,74964898
316,26241826
343,13396206
328,83017978
303,90714839
336,82689908
284,96106404
328,55123768
262,77321527
334,20866029
292,06616140
323,15605972
311,86245619
293,57032645
279,31536103
296,64035108
264,85342894
314,98140622
314,18809981
260,36386777
278,58156062
289,17351801
305,61016830
336,03136859
309,98226699
325,83184180
309,49837604
266,46772686
331,56851465
297,08889317
310,71424588
307,04017679
289,24952914
343,94741770
339,73335757
283,41005568
308,43641786
309,47234419
301,50763768
304,54736653
284,25077251
251,89898637
326,59791940
294,04372895
275,96380436
292,42889946
276,27720800
309,78610538
290,55088543
327,03745107
312,79490345
300,36121520
287,07209568
332,45583676
319,92349951
332,23985520
317,98415247
299,84129291
330,48389767
298,49205491
335,66111225
254,69791221
306,80810293
315,53559007
321,57119209
269,92643830
300,38858376
316,95060660
287,81237853
332,69824640
296,91389730
277,17552738
300,54517654
315,85577159
335,60961530
311,87397480
291,52905214
281,47219585
286,68169461
309,58861208
269,43959821
306,78813525
287,89404314
311,54900278
289,79635411
310,26107425
324,07580323
289,04004084
338,83241165
317,01337160
305,69827849
311,69672418
336,36490530
308,92211967
309,13096684
311,49210876
324,65246385
296,63165869
285,51233359
301,73642561
289,03562608
307,28270707
284,00413117
264,97162493
316,65554082
296,90168009
326,08635390
325,83606789
284,68228595
292,09795231
343,71848736
277,95143149
310,19294750
282,85875889
305,57923504
309,07187218
293,21296223
313,45402988
237,72108345
310,49790818
308,01849777
278,89089580
286,82272036
323,90721326
283,58457820
329,71467283
311,30772278
328,68202485
348,06489623
279,90493181
298,42268014
290,09273266
311,16898398
341,07986449
302,04036425
311,57784448
301,07639963
280,37257858
319,12081002
250,79449930
278,07060800
318,36257256
260,89272930
311,74238716
319,05392319
303,47093186
296,17770068
310,01515024
322,49770321
280,88721053
328,87069672
233,92955518
336,56804724
332,88067866
313,52186971
309,90065820
315,55895405
274,60530153
287,32571987
265,21812206
288,59466081
310,66858375
307,45668289
332,71524233
281,19794666
271,80973229
287,09113177
247,94919160
307,01645371
269,30031935
269,50840868
274,70677655
348,67813721
318,53211227
333,74145641
314,08184316
311,65830207
331,62256970
318,67747604
304,50379586
294,46545492
270,76980455
334,97898587
285,45966647
306,87507916
310,41687065
337,96357971
307,06418737
308,43158102
315,87427987
266,50952348
332,74488357
302,49300301
323,60184623
289,65252994
292,50530563
346,32850751
270,08309654
264,38259879
237,40491644
336,97736365
281,98815802
310,09691628
260,36452114
285,62447355
305,62817140
336,55918099
310,86943450
288,10246210
253,82211237
274,42119876
285,90379246
268,87858494
292,60394674
297,23052666
325,09955024
285,50450749
276,91027999
289,78557732
333,27633959
298,00381778
324,85633841
297,17607119
338,53739148
285,31299964
296,01735510
345,18307731
329,33285568
296,53373158
294,97355895
293,22247070
266,51627471
314,53043974
279,16039711
306,49251280
247,26061751
315,83612178
292,94547806
312,63903328
281,99318548
334,97719096
306,16996527
318,08108396
286,79478950
283,54284307
340,47520171
334,15994879
295,47432343
332,48966991
314,91096520
230,35298972
282,69873409
314,39920999
282,71349515
299,66379479
290,48508227
298,02861579
289,99165140
256,38640509
264,87572269
283,85568608
319,58432679
334,60257961
271,06902820
271,56901195
306,30498939
255,83000693
332,71867604
279,76577296
293,43001509
269,98706280
291,66791444
303,10788255
251,35420231
273,77860961
348,94928361
335,32640490
287,89676122
321,97341352
292,90302084
273,03468102
317,58139903
289,62922365
243,05912699
350,79318593
309,45004833
318,52124314
262,45563290
292,93286740
335,49138715
251,26774082
307,45579188
320,01754845
282,17410193
343,65149417
328,63411104
280,57453080
320,57548043
317,70555207
308,63738247
306,71625736
300,19770723
248,73011405
261,52474107
305,16263645
312,93608635
289,64838462
298,68771128
304,54694134
281,16751786
262,53685868
281,98922158
293,20399949
334,66834164
285,16130143
281,68291580
250,25137255
274,89097398
292,96355486
273,46557695
334,95767251
291,32500037
318,67939460
274,10857287
304,74938791
345,69472307
298,03449082
309,82198031
326,94773601
313,06733412
329,51953939
297,98660070
321,21330957
326,06888970
288,14213082
310,96078088
337,29707632
287,79134422
323,16210531
244,44261833
307,85785152
281,50091700
298,81899778
315,67251947
299,96568985
274,52359977
289,32303797
327,43453963
307,71906324
279,44501803
263,60060218
331,24772917
295,39541936
333,02199502
296,48837248
277,87897819
332,84367833
293,91993087
309,81581391
285,30338197
296,14670421
322,98976042
300,71036497
294,82801748
274,17658159
275,09732543
328,60696419
294,47582448
300,05526118
302,31729268
321,68940339
291,47319243
312,54300764
261,94020489
283,36142765
303,94405212
298,05274090
327,49947859
285,36512855
313,01161451
277,81150597
302,26818842
274,11490722
302,98389614
293,52707016
335,03539762
307,44521235
310,62199408
261,44355220
328,69156462
273,64668730
307,17700818
288,31419194
282,25226670
288,25593521
270,60978192
307,11647473
290,12534599
272,19836332
305,84155341
287,77274295
322,47738709
295,62206638
303,38544701
278,72688842
336,94425646
311,95926699
314,55974038
346,28514382
308,82846759
253,26566525
294,88411276
291,93998039
241,80066861
292,01106481
322,54603836
261,59017441
298,50087220
282,95095975
256,23420491
265,68571699
302,87720661
284,45280626
304,73103381
313,91502159
295,88444550
317,05355583
322,05866049
291,86626778
292,84154252
314,83431200
261,54449277
312,95699473
345,35608817
278,03613164
259,55534678
307,17592916
309,11382385
291,39428700
300,94659193
338,73364385
319,64547538
296,41997066
329,21310897
335,08564725
277,40388982
314,15989939
349,81284937
284,12971454
300,44415906
267,50927440
274,39791878
269,26764249
283,77724244
310,39418456
280,04620725
326,22101966
331,99884485
320,46362705
319,75571889
277,34450032
316,37555901
280,98211193
245,45766162
342,09409453
318,09680538
308,58967134
316,39249260
258,04505278
312,35209606
290,99566624
291,90043470
319,26654644
339,38538588
299,44716328
295,24389463
316,26062293
319,69027916
312,98848321
338,19907688
311,27483731
286,56288680
296,53821029
304,38029461
299,36236083
302,42802407
316,90010387
294,81318014
343,33123576
302,77186009
286,13612853
260,40174326
243,45728627
322,58757917
310,66726282
293,53580414
282,21251729
339,89625939
316,46347590
320,42757832
265,72872555
285,00669433
325,14572000
278,68196223
312,92814661
301,89017643
310,38490954
283,83263094
274,73068571
319,68249977
268,80837230
306,19081767
297,55965831
295,40648209
317,34136713
289,72763513
298,55636416
320,30777300
322,11773417
274,79034076
305,91015909
343,74925996
292,80599820
345,55568437
264,42952102
316,45905558
298,48892230
319,02373158
349,30766130
315,06121967
347,99205564
277,13838051
325,62526109
315,78962922
314,37393819
294,59496147
298,67011309
288,65150295
268,41681839
283,08160921
321,16058571
301,50393797
287,39991886
257,87654205
290,70576092
281,88767283
275,93813333
298,53098227
303,57754503
311,69147589
272,77168885
279,73439393
272,52240305
317,18837654
336,34495497
310,81249213
310,34933279
368,06199228
297,17739971
330,12388060
283,90457072
314,59254896
321,37665697
325,41036433
280,35401952
281,07741315
306,42524125
267,40534606
308,38230685
269,01677014
303,29108677
256,98989141
269,53699083
313,91489837
319,78575472
278,79870118
296,50176428
314,74103420
276,00667793
270,13282630
296,54243714
290,56672279
296,61581843
325,48227283
333,71769592
329,12920684
292,43670472
296,15912450
284,04021912
308,38867557
311,61886834
341,12587293
272,77361518
282,95962727
281,54640100
291,69921161
332,39553337
260,24036152
353,01442083
311,63885111
284,06581650
306,01014033
289,50953275
322,02450603
284,16653649
297,45564743
299,56884496
311,24804993
337,35343679
304,30444096
333,11319115
277,48992706
340,20512610
263,21405236
323,90678267
300,33919862
312,87838099
286,32804829
330,80188392
305,36732552
349,37762717
356,20134967
262,71044097
300,46241385
242,78512507
333,15742527
326,55897743
295,98245398
317,52900804
295,90057528
273,62498292
266,45041943
315,17354406
363,87524805
332,05949429
291,85869758
358,31426418
314,55282646
265,79098881
323,44681714
295,56858830
320,86865552
298,79996171
297,97999931
297,87943142
331,69779584
281,07680137
311,75880130
313,47749414
303,25955535
306,93518051
316,04925976
332,89687605
299,91568914
259,65421472
315,08252550
301,74182979
317,74302937
261,84241961
285,14262675
325,38774467
299,70764942
285,08287957
252,65916444
268,36206296
300,26217075
315,42695787
296,43229663
267,93573754
298,57476766
302,68686761
313,04986445
291,15991454
318,12605716
281,92252170
281,26468809
299,72775918
272,04193956
331,39003285
287,93575221
329,25426904
342,00448228
303,18049001
307,94180259
280,24878336
302,41820122
321,03371540
327,09405206
311,58916071
305,15955028
307,57279835
281,11347362
326,41274415
257,92911174
312,17832458
288,93312971
297,30237262
291,49093302
277,72552670
302,54128019
325,44329580
305,95539073
302,96884064
304,50258590
348,36026971
301,73592598
309,02692816
313,88306678
338,19601056
284,96957698
316,73241483
354,05016337
272,22623224
306,56527368
348,93558234
261,62596667
274,44175872
314,21111670
333,26855698
328,19310649
247,41660048
274,72323481
255,28822716
314,24950425
331,20478891
277,36086399
297,82306195
325,89755078
294,14064828
321,22669003
312,14444396
244,42740481
313,88618758
304,79241574
270,39800888
304,66203913
267,93105251
326,46019696
280,39163963
287,13978682
291,46692293
298,38373226
281,06192496
271,49326583
228,49974234
334,16870060
278,59820231
276,37697046
294,38429139
324,00683849
238,05157339
319,49686182
302,14852973
317,44112971
311,55572352
280,65227534
301,20069811
313,17254446
320,18633708
289,29605784
348,35484106
292,08334317
275,00141418
295,18272970
290,84884191
329,19787604
344,82790503
267,69128738
332,91577987
247,76277364
267,76662068
312,42635574
262,39082677
271,71480869
310,13257913
297,83001478
279,62162873
297,81443244
326,63631877
300,34029360
305,60523017
295,45034922
292,63680866
292,69165791
288,02807273
308,71852771
264,62020820
311,27454315
327,01394455
279,50567525
300,85914571
242,71657919
305,17231943
333,38998171
308,73191429
279,93719965
280,35277181
301,75455798
330,62749616
251,62636004
350,91198702
263,57223193
329,81098493
293,61000410
335,69136077
288,75059435
336,51925017
313,61713929
278,60345322
334,29847040
279,29774386
302,55180674
290,73458404
254,64386151
286,66499875
286,86354114
347,63590358
317,91662961
286,06604100
328,14258592
310,32533755
328,20038981
286,66345497
332,52825462
294,85633591
341,19204165
284,43883224
325,08380098
272,03163488
298,02169680
323,52712374
351,93196907
305,02334144
281,64893865
259,00223274
288,69435711
276,72745563
320,78534981
329,85185505
270,10365647
318,42661461
315,13942877
301,06278738
310,71578702
319,80111366
279,86847316
268,53073433
319,66282658
329,34998157
337,91424778
328,74993210
294,87937248
285,95942311
281,36727311
278,39112599
285,90501579
279,09326208
289,63998250
287,78202927
295,09559427
284,13588173
291,22272888
254,64290838
289,02467542
307,26925369
290,98050553
302,14028319
267,98955255
262,47020559
282,47878539
286,21145451
309,57061055
314,58962455
316,79794658
303,33438717
308,02962105
305,97671888
276,28993340
278,30565026
294,06825697
307,04218952
268,45522794
307,24357727
295,64637381
251,66352749
302,62189224
277,63787503
258,64714929
299,44893419
316,27911732
273,16566724
310,26581809
271,71680901
281,34030614
360,40185539
286,36492967
315,94543652
291,57421791
297,59758946
315,37725864
257,64795471
296,56637646
329,66856537
356,53393675
284,45950794
313,12491943
322,21427728
266,68198456
307,63291117
335,44816943
291,26802899
364,90206849
328,21734796
325,50311332
338,70582543
318,30822268
274,93887149
279,45629696
306,43630185
288,85758835
319,79058737
337,63337614
313,37684934
282,39039268
347,02294789
327,77102873
290,05724957
264,31885636
273,63476744
342,02102401
301,58612139
321,59625190
266,24541246
299,04074252
317,11631850
320,87866065
277,38014789
340,29215482
305,84142581
348,56007934
304,11433922
291,50054348
294,06653800
314,75229069
317,32261294
295,15164065
272,36015668
347,27263955
313,43093736
328,68674462
321,82678961
339,58086924
331,50539287
296,82598780
317,85697073
326,03643646
277,78373462
280,70064069
329,45774474
316,99882495
268,60524718
279,46204086
274,59182829
325,22962965
314,80795653
320,62755613
355,82922977
272,09138503
322,96709715
314,58729045
286,15336055
338,79728936
298,68107890
325,83947556
261,04576754
289,78665980
329,62661597
351,56953077
320,73182313
288,45458347
299,14468259
302,38512414
253,70700564
290,08253505
293,47621690
291,72454864
285,59831264
262,75523625
309,35816638
312,35548341
280,94195155
278,88191320
306,71042922
300,50701329
297,92296395
295,14379832
302,11628970
297,08699549
287,47173038
347,88499999
339,42207581
281,63545860
305,15626143
287,87299081
307,16439969
268,88474963
274,28006002
319,82539361
310,69068904
319,54796467
300,89459665
324,38285499
287,25868097
262,19449660
304,05949745
324,81673958
265,73575906
315,19999772
319,42198589
259,47124328
337,62713030
268,62538516
352,22021482
337,46547183
294,21967275
257,83577985
308,90616983
281,01065544
323,77508103
287,64314604
283,22867912
305,56018307
328,64427215
305,29727250
314,74332628
261,91221604
318,84610464
274,94644103
323,34677031
305,08807311
350,37927862
314,48164366
248,19625231
278,17227039
343,81731926
327,01427860
283,00536853
253,70388233
295,23994332
339,03122064
310,71175494
277,67749065
295,97331603
321,42623719
295,71083459
287,49071599
289,34458957
301,29036591
296,88307211
286,20888422
299,03901054
291,87082706
332,31224914
279,23563888
335,26095527
344,20004886
275,27264652
296,05028747
285,59012252
283,97520567
327,46708591
311,90188442
337,83724171
290,89009130
310,69929684
281,27787639
302,27076791
277,06454381
286,19681086
272,20773505
294,07009011
343,27798430
334,55802739
326,24922479
334,03463037
285,80051206
327,94337970
325,59812505
328,48736143
300,18529192
325,77772705
257,18207122
309,16700426
313,57578350
289,24778886
279,29804962
306,29450410
258,84551688
288,95977139
296,50800768
282,87532283
309,51214114
296,51514215
319,33558386
263,48108004
302,80942900
296,27541063
279,25850871
284,15989531
310,35178572
301,35472723
293,71933015
329,23355256
318,55532161
300,64605276
283,83175230
314,69001442
316,74445272
250,16162434
294,05623147
312,04218045
265,76412065
255,23551528
293,61707138
304,98751302
323,39524155
296,96890555
306,48039127
297,99479298
327,00422469
303,56088266
318,21157925
308,26129271
294,43727643
324,75356087
313,32850586
298,81518086
338,84640980
289,29485016
308,35380255
319,49495443
333,76713192
346,52918465
319,38913198
323,31528236
310,73406568
307,52538732
314,15770940
284,27827141
340,13762596
313,67951070
314,33514205
282,00839300
379,33707752
301,72038220
297,31922580
288,86344644
323,03709695
300,64654896
253,11637085
321,21214139
304,67678742
276,87584134
305,72044974
281,96633158
286,78040569
304,18856635
333,53256575
366,49284509
315,70973232
314,71128387
345,00221467
314,99930373
296,79200353
289,12922815
300,67421775
285,77827734
271,81873706
290,75181940
291,35885084
329,83289894
283,90066044
331,21703593
318,90712155
323,77500660
289,66333517
292,18159904
322,23750972
299,82742226
322,16210707
314,41493645
304,67860609
305,47506044
356,44111705
279,21754862
312,73590355
304,24667888
283,43564199
318,28446226
288,19761296
276,35223940
286,33707544
284,00838664
274,85272507
267,11053496
298,24505682
344,14178862
268,27311582
282,24724435
277,40338082
287,81924533
300,11313596
299,23017838
297,33205015
308,90179941
294,15026387
280,30917491
323,39715922
289,91067178
338,57548840
337,08955162
309,63868677
286,08400986
307,39755569
310,20313051
295,24170096
265,40855731
312,48312611
282,69573577
338,05226127
298,56610217
308,63297896
300,61573966
275,94114605
284,67007618
300,35937646
307,81879603
322,08107199
332,67897476
286,88272750
296,99474522
308,92254768
311,30861818
300,88286873
320,43694048
283,61040218
285,39642671
287,47419068
280,11367857
260,58747873
274,44355402
322,16599638
279,98087630
311,45740048
321,60298233
286,46690250
294,70169603
308,82068724
278,44880019
247,97874155
289,75733478
306,26546979
272,29805178
276,51152291
303,13194647
281,04866192
292,02041037
295,93124985
312,91117294
335,58406855
259,57669991
258,55508432
255,06173124
289,88938536
311,96197297
275,61526327
308,65109978
259,43185899
360,67306748
295,33841627
318,73553631
276,50439420
301,52135441
273,02744764
322,15416725
351,33918328
307,39911280
299,15837771
296,33259982
310,98751932
263,15939956
262,99512351
282,07562538
311,68799523
289,49990252
292,37930781
283,65440589
247,44542959
262,61442154
306,32098885
315,92138710
343,64489576
330,64735317
344,26257743
350,20893445
280,42098654
310,44113888
343,56962479
290,02009823
245,64365437
280,93654104
301,83231100
306,32743908
260,58680859
263,66956213
276,95451773
333,95027438
341,71718413
333,72504390
320,09077891
295,66972523
328,16001690
321,33861942
305,28905871
326,52008138
297,70521446
271,57294776
226,39389035
330,87062952
314,75180929
250,68733670
284,36750523
263,79346949
291,01421125
305,20608610
269,21227352
277,96858943
322,34115383
313,96614773
289,65033558
273,11540165
305,78254616
287,72584485
331,77504081
321,36255084
305,20872056
270,98191671
257,95393844
297,51094558
270,39425927
316,97483538
332,34441094
296,95177822
304,37968526
268,04277768
308,87927631
292,38606420
281,17770333
326,69289828
297,87069587
277,60202106
288,66638925
272,53788233
288,71078829
305,62999148
269,91821824
293,98446068
319,49051559
308,84391455
297,26509455
277,00197453
316,95078808
303,16944359
301,49960883
296,32933217
256,39189327
273,83080950
257,28632710
310,62856252
319,27422547
320,13598122
294,82577871
294,19385684
317,85346343
271,66612864
311,69320927
318,04141096
280,36292189
344,52551165
306,83002990
274,42151482
278,25445850
311,68266699
276,01877522
308,92799947
313,61457641
305,67640750
287,18212595
289,49101942
298,24390275
303,70756412
337,69557732
263,28260449
280,41349063
301,56085777
299,42879725
307,29516284
341,97182519
311,41068486
291,54514175
295,45954116
327,06609198
287,50121578
294,41437722
293,61552357
269,29656120
293,66489174
294,61104933
306,00058682
286,04114567
297,50748316
288,59040730
322,37823590
275,26853633
280,90952608
288,89744418
289,59446067
292,22973905
286,85543362
288,34801697
271,88878742
324,69122125
294,85825432
295,24905556
320,13590562
304,42768250
301,88962569
275,99161143
303,95787587
296,84070593
294,66453209
310,18867983
252,08648956
339,09450233
334,21568830
276,93442874
301,13717329
310,53825770
287,11499888
307,60553779
275,84177186
271,82017046
296,99413052
325,03530877
285,23051527
259,92907418
314,90698585
337,93943625
286,67351554
304,26535148
325,95980984
271,39448884
280,80882144
282,88948362
297,89218266
292,66215643
288,32363762
307,00733040
335,98376069
316,28661156
311,62877502
278,17935869
293,26037337
290,30745951
281,11963673
278,62908072
329,35277089
309,65224662
276,12011380
324,19235082
298,99385551
340,17440645
294,72573301
303,79366949
310,99760870
295,70748995
273,76512324
330,35802408
301,58212426
311,09203795
291,99927260
302,74603879
253,76667721
314,94240428
294,68152479
319,52995799
290,70259121
325,27414660
278,96280242
323,65437003
283,06009716
283,58332018
320,01460518
306,96559304
317,15563193
311,93079271
354,86633096
322,02282778
331,65645459
295,19898400
313,42575923
336,26480612
269,51735265
325,00008011
296,78676350
289,48177233
317,84226622
289,66096781
272,39274117
302,54380178
359,58261525
311,42712915
280,16360981
297,00722990
312,70786746
263,40008252
284,58450142
300,49980107
306,64731129
298,34366922
326,99165338
334,67402355
314,54651818
281,00517843
252,14539005
324,24533206
293,58538457
293,76784433
299,91098060
355,46087222
338,31572474
337,12033296
271,62222131
267,73350354
293,72145148
331,77754708
296,02294083
292,14496772
271,28381151
331,06951006
276,79423794
284,88918175
330,03027920
280,12066133
326,34122337
293,71950381
280,66900520
314,83461080
314,19894339
279,85564074
332,82268164
315,49300149
285,06492366
276,73374079
312,64157624
319,26919952
261,77045766
347,71182875
318,57027676
319,58939847
300,49534434
285,16143769
286,41715559
313,76591702
341,03955008
321,32476193
273,31684847
266,07495663
308,27126266
325,64754100
273,86978884
293,48082509
317,08702360
331,82248789
294,30693271
266,66790745
261,46597449
335,41274272
305,35652554
332,74163706
284,97487133
281,01457701
308,48790960
259,47562492
294,06883485
329,28445362
287,83365519
299,47976508
309,05159012
263,52711421
252,49972391
335,87813218
299,70899041
314,43365752
292,78343815
270,40882500
309,19563904
286,26960930
324,08652937
326,37704178
265,66889301
300,11623823
324,35422658
273,72267572
337,05339160
333,34784482
356,47230943
286,69692188
345,78230806
329,39549153
266,10357073
292,87711997
310,06763029
281,80359392
285,52722112
315,48942517
316,06809290
291,27446556
327,93136594
283,73371073
309,52427426
289,83589316
325,62731233
320,14378311
290,24398806
321,25764481
288,97726118
280,27558085
310,55238961
299,81057778
314,29752474
311,87823486
304,00745169
242,32202778
285,38099740
271,88431995
294,01622999
306,96156537
271,19496661
302,52243700
286,60835041
336,63969814
300,21630595
280,58342843
343,14054650
235,15331407
297,80177741
293,37833489
255,65915662
318,29631864
288,50345495
269,96056954
268,41168673
282,89923027
246,55929157
313,81967838
319,00628332
284,05861683
281,46123790
325,15525129
325,51008625
307,00501354
287,63411329
305,53426082
308,51434867
258,29995068
307,56823292
315,75889211
313,82320386
329,52945018
265,28890221
286,37170163
300,71193654
289,23956152
323,62732668
299,10420055
321,23435656
290,44271601
301,28582293
305,95982560
316,00395541
293,94395934
333,47566110
310,78178770
303,16246621
301,29234098
283,46861070
288,45434086
314,56416047
288,03080457
304,46936733
317,71450226
329,12068721
328,14945409
290,62250999
302,89050984
269,76245071
302,86257765
323,21583083
269,67063530
314,84882360
296,56493461
291,26313172
298,25769373
276,50255675
335,46606443
292,91256620
290,24919244
276,75852334
300,04907428
318,09555217
287,68744778
308,50759719
331,61790507
293,78667265
322,98908655
272,88779036
306,31501739
336,42958993
322,20738311
322,42113449
312,23887756
321,91537428
290,09333150
265,39830212
336,48095484
276,08068439
291,15174565
279,95023135
356,96424484
299,09562296
315,26876245
278,49042291
320,85231845
291,74982839
322,87907090
266,14830920
311,42719306
272,65457524
312,94861515
290,28905821
262,56331117
293,37936156
283,06201911
278,74552301
307,25871513
280,92950502
314,17969236
333,86881908
317,33576328
317,60082340
293,45406445
320,52090295
282,72678784
292,79807828
354,49191211
288,49841226
327,19387576
302,99902346
301,17372748
279,84730120
284,33827115
287,78710860
274,45639022
276,95713407
351,87924757
279,55206292
305,58851556
319,01044910
271,30709456
334,00103936
312,63059107
288,74494675
298,47641388
314,29958468
314,82641025
359,33612953
297,65976419
259,91040590
311,02372519
306,18617133
308,44947734
337,32677539
302,77262773
309,71629264
333,95607839
274,03184208
293,86236649
318,73332020
320,44597213
307,41301054
299,31067295
297,09117666
295,72131211
328,89623155
237,26622040
287,63470878
319,12499568
294,51464189
275,57035332
311,45757969
268,00114000
